-- Generated by scripts/generate-seed-sql.mjs. Do not edit by hand.
-- Re-run `make db-seed` after changing JSON source data.

BEGIN;
DELETE FROM ui_translations;
DELETE FROM country_languages;
INSERT INTO languages (
    code, name, native_name, status, source_data, updated_at
  )
  VALUES (
    'de',
    'German',
    'Deutsch',
    'active',
    '{"code":"de","name":"German","nativeName":"Deutsch","status":"active"}'::jsonb,
    now()
  )
  ON CONFLICT (code) DO UPDATE SET
    name = EXCLUDED.name,
    native_name = EXCLUDED.native_name,
    status = EXCLUDED.status,
    source_data = EXCLUDED.source_data,
    updated_at = now();
INSERT INTO languages (
    code, name, native_name, status, source_data, updated_at
  )
  VALUES (
    'en',
    'English',
    'English',
    'draft',
    '{"code":"en","name":"English","nativeName":"English","status":"draft"}'::jsonb,
    now()
  )
  ON CONFLICT (code) DO UPDATE SET
    name = EXCLUDED.name,
    native_name = EXCLUDED.native_name,
    status = EXCLUDED.status,
    source_data = EXCLUDED.source_data,
    updated_at = now();
INSERT INTO languages (
    code, name, native_name, status, source_data, updated_at
  )
  VALUES (
    'fr',
    'French',
    'Français',
    'planned',
    '{"code":"fr","name":"French","nativeName":"Français","status":"planned"}'::jsonb,
    now()
  )
  ON CONFLICT (code) DO UPDATE SET
    name = EXCLUDED.name,
    native_name = EXCLUDED.native_name,
    status = EXCLUDED.status,
    source_data = EXCLUDED.source_data,
    updated_at = now();
INSERT INTO languages (
    code, name, native_name, status, source_data, updated_at
  )
  VALUES (
    'hu',
    'Hungarian',
    'Magyar',
    'planned',
    '{"code":"hu","name":"Hungarian","nativeName":"Magyar","status":"planned"}'::jsonb,
    now()
  )
  ON CONFLICT (code) DO UPDATE SET
    name = EXCLUDED.name,
    native_name = EXCLUDED.native_name,
    status = EXCLUDED.status,
    source_data = EXCLUDED.source_data,
    updated_at = now();
INSERT INTO languages (
    code, name, native_name, status, source_data, updated_at
  )
  VALUES (
    'id',
    'Indonesian',
    'Bahasa Indonesia',
    'planned',
    '{"code":"id","name":"Indonesian","nativeName":"Bahasa Indonesia","status":"planned"}'::jsonb,
    now()
  )
  ON CONFLICT (code) DO UPDATE SET
    name = EXCLUDED.name,
    native_name = EXCLUDED.native_name,
    status = EXCLUDED.status,
    source_data = EXCLUDED.source_data,
    updated_at = now();
INSERT INTO languages (
    code, name, native_name, status, source_data, updated_at
  )
  VALUES (
    'it',
    'Italian',
    'Italiano',
    'planned',
    '{"code":"it","name":"Italian","nativeName":"Italiano","status":"planned"}'::jsonb,
    now()
  )
  ON CONFLICT (code) DO UPDATE SET
    name = EXCLUDED.name,
    native_name = EXCLUDED.native_name,
    status = EXCLUDED.status,
    source_data = EXCLUDED.source_data,
    updated_at = now();
INSERT INTO languages (
    code, name, native_name, status, source_data, updated_at
  )
  VALUES (
    'ms',
    'Malay',
    'Bahasa Melayu',
    'planned',
    '{"code":"ms","name":"Malay","nativeName":"Bahasa Melayu","status":"planned"}'::jsonb,
    now()
  )
  ON CONFLICT (code) DO UPDATE SET
    name = EXCLUDED.name,
    native_name = EXCLUDED.native_name,
    status = EXCLUDED.status,
    source_data = EXCLUDED.source_data,
    updated_at = now();
INSERT INTO languages (
    code, name, native_name, status, source_data, updated_at
  )
  VALUES (
    'pl',
    'Polish',
    'Polski',
    'planned',
    '{"code":"pl","name":"Polish","nativeName":"Polski","status":"planned"}'::jsonb,
    now()
  )
  ON CONFLICT (code) DO UPDATE SET
    name = EXCLUDED.name,
    native_name = EXCLUDED.native_name,
    status = EXCLUDED.status,
    source_data = EXCLUDED.source_data,
    updated_at = now();
INSERT INTO languages (
    code, name, native_name, status, source_data, updated_at
  )
  VALUES (
    'ru',
    'Russian',
    'Русский',
    'planned',
    '{"code":"ru","name":"Russian","nativeName":"Русский","status":"planned"}'::jsonb,
    now()
  )
  ON CONFLICT (code) DO UPDATE SET
    name = EXCLUDED.name,
    native_name = EXCLUDED.native_name,
    status = EXCLUDED.status,
    source_data = EXCLUDED.source_data,
    updated_at = now();
INSERT INTO languages (
    code, name, native_name, status, source_data, updated_at
  )
  VALUES (
    'sk',
    'Slovak',
    'Slovenčina',
    'draft',
    '{"code":"sk","name":"Slovak","nativeName":"Slovenčina","status":"draft"}'::jsonb,
    now()
  )
  ON CONFLICT (code) DO UPDATE SET
    name = EXCLUDED.name,
    native_name = EXCLUDED.native_name,
    status = EXCLUDED.status,
    source_data = EXCLUDED.source_data,
    updated_at = now();
INSERT INTO languages (
    code, name, native_name, status, source_data, updated_at
  )
  VALUES (
    'th',
    'Thai',
    'ไทย',
    'planned',
    '{"code":"th","name":"Thai","nativeName":"ไทย","status":"planned"}'::jsonb,
    now()
  )
  ON CONFLICT (code) DO UPDATE SET
    name = EXCLUDED.name,
    native_name = EXCLUDED.native_name,
    status = EXCLUDED.status,
    source_data = EXCLUDED.source_data,
    updated_at = now();
INSERT INTO languages (
    code, name, native_name, status, source_data, updated_at
  )
  VALUES (
    'tr',
    'Turkish',
    'Türkçe',
    'planned',
    '{"code":"tr","name":"Turkish","nativeName":"Türkçe","status":"planned"}'::jsonb,
    now()
  )
  ON CONFLICT (code) DO UPDATE SET
    name = EXCLUDED.name,
    native_name = EXCLUDED.native_name,
    status = EXCLUDED.status,
    source_data = EXCLUDED.source_data,
    updated_at = now();
INSERT INTO countries (
    code, slug, flag_emoji, name, native_name, language_code, region, market_tier,
    currency_code, status, priority, market_notes, design_hints, content_focus,
    source_data, updated_at
  )
  VALUES (
    'de',
    'deutschland',
    '🇩🇪',
    'Germany',
    'Deutschland',
    'de',
    'DACH',
    'premium_touring',
    'EUR',
    'active',
    1,
    'Schnelle Entlastung zuerst, danach OEM-Komfortsitz, Sattler oder Premium-Aftermarket.',
    '{"tone":"technical, trustworthy, touring-focused","imagery":"touring motorcycles, workshops, product comparison","density":"medium"}'::jsonb,
    '["quick relief pads","BMW and Suzuki touring references","OEM comfort seats","Wunderlich, Touratech, Sargent and local upholsterers","transparent long-distance comfort tradeoffs"]'::jsonb,
    '{"code":"de","flagEmoji":"🇩🇪","slug":"deutschland","name":"Germany","nativeName":"Deutschland","primaryLanguage":"de","languages":["de"],"region":"DACH","marketTier":"premium_touring","currency":"EUR","seatStrategy":"Schnelle Entlastung zuerst, danach OEM-Komfortsitz, Sattler oder Premium-Aftermarket.","defaultPath":"/de/","status":"active","priority":1,"notes":"Pilot market for the first public Moto Seat Lab version.","designHints":{"tone":"technical, trustworthy, touring-focused","imagery":"touring motorcycles, workshops, product comparison","density":"medium"},"contentFocus":["quick relief pads","BMW and Suzuki touring references","OEM comfort seats","Wunderlich, Touratech, Sargent and local upholsterers","transparent long-distance comfort tradeoffs"]}'::jsonb,
    now()
  )
  ON CONFLICT (code) DO UPDATE SET
    slug = EXCLUDED.slug,
    flag_emoji = EXCLUDED.flag_emoji,
    name = EXCLUDED.name,
    native_name = EXCLUDED.native_name,
    language_code = EXCLUDED.language_code,
    region = EXCLUDED.region,
    market_tier = EXCLUDED.market_tier,
    currency_code = EXCLUDED.currency_code,
    status = EXCLUDED.status,
    priority = EXCLUDED.priority,
    market_notes = EXCLUDED.market_notes,
    design_hints = EXCLUDED.design_hints,
    content_focus = EXCLUDED.content_focus,
    source_data = EXCLUDED.source_data,
    updated_at = now();
INSERT INTO country_languages (
      country_code, language_code, is_primary, priority, source_data
    )
    VALUES (
      'de',
      'de',
      true,
      1,
      '{"countryCode":"de","languageCode":"de","primaryLanguage":"de"}'::jsonb
    )
    ON CONFLICT (country_code, language_code) DO UPDATE SET
      is_primary = EXCLUDED.is_primary,
      priority = EXCLUDED.priority,
      source_data = EXCLUDED.source_data;
INSERT INTO countries (
    code, slug, flag_emoji, name, native_name, language_code, region, market_tier,
    currency_code, status, priority, market_notes, design_hints, content_focus,
    source_data, updated_at
  )
  VALUES (
    'at',
    'oesterreich',
    '🇦🇹',
    'Austria',
    'Österreich',
    'de',
    'DACH',
    'premium_touring',
    'EUR',
    'planned',
    2,
    'Alpine touring comfort, weather resistance and local upholsterer options.',
    '{"tone":"practical touring","imagery":"alpine roads and touring motorcycles","density":"medium"}'::jsonb,
    '["touring","alpine weather","seat heating","local workshops"]'::jsonb,
    '{"code":"at","flagEmoji":"🇦🇹","slug":"oesterreich","name":"Austria","nativeName":"Österreich","primaryLanguage":"de","languages":["de"],"region":"DACH","marketTier":"premium_touring","currency":"EUR","seatStrategy":"Alpine touring comfort, weather resistance and local upholsterer options.","defaultPath":"/de/","status":"planned","priority":2,"notes":"Can initially reuse German copy with Austria-specific buying channels.","designHints":{"tone":"practical touring","imagery":"alpine roads and touring motorcycles","density":"medium"},"contentFocus":["touring","alpine weather","seat heating","local workshops"]}'::jsonb,
    now()
  )
  ON CONFLICT (code) DO UPDATE SET
    slug = EXCLUDED.slug,
    flag_emoji = EXCLUDED.flag_emoji,
    name = EXCLUDED.name,
    native_name = EXCLUDED.native_name,
    language_code = EXCLUDED.language_code,
    region = EXCLUDED.region,
    market_tier = EXCLUDED.market_tier,
    currency_code = EXCLUDED.currency_code,
    status = EXCLUDED.status,
    priority = EXCLUDED.priority,
    market_notes = EXCLUDED.market_notes,
    design_hints = EXCLUDED.design_hints,
    content_focus = EXCLUDED.content_focus,
    source_data = EXCLUDED.source_data,
    updated_at = now();
INSERT INTO country_languages (
      country_code, language_code, is_primary, priority, source_data
    )
    VALUES (
      'at',
      'de',
      true,
      1,
      '{"countryCode":"at","languageCode":"de","primaryLanguage":"de"}'::jsonb
    )
    ON CONFLICT (country_code, language_code) DO UPDATE SET
      is_primary = EXCLUDED.is_primary,
      priority = EXCLUDED.priority,
      source_data = EXCLUDED.source_data;
INSERT INTO countries (
    code, slug, flag_emoji, name, native_name, language_code, region, market_tier,
    currency_code, status, priority, market_notes, design_hints, content_focus,
    source_data, updated_at
  )
  VALUES (
    'ch',
    'schweiz',
    '🇨🇭',
    'Switzerland',
    'Schweiz',
    'de',
    'DACH',
    'premium_touring',
    'CHF',
    'planned',
    3,
    'Premium advice with multilingual routing and high trust requirements.',
    '{"tone":"precise, premium, restrained","imagery":"mountain touring, quality workshop detail","density":"medium"}'::jsonb,
    '["premium saddles","multilingual content","high-quality fitment data"]'::jsonb,
    '{"code":"ch","flagEmoji":"🇨🇭","slug":"schweiz","name":"Switzerland","nativeName":"Schweiz","primaryLanguage":"de","languages":["de","fr","it"],"region":"DACH","marketTier":"premium_touring","currency":"CHF","seatStrategy":"Premium advice with multilingual routing and high trust requirements.","defaultPath":"/de/","status":"planned","priority":3,"notes":"Needs German, French and Italian variants when the Swiss market is activated.","designHints":{"tone":"precise, premium, restrained","imagery":"mountain touring, quality workshop detail","density":"medium"},"contentFocus":["premium saddles","multilingual content","high-quality fitment data"]}'::jsonb,
    now()
  )
  ON CONFLICT (code) DO UPDATE SET
    slug = EXCLUDED.slug,
    flag_emoji = EXCLUDED.flag_emoji,
    name = EXCLUDED.name,
    native_name = EXCLUDED.native_name,
    language_code = EXCLUDED.language_code,
    region = EXCLUDED.region,
    market_tier = EXCLUDED.market_tier,
    currency_code = EXCLUDED.currency_code,
    status = EXCLUDED.status,
    priority = EXCLUDED.priority,
    market_notes = EXCLUDED.market_notes,
    design_hints = EXCLUDED.design_hints,
    content_focus = EXCLUDED.content_focus,
    source_data = EXCLUDED.source_data,
    updated_at = now();
INSERT INTO country_languages (
      country_code, language_code, is_primary, priority, source_data
    )
    VALUES (
      'ch',
      'de',
      true,
      1,
      '{"countryCode":"ch","languageCode":"de","primaryLanguage":"de"}'::jsonb
    )
    ON CONFLICT (country_code, language_code) DO UPDATE SET
      is_primary = EXCLUDED.is_primary,
      priority = EXCLUDED.priority,
      source_data = EXCLUDED.source_data;
INSERT INTO country_languages (
      country_code, language_code, is_primary, priority, source_data
    )
    VALUES (
      'ch',
      'fr',
      false,
      2,
      '{"countryCode":"ch","languageCode":"fr","primaryLanguage":"de"}'::jsonb
    )
    ON CONFLICT (country_code, language_code) DO UPDATE SET
      is_primary = EXCLUDED.is_primary,
      priority = EXCLUDED.priority,
      source_data = EXCLUDED.source_data;
INSERT INTO country_languages (
      country_code, language_code, is_primary, priority, source_data
    )
    VALUES (
      'ch',
      'it',
      false,
      3,
      '{"countryCode":"ch","languageCode":"it","primaryLanguage":"de"}'::jsonb
    )
    ON CONFLICT (country_code, language_code) DO UPDATE SET
      is_primary = EXCLUDED.is_primary,
      priority = EXCLUDED.priority,
      source_data = EXCLUDED.source_data;
INSERT INTO countries (
    code, slug, flag_emoji, name, native_name, language_code, region, market_tier,
    currency_code, status, priority, market_notes, design_hints, content_focus,
    source_data, updated_at
  )
  VALUES (
    'fr',
    'france',
    '🇫🇷',
    'France',
    'France',
    'fr',
    'EU',
    'mixed_touring_commuter',
    'EUR',
    'planned',
    4,
    'Balance touring comfort with local artisans and practical commuting fixes.',
    '{"tone":"clear, practical, less technical at entry","imagery":"road touring and workshop craft","density":"medium"}'::jsonb,
    '["commuting","touring","local saddlers","seat covers"]'::jsonb,
    '{"code":"fr","flagEmoji":"🇫🇷","slug":"france","name":"France","nativeName":"France","primaryLanguage":"fr","languages":["fr"],"region":"EU","marketTier":"mixed_touring_commuter","currency":"EUR","seatStrategy":"Balance touring comfort with local artisans and practical commuting fixes.","defaultPath":"/de/","status":"planned","priority":4,"notes":"Requires French copy and local marketplace/saddler research.","designHints":{"tone":"clear, practical, less technical at entry","imagery":"road touring and workshop craft","density":"medium"},"contentFocus":["commuting","touring","local saddlers","seat covers"]}'::jsonb,
    now()
  )
  ON CONFLICT (code) DO UPDATE SET
    slug = EXCLUDED.slug,
    flag_emoji = EXCLUDED.flag_emoji,
    name = EXCLUDED.name,
    native_name = EXCLUDED.native_name,
    language_code = EXCLUDED.language_code,
    region = EXCLUDED.region,
    market_tier = EXCLUDED.market_tier,
    currency_code = EXCLUDED.currency_code,
    status = EXCLUDED.status,
    priority = EXCLUDED.priority,
    market_notes = EXCLUDED.market_notes,
    design_hints = EXCLUDED.design_hints,
    content_focus = EXCLUDED.content_focus,
    source_data = EXCLUDED.source_data,
    updated_at = now();
INSERT INTO country_languages (
      country_code, language_code, is_primary, priority, source_data
    )
    VALUES (
      'fr',
      'fr',
      true,
      1,
      '{"countryCode":"fr","languageCode":"fr","primaryLanguage":"fr"}'::jsonb
    )
    ON CONFLICT (country_code, language_code) DO UPDATE SET
      is_primary = EXCLUDED.is_primary,
      priority = EXCLUDED.priority,
      source_data = EXCLUDED.source_data;
INSERT INTO countries (
    code, slug, flag_emoji, name, native_name, language_code, region, market_tier,
    currency_code, status, priority, market_notes, design_hints, content_focus,
    source_data, updated_at
  )
  VALUES (
    'it',
    'italia',
    '🇮🇹',
    'Italy',
    'Italia',
    'it',
    'EU',
    'mixed_touring_style',
    'EUR',
    'planned',
    5,
    'Comfort plus style, covers, stitching and artisan upgrades.',
    '{"tone":"visual, style-aware, still honest","imagery":"seat detail, stitching, touring roads","density":"medium"}'::jsonb,
    '["seat covers","artisan work","style and comfort","touring"]'::jsonb,
    '{"code":"it","flagEmoji":"🇮🇹","slug":"italia","name":"Italy","nativeName":"Italia","primaryLanguage":"it","languages":["it"],"region":"EU","marketTier":"mixed_touring_style","currency":"EUR","seatStrategy":"Comfort plus style, covers, stitching and artisan upgrades.","defaultPath":"/de/","status":"planned","priority":5,"notes":"Needs Italian copy and product visuals with clear rights.","designHints":{"tone":"visual, style-aware, still honest","imagery":"seat detail, stitching, touring roads","density":"medium"},"contentFocus":["seat covers","artisan work","style and comfort","touring"]}'::jsonb,
    now()
  )
  ON CONFLICT (code) DO UPDATE SET
    slug = EXCLUDED.slug,
    flag_emoji = EXCLUDED.flag_emoji,
    name = EXCLUDED.name,
    native_name = EXCLUDED.native_name,
    language_code = EXCLUDED.language_code,
    region = EXCLUDED.region,
    market_tier = EXCLUDED.market_tier,
    currency_code = EXCLUDED.currency_code,
    status = EXCLUDED.status,
    priority = EXCLUDED.priority,
    market_notes = EXCLUDED.market_notes,
    design_hints = EXCLUDED.design_hints,
    content_focus = EXCLUDED.content_focus,
    source_data = EXCLUDED.source_data,
    updated_at = now();
INSERT INTO country_languages (
      country_code, language_code, is_primary, priority, source_data
    )
    VALUES (
      'it',
      'it',
      true,
      1,
      '{"countryCode":"it","languageCode":"it","primaryLanguage":"it"}'::jsonb
    )
    ON CONFLICT (country_code, language_code) DO UPDATE SET
      is_primary = EXCLUDED.is_primary,
      priority = EXCLUDED.priority,
      source_data = EXCLUDED.source_data;
INSERT INTO countries (
    code, slug, flag_emoji, name, native_name, language_code, region, market_tier,
    currency_code, status, priority, market_notes, design_hints, content_focus,
    source_data, updated_at
  )
  VALUES (
    'sk',
    'slovensko',
    '🇸🇰',
    'Slovakia',
    'Slovensko',
    'sk',
    'CEE',
    'budget_practical',
    'EUR',
    'draft',
    6,
    'Najprv lacná a vratná úľava, potom lokálny čalúnnik alebo DIY.',
    '{"tone":"direct, practical, beginner-friendly","imagery":"DIY steps, affordable fixes, workshop table","density":"medium"}'::jsonb,
    '["rýchla úľava","lacné doplnky","čalúnnik","DIY"]'::jsonb,
    '{"code":"sk","flagEmoji":"🇸🇰","slug":"slovensko","name":"Slovakia","nativeName":"Slovensko","primaryLanguage":"sk","languages":["sk"],"region":"CEE","marketTier":"budget_practical","currency":"EUR","seatStrategy":"Najprv lacná a vratná úľava, potom lokálny čalúnnik alebo DIY.","defaultPath":"/sk/","status":"draft","priority":6,"notes":"Good first non-German language because the project owner can review the copy.","designHints":{"tone":"direct, practical, beginner-friendly","imagery":"DIY steps, affordable fixes, workshop table","density":"medium"},"contentFocus":["rýchla úľava","lacné doplnky","čalúnnik","DIY"]}'::jsonb,
    now()
  )
  ON CONFLICT (code) DO UPDATE SET
    slug = EXCLUDED.slug,
    flag_emoji = EXCLUDED.flag_emoji,
    name = EXCLUDED.name,
    native_name = EXCLUDED.native_name,
    language_code = EXCLUDED.language_code,
    region = EXCLUDED.region,
    market_tier = EXCLUDED.market_tier,
    currency_code = EXCLUDED.currency_code,
    status = EXCLUDED.status,
    priority = EXCLUDED.priority,
    market_notes = EXCLUDED.market_notes,
    design_hints = EXCLUDED.design_hints,
    content_focus = EXCLUDED.content_focus,
    source_data = EXCLUDED.source_data,
    updated_at = now();
INSERT INTO country_languages (
      country_code, language_code, is_primary, priority, source_data
    )
    VALUES (
      'sk',
      'sk',
      true,
      1,
      '{"countryCode":"sk","languageCode":"sk","primaryLanguage":"sk"}'::jsonb
    )
    ON CONFLICT (country_code, language_code) DO UPDATE SET
      is_primary = EXCLUDED.is_primary,
      priority = EXCLUDED.priority,
      source_data = EXCLUDED.source_data;
INSERT INTO countries (
    code, slug, flag_emoji, name, native_name, language_code, region, market_tier,
    currency_code, status, priority, market_notes, design_hints, content_focus,
    source_data, updated_at
  )
  VALUES (
    'hu',
    'magyarorszag',
    '🇭🇺',
    'Hungary',
    'Magyarország',
    'hu',
    'CEE',
    'budget_practical',
    'HUF',
    'planned',
    7,
    'Budget-first relief, local upholsterer research and clear fitment warnings.',
    '{"tone":"practical, value-focused","imagery":"commuting, DIY, workshops","density":"medium"}'::jsonb,
    '["budget relief","local upholsterers","commuting"]'::jsonb,
    '{"code":"hu","flagEmoji":"🇭🇺","slug":"magyarorszag","name":"Hungary","nativeName":"Magyarország","primaryLanguage":"hu","languages":["hu"],"region":"CEE","marketTier":"budget_practical","currency":"HUF","seatStrategy":"Budget-first relief, local upholsterer research and clear fitment warnings.","defaultPath":"/de/","status":"planned","priority":7,"notes":"Requires Hungarian copy and local sourcing research.","designHints":{"tone":"practical, value-focused","imagery":"commuting, DIY, workshops","density":"medium"},"contentFocus":["budget relief","local upholsterers","commuting"]}'::jsonb,
    now()
  )
  ON CONFLICT (code) DO UPDATE SET
    slug = EXCLUDED.slug,
    flag_emoji = EXCLUDED.flag_emoji,
    name = EXCLUDED.name,
    native_name = EXCLUDED.native_name,
    language_code = EXCLUDED.language_code,
    region = EXCLUDED.region,
    market_tier = EXCLUDED.market_tier,
    currency_code = EXCLUDED.currency_code,
    status = EXCLUDED.status,
    priority = EXCLUDED.priority,
    market_notes = EXCLUDED.market_notes,
    design_hints = EXCLUDED.design_hints,
    content_focus = EXCLUDED.content_focus,
    source_data = EXCLUDED.source_data,
    updated_at = now();
INSERT INTO country_languages (
      country_code, language_code, is_primary, priority, source_data
    )
    VALUES (
      'hu',
      'hu',
      true,
      1,
      '{"countryCode":"hu","languageCode":"hu","primaryLanguage":"hu"}'::jsonb
    )
    ON CONFLICT (country_code, language_code) DO UPDATE SET
      is_primary = EXCLUDED.is_primary,
      priority = EXCLUDED.priority,
      source_data = EXCLUDED.source_data;
INSERT INTO countries (
    code, slug, flag_emoji, name, native_name, language_code, region, market_tier,
    currency_code, status, priority, market_notes, design_hints, content_focus,
    source_data, updated_at
  )
  VALUES (
    'pl',
    'polska',
    '🇵🇱',
    'Poland',
    'Polska',
    'pl',
    'CEE',
    'budget_to_mid',
    'PLN',
    'planned',
    8,
    'Strong DIY and workshop angle with mid-price product comparison.',
    '{"tone":"practical, comparison-driven","imagery":"DIY, product comparison, touring","density":"medium"}'::jsonb,
    '["DIY","mid-price upgrades","marketplace checks"]'::jsonb,
    '{"code":"pl","flagEmoji":"🇵🇱","slug":"polska","name":"Poland","nativeName":"Polska","primaryLanguage":"pl","languages":["pl"],"region":"CEE","marketTier":"budget_to_mid","currency":"PLN","seatStrategy":"Strong DIY and workshop angle with mid-price product comparison.","defaultPath":"/de/","status":"planned","priority":8,"notes":"Likely strong community/forum research value.","designHints":{"tone":"practical, comparison-driven","imagery":"DIY, product comparison, touring","density":"medium"},"contentFocus":["DIY","mid-price upgrades","marketplace checks"]}'::jsonb,
    now()
  )
  ON CONFLICT (code) DO UPDATE SET
    slug = EXCLUDED.slug,
    flag_emoji = EXCLUDED.flag_emoji,
    name = EXCLUDED.name,
    native_name = EXCLUDED.native_name,
    language_code = EXCLUDED.language_code,
    region = EXCLUDED.region,
    market_tier = EXCLUDED.market_tier,
    currency_code = EXCLUDED.currency_code,
    status = EXCLUDED.status,
    priority = EXCLUDED.priority,
    market_notes = EXCLUDED.market_notes,
    design_hints = EXCLUDED.design_hints,
    content_focus = EXCLUDED.content_focus,
    source_data = EXCLUDED.source_data,
    updated_at = now();
INSERT INTO country_languages (
      country_code, language_code, is_primary, priority, source_data
    )
    VALUES (
      'pl',
      'pl',
      true,
      1,
      '{"countryCode":"pl","languageCode":"pl","primaryLanguage":"pl"}'::jsonb
    )
    ON CONFLICT (country_code, language_code) DO UPDATE SET
      is_primary = EXCLUDED.is_primary,
      priority = EXCLUDED.priority,
      source_data = EXCLUDED.source_data;
INSERT INTO countries (
    code, slug, flag_emoji, name, native_name, language_code, region, market_tier,
    currency_code, status, priority, market_notes, design_hints, content_focus,
    source_data, updated_at
  )
  VALUES (
    'ru',
    'rossiya',
    '🇷🇺',
    'Russia',
    'Россия',
    'ru',
    'Eurasia',
    'availability_sensitive',
    'RUB',
    'planned',
    9,
    'Availability-first advice, DIY alternatives and broad fitment caveats.',
    '{"tone":"practical, availability-aware","imagery":"workshop, endurance touring","density":"medium"}'::jsonb,
    '["availability","DIY","universal pads","repair"]'::jsonb,
    '{"code":"ru","flagEmoji":"🇷🇺","slug":"rossiya","name":"Russia","nativeName":"Россия","primaryLanguage":"ru","languages":["ru"],"region":"Eurasia","marketTier":"availability_sensitive","currency":"RUB","seatStrategy":"Availability-first advice, DIY alternatives and broad fitment caveats.","defaultPath":"/de/","status":"planned","priority":9,"notes":"Needs careful sourcing and availability disclaimers.","designHints":{"tone":"practical, availability-aware","imagery":"workshop, endurance touring","density":"medium"},"contentFocus":["availability","DIY","universal pads","repair"]}'::jsonb,
    now()
  )
  ON CONFLICT (code) DO UPDATE SET
    slug = EXCLUDED.slug,
    flag_emoji = EXCLUDED.flag_emoji,
    name = EXCLUDED.name,
    native_name = EXCLUDED.native_name,
    language_code = EXCLUDED.language_code,
    region = EXCLUDED.region,
    market_tier = EXCLUDED.market_tier,
    currency_code = EXCLUDED.currency_code,
    status = EXCLUDED.status,
    priority = EXCLUDED.priority,
    market_notes = EXCLUDED.market_notes,
    design_hints = EXCLUDED.design_hints,
    content_focus = EXCLUDED.content_focus,
    source_data = EXCLUDED.source_data,
    updated_at = now();
INSERT INTO country_languages (
      country_code, language_code, is_primary, priority, source_data
    )
    VALUES (
      'ru',
      'ru',
      true,
      1,
      '{"countryCode":"ru","languageCode":"ru","primaryLanguage":"ru"}'::jsonb
    )
    ON CONFLICT (country_code, language_code) DO UPDATE SET
      is_primary = EXCLUDED.is_primary,
      priority = EXCLUDED.priority,
      source_data = EXCLUDED.source_data;
INSERT INTO countries (
    code, slug, flag_emoji, name, native_name, language_code, region, market_tier,
    currency_code, status, priority, market_notes, design_hints, content_focus,
    source_data, updated_at
  )
  VALUES (
    'tr',
    'turkiye',
    '🇹🇷',
    'Turkey',
    'Türkiye',
    'tr',
    'Eurasia',
    'budget_to_mid',
    'TRY',
    'planned',
    10,
    'Daily riding comfort, local workshops and value-focused add-ons.',
    '{"tone":"clear, practical, cost-aware","imagery":"urban riding, workshops, touring","density":"medium"}'::jsonb,
    '["daily riding","local workshops","affordable pads"]'::jsonb,
    '{"code":"tr","flagEmoji":"🇹🇷","slug":"turkiye","name":"Turkey","nativeName":"Türkiye","primaryLanguage":"tr","languages":["tr"],"region":"Eurasia","marketTier":"budget_to_mid","currency":"TRY","seatStrategy":"Daily riding comfort, local workshops and value-focused add-ons.","defaultPath":"/de/","status":"planned","priority":10,"notes":"Needs Turkish copy and local supplier research.","designHints":{"tone":"clear, practical, cost-aware","imagery":"urban riding, workshops, touring","density":"medium"},"contentFocus":["daily riding","local workshops","affordable pads"]}'::jsonb,
    now()
  )
  ON CONFLICT (code) DO UPDATE SET
    slug = EXCLUDED.slug,
    flag_emoji = EXCLUDED.flag_emoji,
    name = EXCLUDED.name,
    native_name = EXCLUDED.native_name,
    language_code = EXCLUDED.language_code,
    region = EXCLUDED.region,
    market_tier = EXCLUDED.market_tier,
    currency_code = EXCLUDED.currency_code,
    status = EXCLUDED.status,
    priority = EXCLUDED.priority,
    market_notes = EXCLUDED.market_notes,
    design_hints = EXCLUDED.design_hints,
    content_focus = EXCLUDED.content_focus,
    source_data = EXCLUDED.source_data,
    updated_at = now();
INSERT INTO country_languages (
      country_code, language_code, is_primary, priority, source_data
    )
    VALUES (
      'tr',
      'tr',
      true,
      1,
      '{"countryCode":"tr","languageCode":"tr","primaryLanguage":"tr"}'::jsonb
    )
    ON CONFLICT (country_code, language_code) DO UPDATE SET
      is_primary = EXCLUDED.is_primary,
      priority = EXCLUDED.priority,
      source_data = EXCLUDED.source_data;
INSERT INTO countries (
    code, slug, flag_emoji, name, native_name, language_code, region, market_tier,
    currency_code, status, priority, market_notes, design_hints, content_focus,
    source_data, updated_at
  )
  VALUES (
    'th',
    'thailand',
    '🇹🇭',
    'Thailand',
    'ไทย',
    'th',
    'SEA',
    'scooter_budget_heat',
    'THB',
    'planned',
    11,
    'Heat, rain, scooter comfort and low-cost reversible add-ons before premium saddles.',
    '{"tone":"simple, visual, mobile-first","imagery":"scooters, mesh covers, rain/heat","density":"low"}'::jsonb,
    '["3D mesh covers","rain and heat","scooters","low-cost pads"]'::jsonb,
    '{"code":"th","flagEmoji":"🇹🇭","slug":"thailand","name":"Thailand","nativeName":"ไทย","primaryLanguage":"th","languages":["th"],"region":"SEA","marketTier":"scooter_budget_heat","currency":"THB","seatStrategy":"Heat, rain, scooter comfort and low-cost reversible add-ons before premium saddles.","defaultPath":"/de/","status":"planned","priority":11,"notes":"Should not lead with expensive European touring seats.","designHints":{"tone":"simple, visual, mobile-first","imagery":"scooters, mesh covers, rain/heat","density":"low"},"contentFocus":["3D mesh covers","rain and heat","scooters","low-cost pads"]}'::jsonb,
    now()
  )
  ON CONFLICT (code) DO UPDATE SET
    slug = EXCLUDED.slug,
    flag_emoji = EXCLUDED.flag_emoji,
    name = EXCLUDED.name,
    native_name = EXCLUDED.native_name,
    language_code = EXCLUDED.language_code,
    region = EXCLUDED.region,
    market_tier = EXCLUDED.market_tier,
    currency_code = EXCLUDED.currency_code,
    status = EXCLUDED.status,
    priority = EXCLUDED.priority,
    market_notes = EXCLUDED.market_notes,
    design_hints = EXCLUDED.design_hints,
    content_focus = EXCLUDED.content_focus,
    source_data = EXCLUDED.source_data,
    updated_at = now();
INSERT INTO country_languages (
      country_code, language_code, is_primary, priority, source_data
    )
    VALUES (
      'th',
      'th',
      true,
      1,
      '{"countryCode":"th","languageCode":"th","primaryLanguage":"th"}'::jsonb
    )
    ON CONFLICT (country_code, language_code) DO UPDATE SET
      is_primary = EXCLUDED.is_primary,
      priority = EXCLUDED.priority,
      source_data = EXCLUDED.source_data;
INSERT INTO countries (
    code, slug, flag_emoji, name, native_name, language_code, region, market_tier,
    currency_code, status, priority, market_notes, design_hints, content_focus,
    source_data, updated_at
  )
  VALUES (
    'id',
    'indonesia',
    '🇮🇩',
    'Indonesia',
    'Indonesia',
    'id',
    'SEA',
    'scooter_budget_heat',
    'IDR',
    'planned',
    12,
    'Scooter and commuter comfort, heat/rain materials, local upholstery and cheap pads.',
    '{"tone":"visual, concise, mobile-first","imagery":"scooters, rain, breathable covers, local workshops","density":"low"}'::jsonb,
    '["scooters","breathable covers","rain","budget"]'::jsonb,
    '{"code":"id","flagEmoji":"🇮🇩","slug":"indonesia","name":"Indonesia","nativeName":"Indonesia","primaryLanguage":"id","languages":["id"],"region":"SEA","marketTier":"scooter_budget_heat","currency":"IDR","seatStrategy":"Scooter and commuter comfort, heat/rain materials, local upholstery and cheap pads.","defaultPath":"/de/","status":"planned","priority":12,"notes":"Country logic should prioritize low-cost add-ons and scooter content.","designHints":{"tone":"visual, concise, mobile-first","imagery":"scooters, rain, breathable covers, local workshops","density":"low"},"contentFocus":["scooters","breathable covers","rain","budget"]}'::jsonb,
    now()
  )
  ON CONFLICT (code) DO UPDATE SET
    slug = EXCLUDED.slug,
    flag_emoji = EXCLUDED.flag_emoji,
    name = EXCLUDED.name,
    native_name = EXCLUDED.native_name,
    language_code = EXCLUDED.language_code,
    region = EXCLUDED.region,
    market_tier = EXCLUDED.market_tier,
    currency_code = EXCLUDED.currency_code,
    status = EXCLUDED.status,
    priority = EXCLUDED.priority,
    market_notes = EXCLUDED.market_notes,
    design_hints = EXCLUDED.design_hints,
    content_focus = EXCLUDED.content_focus,
    source_data = EXCLUDED.source_data,
    updated_at = now();
INSERT INTO country_languages (
      country_code, language_code, is_primary, priority, source_data
    )
    VALUES (
      'id',
      'id',
      true,
      1,
      '{"countryCode":"id","languageCode":"id","primaryLanguage":"id"}'::jsonb
    )
    ON CONFLICT (country_code, language_code) DO UPDATE SET
      is_primary = EXCLUDED.is_primary,
      priority = EXCLUDED.priority,
      source_data = EXCLUDED.source_data;
INSERT INTO countries (
    code, slug, flag_emoji, name, native_name, language_code, region, market_tier,
    currency_code, status, priority, market_notes, design_hints, content_focus,
    source_data, updated_at
  )
  VALUES (
    'my',
    'malaysia',
    '🇲🇾',
    'Malaysia',
    'Malaysia',
    'ms',
    'SEA',
    'scooter_budget_heat',
    'MYR',
    'planned',
    13,
    'Heat/rain comfort, scooter and commuter use, bilingual Malay/English path.',
    '{"tone":"concise, visual, mobile-first","imagery":"commuting, scooters, breathable covers","density":"low"}'::jsonb,
    '["commuting","mesh covers","rain","budget"]'::jsonb,
    '{"code":"my","flagEmoji":"🇲🇾","slug":"malaysia","name":"Malaysia","nativeName":"Malaysia","primaryLanguage":"ms","languages":["ms","en"],"region":"SEA","marketTier":"scooter_budget_heat","currency":"MYR","seatStrategy":"Heat/rain comfort, scooter and commuter use, bilingual Malay/English path.","defaultPath":"/de/","status":"planned","priority":13,"notes":"Can support Malay first with English fallback.","designHints":{"tone":"concise, visual, mobile-first","imagery":"commuting, scooters, breathable covers","density":"low"},"contentFocus":["commuting","mesh covers","rain","budget"]}'::jsonb,
    now()
  )
  ON CONFLICT (code) DO UPDATE SET
    slug = EXCLUDED.slug,
    flag_emoji = EXCLUDED.flag_emoji,
    name = EXCLUDED.name,
    native_name = EXCLUDED.native_name,
    language_code = EXCLUDED.language_code,
    region = EXCLUDED.region,
    market_tier = EXCLUDED.market_tier,
    currency_code = EXCLUDED.currency_code,
    status = EXCLUDED.status,
    priority = EXCLUDED.priority,
    market_notes = EXCLUDED.market_notes,
    design_hints = EXCLUDED.design_hints,
    content_focus = EXCLUDED.content_focus,
    source_data = EXCLUDED.source_data,
    updated_at = now();
INSERT INTO country_languages (
      country_code, language_code, is_primary, priority, source_data
    )
    VALUES (
      'my',
      'ms',
      true,
      1,
      '{"countryCode":"my","languageCode":"ms","primaryLanguage":"ms"}'::jsonb
    )
    ON CONFLICT (country_code, language_code) DO UPDATE SET
      is_primary = EXCLUDED.is_primary,
      priority = EXCLUDED.priority,
      source_data = EXCLUDED.source_data;
INSERT INTO country_languages (
      country_code, language_code, is_primary, priority, source_data
    )
    VALUES (
      'my',
      'en',
      false,
      2,
      '{"countryCode":"my","languageCode":"en","primaryLanguage":"ms"}'::jsonb
    )
    ON CONFLICT (country_code, language_code) DO UPDATE SET
      is_primary = EXCLUDED.is_primary,
      priority = EXCLUDED.priority,
      source_data = EXCLUDED.source_data;
INSERT INTO ui_translations (
      language_code, translation_key, translation_value, status, source_data, updated_at
    )
    VALUES (
      'de',
      'brand.subtitle',
      'Sitzkomfort ohne Blindkauf',
      'active',
      '{"languageCode":"de","key":"brand.subtitle"}'::jsonb,
      now()
    )
    ON CONFLICT (language_code, translation_key) DO UPDATE SET
      translation_value = EXCLUDED.translation_value,
      status = EXCLUDED.status,
      source_data = EXCLUDED.source_data,
      updated_at = now();
INSERT INTO ui_translations (
      language_code, translation_key, translation_value, status, source_data, updated_at
    )
    VALUES (
      'de',
      'nav.start',
      'Start',
      'active',
      '{"languageCode":"de","key":"nav.start"}'::jsonb,
      now()
    )
    ON CONFLICT (language_code, translation_key) DO UPDATE SET
      translation_value = EXCLUDED.translation_value,
      status = EXCLUDED.status,
      source_data = EXCLUDED.source_data,
      updated_at = now();
INSERT INTO ui_translations (
      language_code, translation_key, translation_value, status, source_data, updated_at
    )
    VALUES (
      'de',
      'nav.motorcycles',
      'Motorräder',
      'active',
      '{"languageCode":"de","key":"nav.motorcycles"}'::jsonb,
      now()
    )
    ON CONFLICT (language_code, translation_key) DO UPDATE SET
      translation_value = EXCLUDED.translation_value,
      status = EXCLUDED.status,
      source_data = EXCLUDED.source_data,
      updated_at = now();
INSERT INTO ui_translations (
      language_code, translation_key, translation_value, status, source_data, updated_at
    )
    VALUES (
      'de',
      'nav.solutions',
      'Lösungen',
      'active',
      '{"languageCode":"de","key":"nav.solutions"}'::jsonb,
      now()
    )
    ON CONFLICT (language_code, translation_key) DO UPDATE SET
      translation_value = EXCLUDED.translation_value,
      status = EXCLUDED.status,
      source_data = EXCLUDED.source_data,
      updated_at = now();
INSERT INTO ui_translations (
      language_code, translation_key, translation_value, status, source_data, updated_at
    )
    VALUES (
      'de',
      'nav.buying',
      'Kaufen',
      'active',
      '{"languageCode":"de","key":"nav.buying"}'::jsonb,
      now()
    )
    ON CONFLICT (language_code, translation_key) DO UPDATE SET
      translation_value = EXCLUDED.translation_value,
      status = EXCLUDED.status,
      source_data = EXCLUDED.source_data,
      updated_at = now();
INSERT INTO ui_translations (
      language_code, translation_key, translation_value, status, source_data, updated_at
    )
    VALUES (
      'de',
      'nav.diy',
      'DIY',
      'active',
      '{"languageCode":"de","key":"nav.diy"}'::jsonb,
      now()
    )
    ON CONFLICT (language_code, translation_key) DO UPDATE SET
      translation_value = EXCLUDED.translation_value,
      status = EXCLUDED.status,
      source_data = EXCLUDED.source_data,
      updated_at = now();
INSERT INTO ui_translations (
      language_code, translation_key, translation_value, status, source_data, updated_at
    )
    VALUES (
      'de',
      'nav.images',
      'Bilder',
      'active',
      '{"languageCode":"de","key":"nav.images"}'::jsonb,
      now()
    )
    ON CONFLICT (language_code, translation_key) DO UPDATE SET
      translation_value = EXCLUDED.translation_value,
      status = EXCLUDED.status,
      source_data = EXCLUDED.source_data,
      updated_at = now();
INSERT INTO ui_translations (
      language_code, translation_key, translation_value, status, source_data, updated_at
    )
    VALUES (
      'de',
      'nav.locale',
      'Land',
      'active',
      '{"languageCode":"de","key":"nav.locale"}'::jsonb,
      now()
    )
    ON CONFLICT (language_code, translation_key) DO UPDATE SET
      translation_value = EXCLUDED.translation_value,
      status = EXCLUDED.status,
      source_data = EXCLUDED.source_data,
      updated_at = now();
INSERT INTO ui_translations (
      language_code, translation_key, translation_value, status, source_data, updated_at
    )
    VALUES (
      'de',
      'locale.active',
      'aktiv',
      'active',
      '{"languageCode":"de","key":"locale.active"}'::jsonb,
      now()
    )
    ON CONFLICT (language_code, translation_key) DO UPDATE SET
      translation_value = EXCLUDED.translation_value,
      status = EXCLUDED.status,
      source_data = EXCLUDED.source_data,
      updated_at = now();
INSERT INTO ui_translations (
      language_code, translation_key, translation_value, status, source_data, updated_at
    )
    VALUES (
      'de',
      'locale.draft',
      'Entwurf',
      'active',
      '{"languageCode":"de","key":"locale.draft"}'::jsonb,
      now()
    )
    ON CONFLICT (language_code, translation_key) DO UPDATE SET
      translation_value = EXCLUDED.translation_value,
      status = EXCLUDED.status,
      source_data = EXCLUDED.source_data,
      updated_at = now();
INSERT INTO ui_translations (
      language_code, translation_key, translation_value, status, source_data, updated_at
    )
    VALUES (
      'de',
      'locale.planned',
      'geplant',
      'active',
      '{"languageCode":"de","key":"locale.planned"}'::jsonb,
      now()
    )
    ON CONFLICT (language_code, translation_key) DO UPDATE SET
      translation_value = EXCLUDED.translation_value,
      status = EXCLUDED.status,
      source_data = EXCLUDED.source_data,
      updated_at = now();
INSERT INTO ui_translations (
      language_code, translation_key, translation_value, status, source_data, updated_at
    )
    VALUES (
      'de',
      'locale.panelTitle',
      'Länder und Sprachen',
      'active',
      '{"languageCode":"de","key":"locale.panelTitle"}'::jsonb,
      now()
    )
    ON CONFLICT (language_code, translation_key) DO UPDATE SET
      translation_value = EXCLUDED.translation_value,
      status = EXCLUDED.status,
      source_data = EXCLUDED.source_data,
      updated_at = now();
INSERT INTO ui_translations (
      language_code, translation_key, translation_value, status, source_data, updated_at
    )
    VALUES (
      'de',
      'locale.panelLink',
      'Lokalisierung vorbereiten',
      'active',
      '{"languageCode":"de","key":"locale.panelLink"}'::jsonb,
      now()
    )
    ON CONFLICT (language_code, translation_key) DO UPDATE SET
      translation_value = EXCLUDED.translation_value,
      status = EXCLUDED.status,
      source_data = EXCLUDED.source_data,
      updated_at = now();
INSERT INTO ui_translations (
      language_code, translation_key, translation_value, status, source_data, updated_at
    )
    VALUES (
      'de',
      'locale.panelNote',
      'Aktive Länder öffnen eine echte Seite. Geplante Länder nutzen vorerst die deutsche MVP-Seite.',
      'active',
      '{"languageCode":"de","key":"locale.panelNote"}'::jsonb,
      now()
    )
    ON CONFLICT (language_code, translation_key) DO UPDATE SET
      translation_value = EXCLUDED.translation_value,
      status = EXCLUDED.status,
      source_data = EXCLUDED.source_data,
      updated_at = now();
INSERT INTO ui_translations (
      language_code, translation_key, translation_value, status, source_data, updated_at
    )
    VALUES (
      'de',
      'footer.summary',
      'Unabhängiges Konzeptprojekt für Sitzkomfort, Recherche und klare Kaufentscheidungen. Keine Empfehlung ist eine Garantie für Passform, Komfort oder medizinische Wirkung.',
      'active',
      '{"languageCode":"de","key":"footer.summary"}'::jsonb,
      now()
    )
    ON CONFLICT (language_code, translation_key) DO UPDATE SET
      translation_value = EXCLUDED.translation_value,
      status = EXCLUDED.status,
      source_data = EXCLUDED.source_data,
      updated_at = now();
INSERT INTO ui_translations (
      language_code, translation_key, translation_value, status, source_data, updated_at
    )
    VALUES (
      'de',
      'footer.mvp',
      'MVP-Status: lokale Entwicklung, keine aktiven Werbenetzwerke, keine bezahlten Affiliate-Links.',
      'active',
      '{"languageCode":"de","key":"footer.mvp"}'::jsonb,
      now()
    )
    ON CONFLICT (language_code, translation_key) DO UPDATE SET
      translation_value = EXCLUDED.translation_value,
      status = EXCLUDED.status,
      source_data = EXCLUDED.source_data,
      updated_at = now();
INSERT INTO ui_translations (
      language_code, translation_key, translation_value, status, source_data, updated_at
    )
    VALUES (
      'de',
      'footer.legal',
      'Rechtliche Hinweise',
      'active',
      '{"languageCode":"de","key":"footer.legal"}'::jsonb,
      now()
    )
    ON CONFLICT (language_code, translation_key) DO UPDATE SET
      translation_value = EXCLUDED.translation_value,
      status = EXCLUDED.status,
      source_data = EXCLUDED.source_data,
      updated_at = now();
INSERT INTO ui_translations (
      language_code, translation_key, translation_value, status, source_data, updated_at
    )
    VALUES (
      'sk',
      'brand.subtitle',
      'Pohodlie sedla bez nákupu naslepo',
      'draft',
      '{"languageCode":"sk","key":"brand.subtitle"}'::jsonb,
      now()
    )
    ON CONFLICT (language_code, translation_key) DO UPDATE SET
      translation_value = EXCLUDED.translation_value,
      status = EXCLUDED.status,
      source_data = EXCLUDED.source_data,
      updated_at = now();
INSERT INTO ui_translations (
      language_code, translation_key, translation_value, status, source_data, updated_at
    )
    VALUES (
      'sk',
      'nav.start',
      'Štart',
      'draft',
      '{"languageCode":"sk","key":"nav.start"}'::jsonb,
      now()
    )
    ON CONFLICT (language_code, translation_key) DO UPDATE SET
      translation_value = EXCLUDED.translation_value,
      status = EXCLUDED.status,
      source_data = EXCLUDED.source_data,
      updated_at = now();
INSERT INTO ui_translations (
      language_code, translation_key, translation_value, status, source_data, updated_at
    )
    VALUES (
      'sk',
      'nav.motorcycles',
      'Motorky',
      'draft',
      '{"languageCode":"sk","key":"nav.motorcycles"}'::jsonb,
      now()
    )
    ON CONFLICT (language_code, translation_key) DO UPDATE SET
      translation_value = EXCLUDED.translation_value,
      status = EXCLUDED.status,
      source_data = EXCLUDED.source_data,
      updated_at = now();
INSERT INTO ui_translations (
      language_code, translation_key, translation_value, status, source_data, updated_at
    )
    VALUES (
      'sk',
      'nav.solutions',
      'Riešenia',
      'draft',
      '{"languageCode":"sk","key":"nav.solutions"}'::jsonb,
      now()
    )
    ON CONFLICT (language_code, translation_key) DO UPDATE SET
      translation_value = EXCLUDED.translation_value,
      status = EXCLUDED.status,
      source_data = EXCLUDED.source_data,
      updated_at = now();
INSERT INTO ui_translations (
      language_code, translation_key, translation_value, status, source_data, updated_at
    )
    VALUES (
      'sk',
      'nav.buying',
      'Kúpiť',
      'draft',
      '{"languageCode":"sk","key":"nav.buying"}'::jsonb,
      now()
    )
    ON CONFLICT (language_code, translation_key) DO UPDATE SET
      translation_value = EXCLUDED.translation_value,
      status = EXCLUDED.status,
      source_data = EXCLUDED.source_data,
      updated_at = now();
INSERT INTO ui_translations (
      language_code, translation_key, translation_value, status, source_data, updated_at
    )
    VALUES (
      'sk',
      'nav.diy',
      'DIY',
      'draft',
      '{"languageCode":"sk","key":"nav.diy"}'::jsonb,
      now()
    )
    ON CONFLICT (language_code, translation_key) DO UPDATE SET
      translation_value = EXCLUDED.translation_value,
      status = EXCLUDED.status,
      source_data = EXCLUDED.source_data,
      updated_at = now();
INSERT INTO ui_translations (
      language_code, translation_key, translation_value, status, source_data, updated_at
    )
    VALUES (
      'sk',
      'nav.images',
      'Obrázky',
      'draft',
      '{"languageCode":"sk","key":"nav.images"}'::jsonb,
      now()
    )
    ON CONFLICT (language_code, translation_key) DO UPDATE SET
      translation_value = EXCLUDED.translation_value,
      status = EXCLUDED.status,
      source_data = EXCLUDED.source_data,
      updated_at = now();
INSERT INTO ui_translations (
      language_code, translation_key, translation_value, status, source_data, updated_at
    )
    VALUES (
      'sk',
      'nav.locale',
      'Krajina',
      'draft',
      '{"languageCode":"sk","key":"nav.locale"}'::jsonb,
      now()
    )
    ON CONFLICT (language_code, translation_key) DO UPDATE SET
      translation_value = EXCLUDED.translation_value,
      status = EXCLUDED.status,
      source_data = EXCLUDED.source_data,
      updated_at = now();
INSERT INTO ui_translations (
      language_code, translation_key, translation_value, status, source_data, updated_at
    )
    VALUES (
      'sk',
      'locale.active',
      'aktívne',
      'draft',
      '{"languageCode":"sk","key":"locale.active"}'::jsonb,
      now()
    )
    ON CONFLICT (language_code, translation_key) DO UPDATE SET
      translation_value = EXCLUDED.translation_value,
      status = EXCLUDED.status,
      source_data = EXCLUDED.source_data,
      updated_at = now();
INSERT INTO ui_translations (
      language_code, translation_key, translation_value, status, source_data, updated_at
    )
    VALUES (
      'sk',
      'locale.draft',
      'návrh',
      'draft',
      '{"languageCode":"sk","key":"locale.draft"}'::jsonb,
      now()
    )
    ON CONFLICT (language_code, translation_key) DO UPDATE SET
      translation_value = EXCLUDED.translation_value,
      status = EXCLUDED.status,
      source_data = EXCLUDED.source_data,
      updated_at = now();
INSERT INTO ui_translations (
      language_code, translation_key, translation_value, status, source_data, updated_at
    )
    VALUES (
      'sk',
      'locale.planned',
      'plánované',
      'draft',
      '{"languageCode":"sk","key":"locale.planned"}'::jsonb,
      now()
    )
    ON CONFLICT (language_code, translation_key) DO UPDATE SET
      translation_value = EXCLUDED.translation_value,
      status = EXCLUDED.status,
      source_data = EXCLUDED.source_data,
      updated_at = now();
INSERT INTO ui_translations (
      language_code, translation_key, translation_value, status, source_data, updated_at
    )
    VALUES (
      'sk',
      'locale.panelTitle',
      'Krajiny a jazyky',
      'draft',
      '{"languageCode":"sk","key":"locale.panelTitle"}'::jsonb,
      now()
    )
    ON CONFLICT (language_code, translation_key) DO UPDATE SET
      translation_value = EXCLUDED.translation_value,
      status = EXCLUDED.status,
      source_data = EXCLUDED.source_data,
      updated_at = now();
INSERT INTO ui_translations (
      language_code, translation_key, translation_value, status, source_data, updated_at
    )
    VALUES (
      'sk',
      'locale.panelLink',
      'Pripraviť lokalizáciu',
      'draft',
      '{"languageCode":"sk","key":"locale.panelLink"}'::jsonb,
      now()
    )
    ON CONFLICT (language_code, translation_key) DO UPDATE SET
      translation_value = EXCLUDED.translation_value,
      status = EXCLUDED.status,
      source_data = EXCLUDED.source_data,
      updated_at = now();
INSERT INTO ui_translations (
      language_code, translation_key, translation_value, status, source_data, updated_at
    )
    VALUES (
      'sk',
      'locale.panelNote',
      'Aktívne krajiny otvoria vlastnú stránku. Plánované krajiny zatiaľ používajú nemeckú MVP stránku.',
      'draft',
      '{"languageCode":"sk","key":"locale.panelNote"}'::jsonb,
      now()
    )
    ON CONFLICT (language_code, translation_key) DO UPDATE SET
      translation_value = EXCLUDED.translation_value,
      status = EXCLUDED.status,
      source_data = EXCLUDED.source_data,
      updated_at = now();
INSERT INTO ui_translations (
      language_code, translation_key, translation_value, status, source_data, updated_at
    )
    VALUES (
      'sk',
      'footer.summary',
      'Nezávislý koncept pre pohodlie sedla, výskum a jasné nákupné rozhodnutia. Žiadne odporúčanie nie je záruka kompatibility, komfortu ani zdravotného účinku.',
      'draft',
      '{"languageCode":"sk","key":"footer.summary"}'::jsonb,
      now()
    )
    ON CONFLICT (language_code, translation_key) DO UPDATE SET
      translation_value = EXCLUDED.translation_value,
      status = EXCLUDED.status,
      source_data = EXCLUDED.source_data,
      updated_at = now();
INSERT INTO ui_translations (
      language_code, translation_key, translation_value, status, source_data, updated_at
    )
    VALUES (
      'sk',
      'footer.mvp',
      'MVP stav: lokálny vývoj, bez aktívnych reklamných sietí a bez platených affiliate odkazov.',
      'draft',
      '{"languageCode":"sk","key":"footer.mvp"}'::jsonb,
      now()
    )
    ON CONFLICT (language_code, translation_key) DO UPDATE SET
      translation_value = EXCLUDED.translation_value,
      status = EXCLUDED.status,
      source_data = EXCLUDED.source_data,
      updated_at = now();
INSERT INTO ui_translations (
      language_code, translation_key, translation_value, status, source_data, updated_at
    )
    VALUES (
      'sk',
      'footer.legal',
      'Právne informácie',
      'draft',
      '{"languageCode":"sk","key":"footer.legal"}'::jsonb,
      now()
    )
    ON CONFLICT (language_code, translation_key) DO UPDATE SET
      translation_value = EXCLUDED.translation_value,
      status = EXCLUDED.status,
      source_data = EXCLUDED.source_data,
      updated_at = now();
INSERT INTO ui_translations (
      language_code, translation_key, translation_value, status, source_data, updated_at
    )
    VALUES (
      'en',
      'brand.subtitle',
      'Seat comfort without blind buying',
      'draft',
      '{"languageCode":"en","key":"brand.subtitle"}'::jsonb,
      now()
    )
    ON CONFLICT (language_code, translation_key) DO UPDATE SET
      translation_value = EXCLUDED.translation_value,
      status = EXCLUDED.status,
      source_data = EXCLUDED.source_data,
      updated_at = now();
INSERT INTO ui_translations (
      language_code, translation_key, translation_value, status, source_data, updated_at
    )
    VALUES (
      'en',
      'nav.start',
      'Start',
      'draft',
      '{"languageCode":"en","key":"nav.start"}'::jsonb,
      now()
    )
    ON CONFLICT (language_code, translation_key) DO UPDATE SET
      translation_value = EXCLUDED.translation_value,
      status = EXCLUDED.status,
      source_data = EXCLUDED.source_data,
      updated_at = now();
INSERT INTO ui_translations (
      language_code, translation_key, translation_value, status, source_data, updated_at
    )
    VALUES (
      'en',
      'nav.motorcycles',
      'Motorcycles',
      'draft',
      '{"languageCode":"en","key":"nav.motorcycles"}'::jsonb,
      now()
    )
    ON CONFLICT (language_code, translation_key) DO UPDATE SET
      translation_value = EXCLUDED.translation_value,
      status = EXCLUDED.status,
      source_data = EXCLUDED.source_data,
      updated_at = now();
INSERT INTO ui_translations (
      language_code, translation_key, translation_value, status, source_data, updated_at
    )
    VALUES (
      'en',
      'nav.solutions',
      'Solutions',
      'draft',
      '{"languageCode":"en","key":"nav.solutions"}'::jsonb,
      now()
    )
    ON CONFLICT (language_code, translation_key) DO UPDATE SET
      translation_value = EXCLUDED.translation_value,
      status = EXCLUDED.status,
      source_data = EXCLUDED.source_data,
      updated_at = now();
INSERT INTO ui_translations (
      language_code, translation_key, translation_value, status, source_data, updated_at
    )
    VALUES (
      'en',
      'nav.buying',
      'Buying',
      'draft',
      '{"languageCode":"en","key":"nav.buying"}'::jsonb,
      now()
    )
    ON CONFLICT (language_code, translation_key) DO UPDATE SET
      translation_value = EXCLUDED.translation_value,
      status = EXCLUDED.status,
      source_data = EXCLUDED.source_data,
      updated_at = now();
INSERT INTO ui_translations (
      language_code, translation_key, translation_value, status, source_data, updated_at
    )
    VALUES (
      'en',
      'nav.diy',
      'DIY',
      'draft',
      '{"languageCode":"en","key":"nav.diy"}'::jsonb,
      now()
    )
    ON CONFLICT (language_code, translation_key) DO UPDATE SET
      translation_value = EXCLUDED.translation_value,
      status = EXCLUDED.status,
      source_data = EXCLUDED.source_data,
      updated_at = now();
INSERT INTO ui_translations (
      language_code, translation_key, translation_value, status, source_data, updated_at
    )
    VALUES (
      'en',
      'nav.images',
      'Images',
      'draft',
      '{"languageCode":"en","key":"nav.images"}'::jsonb,
      now()
    )
    ON CONFLICT (language_code, translation_key) DO UPDATE SET
      translation_value = EXCLUDED.translation_value,
      status = EXCLUDED.status,
      source_data = EXCLUDED.source_data,
      updated_at = now();
INSERT INTO ui_translations (
      language_code, translation_key, translation_value, status, source_data, updated_at
    )
    VALUES (
      'en',
      'nav.locale',
      'Country',
      'draft',
      '{"languageCode":"en","key":"nav.locale"}'::jsonb,
      now()
    )
    ON CONFLICT (language_code, translation_key) DO UPDATE SET
      translation_value = EXCLUDED.translation_value,
      status = EXCLUDED.status,
      source_data = EXCLUDED.source_data,
      updated_at = now();
INSERT INTO ui_translations (
      language_code, translation_key, translation_value, status, source_data, updated_at
    )
    VALUES (
      'en',
      'locale.active',
      'active',
      'draft',
      '{"languageCode":"en","key":"locale.active"}'::jsonb,
      now()
    )
    ON CONFLICT (language_code, translation_key) DO UPDATE SET
      translation_value = EXCLUDED.translation_value,
      status = EXCLUDED.status,
      source_data = EXCLUDED.source_data,
      updated_at = now();
INSERT INTO ui_translations (
      language_code, translation_key, translation_value, status, source_data, updated_at
    )
    VALUES (
      'en',
      'locale.draft',
      'draft',
      'draft',
      '{"languageCode":"en","key":"locale.draft"}'::jsonb,
      now()
    )
    ON CONFLICT (language_code, translation_key) DO UPDATE SET
      translation_value = EXCLUDED.translation_value,
      status = EXCLUDED.status,
      source_data = EXCLUDED.source_data,
      updated_at = now();
INSERT INTO ui_translations (
      language_code, translation_key, translation_value, status, source_data, updated_at
    )
    VALUES (
      'en',
      'locale.planned',
      'planned',
      'draft',
      '{"languageCode":"en","key":"locale.planned"}'::jsonb,
      now()
    )
    ON CONFLICT (language_code, translation_key) DO UPDATE SET
      translation_value = EXCLUDED.translation_value,
      status = EXCLUDED.status,
      source_data = EXCLUDED.source_data,
      updated_at = now();
INSERT INTO ui_translations (
      language_code, translation_key, translation_value, status, source_data, updated_at
    )
    VALUES (
      'en',
      'locale.panelTitle',
      'Countries and languages',
      'draft',
      '{"languageCode":"en","key":"locale.panelTitle"}'::jsonb,
      now()
    )
    ON CONFLICT (language_code, translation_key) DO UPDATE SET
      translation_value = EXCLUDED.translation_value,
      status = EXCLUDED.status,
      source_data = EXCLUDED.source_data,
      updated_at = now();
INSERT INTO ui_translations (
      language_code, translation_key, translation_value, status, source_data, updated_at
    )
    VALUES (
      'en',
      'locale.panelLink',
      'Prepare localization',
      'draft',
      '{"languageCode":"en","key":"locale.panelLink"}'::jsonb,
      now()
    )
    ON CONFLICT (language_code, translation_key) DO UPDATE SET
      translation_value = EXCLUDED.translation_value,
      status = EXCLUDED.status,
      source_data = EXCLUDED.source_data,
      updated_at = now();
INSERT INTO ui_translations (
      language_code, translation_key, translation_value, status, source_data, updated_at
    )
    VALUES (
      'en',
      'locale.panelNote',
      'Active countries open a real page. Planned countries currently fall back to the German MVP page.',
      'draft',
      '{"languageCode":"en","key":"locale.panelNote"}'::jsonb,
      now()
    )
    ON CONFLICT (language_code, translation_key) DO UPDATE SET
      translation_value = EXCLUDED.translation_value,
      status = EXCLUDED.status,
      source_data = EXCLUDED.source_data,
      updated_at = now();
INSERT INTO ui_translations (
      language_code, translation_key, translation_value, status, source_data, updated_at
    )
    VALUES (
      'en',
      'footer.summary',
      'Independent concept project for seat comfort, research and clear buying decisions. No recommendation is a guarantee of fit, comfort or medical effect.',
      'draft',
      '{"languageCode":"en","key":"footer.summary"}'::jsonb,
      now()
    )
    ON CONFLICT (language_code, translation_key) DO UPDATE SET
      translation_value = EXCLUDED.translation_value,
      status = EXCLUDED.status,
      source_data = EXCLUDED.source_data,
      updated_at = now();
INSERT INTO ui_translations (
      language_code, translation_key, translation_value, status, source_data, updated_at
    )
    VALUES (
      'en',
      'footer.mvp',
      'MVP status: local development, no active ad networks, no paid affiliate links.',
      'draft',
      '{"languageCode":"en","key":"footer.mvp"}'::jsonb,
      now()
    )
    ON CONFLICT (language_code, translation_key) DO UPDATE SET
      translation_value = EXCLUDED.translation_value,
      status = EXCLUDED.status,
      source_data = EXCLUDED.source_data,
      updated_at = now();
INSERT INTO ui_translations (
      language_code, translation_key, translation_value, status, source_data, updated_at
    )
    VALUES (
      'en',
      'footer.legal',
      'Legal information',
      'draft',
      '{"languageCode":"en","key":"footer.legal"}'::jsonb,
      now()
    )
    ON CONFLICT (language_code, translation_key) DO UPDATE SET
      translation_value = EXCLUDED.translation_value,
      status = EXCLUDED.status,
      source_data = EXCLUDED.source_data,
      updated_at = now();
INSERT INTO motorcycles (
    slug, brand, model, segment, country_priority, status, guide_path,
    seat_pain_focus, why_next, source_data, updated_at
  )
  VALUES (
    'suzuki-gsx-s1000gx',
    'Suzuki',
    'Suzuki GSX-S1000GX',
    'Sport-Tourer / Crossover',
    'Deutschland MVP',
    'active',
    '/de/motorrad-sitzbank/suzuki-gsx-s1000gx/',
    'Druck nach 45 bis 90 Minuten, Hitze, Sitzwinkel, Touring-Komfort',
    'Dein zuletzt bearbeitetes Motorrad und aktueller Referenz-Guide.',
    '{"name":"Suzuki GSX-S1000GX","brand":"Suzuki","segment":"Sport-Tourer / Crossover","countryPriority":"Deutschland MVP","status":"active","path":"/de/motorrad-sitzbank/suzuki-gsx-s1000gx/","seatPainFocus":"Druck nach 45 bis 90 Minuten, Hitze, Sitzwinkel, Touring-Komfort","whyNext":"Dein zuletzt bearbeitetes Motorrad und aktueller Referenz-Guide.","slug":"suzuki-gsx-s1000gx"}'::jsonb,
    now()
  )
  ON CONFLICT (slug) DO UPDATE SET
    brand = EXCLUDED.brand,
    model = EXCLUDED.model,
    segment = EXCLUDED.segment,
    country_priority = EXCLUDED.country_priority,
    status = EXCLUDED.status,
    guide_path = EXCLUDED.guide_path,
    seat_pain_focus = EXCLUDED.seat_pain_focus,
    why_next = EXCLUDED.why_next,
    source_data = EXCLUDED.source_data,
    updated_at = now();
INSERT INTO motorcycles (
    slug, brand, model, segment, country_priority, status, guide_path,
    seat_pain_focus, why_next, source_data, updated_at
  )
  VALUES (
    'bmw-r-1300-gs',
    'BMW',
    'BMW R 1300 GS',
    'Adventure Touring',
    'Deutschland / DACH',
    'draft',
    '/de/motorrad-sitzbank/bmw-r-1300-gs/',
    'Langstrecke, hohe Sitzbank, Sozius, Zubehörvielfalt',
    'Sehr verbreitete Reisemaschine mit vielen Sitzbankoptionen.',
    '{"name":"BMW R 1300 GS","brand":"BMW","segment":"Adventure Touring","countryPriority":"Deutschland / DACH","status":"draft","path":"/de/motorrad-sitzbank/bmw-r-1300-gs/","seatPainFocus":"Langstrecke, hohe Sitzbank, Sozius, Zubehörvielfalt","whyNext":"Sehr verbreitete Reisemaschine mit vielen Sitzbankoptionen.","slug":"bmw-r-1300-gs"}'::jsonb,
    now()
  )
  ON CONFLICT (slug) DO UPDATE SET
    brand = EXCLUDED.brand,
    model = EXCLUDED.model,
    segment = EXCLUDED.segment,
    country_priority = EXCLUDED.country_priority,
    status = EXCLUDED.status,
    guide_path = EXCLUDED.guide_path,
    seat_pain_focus = EXCLUDED.seat_pain_focus,
    why_next = EXCLUDED.why_next,
    source_data = EXCLUDED.source_data,
    updated_at = now();
INSERT INTO motorcycles (
    slug, brand, model, segment, country_priority, status, guide_path,
    seat_pain_focus, why_next, source_data, updated_at
  )
  VALUES (
    'bmw-r-1250-gs',
    'BMW',
    'BMW R 1250 GS',
    'Adventure Touring',
    'Deutschland / DACH gebraucht',
    'draft',
    '/de/motorrad-sitzbank/bmw-r-1250-gs/',
    'Touring, niedrige/hohe Sitzbank, Komfortsitz, Sattlerumbau',
    'Großer Bestand und viele Erfahrungsberichte.',
    '{"name":"BMW R 1250 GS","brand":"BMW","segment":"Adventure Touring","countryPriority":"Deutschland / DACH gebraucht","status":"draft","path":"/de/motorrad-sitzbank/bmw-r-1250-gs/","seatPainFocus":"Touring, niedrige/hohe Sitzbank, Komfortsitz, Sattlerumbau","whyNext":"Großer Bestand und viele Erfahrungsberichte.","slug":"bmw-r-1250-gs"}'::jsonb,
    now()
  )
  ON CONFLICT (slug) DO UPDATE SET
    brand = EXCLUDED.brand,
    model = EXCLUDED.model,
    segment = EXCLUDED.segment,
    country_priority = EXCLUDED.country_priority,
    status = EXCLUDED.status,
    guide_path = EXCLUDED.guide_path,
    seat_pain_focus = EXCLUDED.seat_pain_focus,
    why_next = EXCLUDED.why_next,
    source_data = EXCLUDED.source_data,
    updated_at = now();
INSERT INTO motorcycles (
    slug, brand, model, segment, country_priority, status, guide_path,
    seat_pain_focus, why_next, source_data, updated_at
  )
  VALUES (
    'honda-crf1100l-africa-twin',
    'Honda',
    'Honda CRF1100L Africa Twin',
    'Adventure / Reiseenduro',
    'Europa',
    'draft',
    '/de/motorrad-sitzbank/honda-crf1100l-africa-twin/',
    'Sitzhöhe, Offroad-Bewegung, lange Etappen',
    'Sehr relevant für Reise und Mischbetrieb.',
    '{"name":"Honda CRF1100L Africa Twin","brand":"Honda","segment":"Adventure / Reiseenduro","countryPriority":"Europa","status":"draft","path":"/de/motorrad-sitzbank/honda-crf1100l-africa-twin/","seatPainFocus":"Sitzhöhe, Offroad-Bewegung, lange Etappen","whyNext":"Sehr relevant für Reise und Mischbetrieb.","slug":"honda-crf1100l-africa-twin"}'::jsonb,
    now()
  )
  ON CONFLICT (slug) DO UPDATE SET
    brand = EXCLUDED.brand,
    model = EXCLUDED.model,
    segment = EXCLUDED.segment,
    country_priority = EXCLUDED.country_priority,
    status = EXCLUDED.status,
    guide_path = EXCLUDED.guide_path,
    seat_pain_focus = EXCLUDED.seat_pain_focus,
    why_next = EXCLUDED.why_next,
    source_data = EXCLUDED.source_data,
    updated_at = now();
INSERT INTO motorcycles (
    slug, brand, model, segment, country_priority, status, guide_path,
    seat_pain_focus, why_next, source_data, updated_at
  )
  VALUES (
    'yamaha-tracer-9-9-gt',
    'Yamaha',
    'Yamaha Tracer 9 / 9 GT',
    'Sport Touring',
    'Europa',
    'draft',
    '/de/motorrad-sitzbank/yamaha-tracer-9-9-gt/',
    'Touring-Komfort, Sitzneigung, Winddruck, Sozius',
    'Direkter Nachbar zur GSX-S1000GX Zielgruppe.',
    '{"name":"Yamaha Tracer 9 / 9 GT","brand":"Yamaha","segment":"Sport Touring","countryPriority":"Europa","status":"draft","path":"/de/motorrad-sitzbank/yamaha-tracer-9-9-gt/","seatPainFocus":"Touring-Komfort, Sitzneigung, Winddruck, Sozius","whyNext":"Direkter Nachbar zur GSX-S1000GX Zielgruppe.","slug":"yamaha-tracer-9-9-gt"}'::jsonb,
    now()
  )
  ON CONFLICT (slug) DO UPDATE SET
    brand = EXCLUDED.brand,
    model = EXCLUDED.model,
    segment = EXCLUDED.segment,
    country_priority = EXCLUDED.country_priority,
    status = EXCLUDED.status,
    guide_path = EXCLUDED.guide_path,
    seat_pain_focus = EXCLUDED.seat_pain_focus,
    why_next = EXCLUDED.why_next,
    source_data = EXCLUDED.source_data,
    updated_at = now();
INSERT INTO motorcycles (
    slug, brand, model, segment, country_priority, status, guide_path,
    seat_pain_focus, why_next, source_data, updated_at
  )
  VALUES (
    'suzuki-v-strom-1050',
    'Suzuki',
    'Suzuki V-Strom 1050',
    'Adventure Touring',
    'Europa',
    'draft',
    '/de/motorrad-sitzbank/suzuki-v-strom-1050/',
    'Lange Touren, Sitzhöhe, breite Sitzbank, Zubehör',
    'Suzuki-Familie, guter Vergleich zur GSX-S1000GX.',
    '{"name":"Suzuki V-Strom 1050","brand":"Suzuki","segment":"Adventure Touring","countryPriority":"Europa","status":"draft","path":"/de/motorrad-sitzbank/suzuki-v-strom-1050/","seatPainFocus":"Lange Touren, Sitzhöhe, breite Sitzbank, Zubehör","whyNext":"Suzuki-Familie, guter Vergleich zur GSX-S1000GX.","slug":"suzuki-v-strom-1050"}'::jsonb,
    now()
  )
  ON CONFLICT (slug) DO UPDATE SET
    brand = EXCLUDED.brand,
    model = EXCLUDED.model,
    segment = EXCLUDED.segment,
    country_priority = EXCLUDED.country_priority,
    status = EXCLUDED.status,
    guide_path = EXCLUDED.guide_path,
    seat_pain_focus = EXCLUDED.seat_pain_focus,
    why_next = EXCLUDED.why_next,
    source_data = EXCLUDED.source_data,
    updated_at = now();
INSERT INTO motorcycles (
    slug, brand, model, segment, country_priority, status, guide_path,
    seat_pain_focus, why_next, source_data, updated_at
  )
  VALUES (
    'kawasaki-versys-1000',
    'Kawasaki',
    'Kawasaki Versys 1000',
    'Crossover Touring',
    'Europa',
    'draft',
    '/de/motorrad-sitzbank/kawasaki-versys-1000/',
    'Touring, Sozius, Sitzbreite, Komfortsitz',
    'Touring-Nutzer mit ähnlicher Sitzbank-Frage.',
    '{"name":"Kawasaki Versys 1000","brand":"Kawasaki","segment":"Crossover Touring","countryPriority":"Europa","status":"draft","path":"/de/motorrad-sitzbank/kawasaki-versys-1000/","seatPainFocus":"Touring, Sozius, Sitzbreite, Komfortsitz","whyNext":"Touring-Nutzer mit ähnlicher Sitzbank-Frage.","slug":"kawasaki-versys-1000"}'::jsonb,
    now()
  )
  ON CONFLICT (slug) DO UPDATE SET
    brand = EXCLUDED.brand,
    model = EXCLUDED.model,
    segment = EXCLUDED.segment,
    country_priority = EXCLUDED.country_priority,
    status = EXCLUDED.status,
    guide_path = EXCLUDED.guide_path,
    seat_pain_focus = EXCLUDED.seat_pain_focus,
    why_next = EXCLUDED.why_next,
    source_data = EXCLUDED.source_data,
    updated_at = now();
INSERT INTO motorcycles (
    slug, brand, model, segment, country_priority, status, guide_path,
    seat_pain_focus, why_next, source_data, updated_at
  )
  VALUES (
    'ducati-multistrada-v4',
    'Ducati',
    'Ducati Multistrada V4',
    'Premium Adventure Touring',
    'Europa',
    'draft',
    '/de/motorrad-sitzbank/ducati-multistrada-v4/',
    'Premium-Zubehör, Hitze, lange Touren, Sitzhöhe',
    'Guter Kontrast für hochpreisige OEM/Aftermarket-Lösungen.',
    '{"name":"Ducati Multistrada V4","brand":"Ducati","segment":"Premium Adventure Touring","countryPriority":"Europa","status":"draft","path":"/de/motorrad-sitzbank/ducati-multistrada-v4/","seatPainFocus":"Premium-Zubehör, Hitze, lange Touren, Sitzhöhe","whyNext":"Guter Kontrast für hochpreisige OEM/Aftermarket-Lösungen.","slug":"ducati-multistrada-v4"}'::jsonb,
    now()
  )
  ON CONFLICT (slug) DO UPDATE SET
    brand = EXCLUDED.brand,
    model = EXCLUDED.model,
    segment = EXCLUDED.segment,
    country_priority = EXCLUDED.country_priority,
    status = EXCLUDED.status,
    guide_path = EXCLUDED.guide_path,
    seat_pain_focus = EXCLUDED.seat_pain_focus,
    why_next = EXCLUDED.why_next,
    source_data = EXCLUDED.source_data,
    updated_at = now();
INSERT INTO motorcycles (
    slug, brand, model, segment, country_priority, status, guide_path,
    seat_pain_focus, why_next, source_data, updated_at
  )
  VALUES (
    'honda-nc750x',
    'Honda',
    'Honda NC750X',
    'Alltag / Crossover',
    'Europa',
    'draft',
    '/de/motorrad-sitzbank/honda-nc750x/',
    'Pendeln, kurze bis mittlere Touren, Budget-Lösungen',
    'Wichtig für günstigere, alltagstaugliche Empfehlungen.',
    '{"name":"Honda NC750X","brand":"Honda","segment":"Alltag / Crossover","countryPriority":"Europa","status":"draft","path":"/de/motorrad-sitzbank/honda-nc750x/","seatPainFocus":"Pendeln, kurze bis mittlere Touren, Budget-Lösungen","whyNext":"Wichtig für günstigere, alltagstaugliche Empfehlungen.","slug":"honda-nc750x"}'::jsonb,
    now()
  )
  ON CONFLICT (slug) DO UPDATE SET
    brand = EXCLUDED.brand,
    model = EXCLUDED.model,
    segment = EXCLUDED.segment,
    country_priority = EXCLUDED.country_priority,
    status = EXCLUDED.status,
    guide_path = EXCLUDED.guide_path,
    seat_pain_focus = EXCLUDED.seat_pain_focus,
    why_next = EXCLUDED.why_next,
    source_data = EXCLUDED.source_data,
    updated_at = now();
INSERT INTO motorcycles (
    slug, brand, model, segment, country_priority, status, guide_path,
    seat_pain_focus, why_next, source_data, updated_at
  )
  VALUES (
    'ktm-1290-super-adventure',
    'KTM',
    'KTM 1290 Super Adventure',
    'Adventure Touring',
    'Österreich / DACH',
    'draft',
    '/de/motorrad-sitzbank/ktm-1290-super-adventure/',
    'hohe Sitzbank, sportliches Adventure-Fahren, lange Etappen, Hitze',
    'Österreichischer DACH-Kandidat mit sportlicher Adventure-Ergonomie.',
    '{"name":"KTM 1290 Super Adventure","brand":"KTM","segment":"Adventure Touring","countryPriority":"Österreich / DACH","status":"draft","path":"/de/motorrad-sitzbank/ktm-1290-super-adventure/","seatPainFocus":"hohe Sitzbank, sportliches Adventure-Fahren, lange Etappen, Hitze","whyNext":"Österreichischer DACH-Kandidat mit sportlicher Adventure-Ergonomie.","slug":"ktm-1290-super-adventure"}'::jsonb,
    now()
  )
  ON CONFLICT (slug) DO UPDATE SET
    brand = EXCLUDED.brand,
    model = EXCLUDED.model,
    segment = EXCLUDED.segment,
    country_priority = EXCLUDED.country_priority,
    status = EXCLUDED.status,
    guide_path = EXCLUDED.guide_path,
    seat_pain_focus = EXCLUDED.seat_pain_focus,
    why_next = EXCLUDED.why_next,
    source_data = EXCLUDED.source_data,
    updated_at = now();
INSERT INTO motorcycles (
    slug, brand, model, segment, country_priority, status, guide_path,
    seat_pain_focus, why_next, source_data, updated_at
  )
  VALUES (
    'triumph-tiger-1200-rally-pro',
    'Triumph',
    'Triumph Tiger 1200 Rally Pro',
    'Adventure Touring',
    'Europa / UK',
    'draft',
    '/de/motorrad-sitzbank/triumph-tiger-1200-rally-pro/',
    'Langstrecke, hohe Sitzposition, Sozius, Reisegepäck',
    'Starker Vergleich zu BMW GS und Ducati Multistrada.',
    '{"name":"Triumph Tiger 1200 Rally Pro","brand":"Triumph","segment":"Adventure Touring","countryPriority":"Europa / UK","status":"draft","path":"/de/motorrad-sitzbank/triumph-tiger-1200-rally-pro/","seatPainFocus":"Langstrecke, hohe Sitzposition, Sozius, Reisegepäck","whyNext":"Starker Vergleich zu BMW GS und Ducati Multistrada.","slug":"triumph-tiger-1200-rally-pro"}'::jsonb,
    now()
  )
  ON CONFLICT (slug) DO UPDATE SET
    brand = EXCLUDED.brand,
    model = EXCLUDED.model,
    segment = EXCLUDED.segment,
    country_priority = EXCLUDED.country_priority,
    status = EXCLUDED.status,
    guide_path = EXCLUDED.guide_path,
    seat_pain_focus = EXCLUDED.seat_pain_focus,
    why_next = EXCLUDED.why_next,
    source_data = EXCLUDED.source_data,
    updated_at = now();
INSERT INTO motorcycles (
    slug, brand, model, segment, country_priority, status, guide_path,
    seat_pain_focus, why_next, source_data, updated_at
  )
  VALUES (
    'moto-guzzi-v85-tt',
    'Moto Guzzi',
    'Moto Guzzi V85 TT',
    'Mittelklasse Adventure / Retro Touring',
    'Italien / Europa',
    'draft',
    '/de/motorrad-sitzbank/moto-guzzi-v85-tt/',
    'mittlere Touren, aufrechte Haltung, klassische Sitzbankform, Reisekomfort',
    'Guter Kontrast zwischen klassischer Sitzbank und moderner Adventure-Kategorie.',
    '{"name":"Moto Guzzi V85 TT","brand":"Moto Guzzi","segment":"Mittelklasse Adventure / Retro Touring","countryPriority":"Italien / Europa","status":"draft","path":"/de/motorrad-sitzbank/moto-guzzi-v85-tt/","seatPainFocus":"mittlere Touren, aufrechte Haltung, klassische Sitzbankform, Reisekomfort","whyNext":"Guter Kontrast zwischen klassischer Sitzbank und moderner Adventure-Kategorie.","slug":"moto-guzzi-v85-tt"}'::jsonb,
    now()
  )
  ON CONFLICT (slug) DO UPDATE SET
    brand = EXCLUDED.brand,
    model = EXCLUDED.model,
    segment = EXCLUDED.segment,
    country_priority = EXCLUDED.country_priority,
    status = EXCLUDED.status,
    guide_path = EXCLUDED.guide_path,
    seat_pain_focus = EXCLUDED.seat_pain_focus,
    why_next = EXCLUDED.why_next,
    source_data = EXCLUDED.source_data,
    updated_at = now();
INSERT INTO motorcycles (
    slug, brand, model, segment, country_priority, status, guide_path,
    seat_pain_focus, why_next, source_data, updated_at
  )
  VALUES (
    'royal-enfield-himalayan',
    'Royal Enfield',
    'Royal Enfield Himalayan',
    'Budget Adventure / Reiseenduro',
    'Europa / Asien',
    'draft',
    '/de/motorrad-sitzbank/royal-enfield-himalayan/',
    'Budget-Lösungen, lange einfache Etappen, Schotter, Sitzhöhe',
    'Wichtig für preisbewusste Fahrer und spätere Asien-Lokalisierung.',
    '{"name":"Royal Enfield Himalayan","brand":"Royal Enfield","segment":"Budget Adventure / Reiseenduro","countryPriority":"Europa / Asien","status":"draft","path":"/de/motorrad-sitzbank/royal-enfield-himalayan/","seatPainFocus":"Budget-Lösungen, lange einfache Etappen, Schotter, Sitzhöhe","whyNext":"Wichtig für preisbewusste Fahrer und spätere Asien-Lokalisierung.","slug":"royal-enfield-himalayan"}'::jsonb,
    now()
  )
  ON CONFLICT (slug) DO UPDATE SET
    brand = EXCLUDED.brand,
    model = EXCLUDED.model,
    segment = EXCLUDED.segment,
    country_priority = EXCLUDED.country_priority,
    status = EXCLUDED.status,
    guide_path = EXCLUDED.guide_path,
    seat_pain_focus = EXCLUDED.seat_pain_focus,
    why_next = EXCLUDED.why_next,
    source_data = EXCLUDED.source_data,
    updated_at = now();
INSERT INTO motorcycles (
    slug, brand, model, segment, country_priority, status, guide_path,
    seat_pain_focus, why_next, source_data, updated_at
  )
  VALUES (
    'honda-forza-350',
    'Honda',
    'Honda Forza 350',
    'Maxi-Scooter',
    'Europa / Thailand / Südostasien',
    'draft',
    '/de/motorrad-sitzbank/honda-forza-350/',
    'Stadt, Pendeln, Hitze, breite Scooter-Sitzbank, günstige Auflagen',
    'Erster Scooter-Kandidat für andere Sitzprobleme und Asien-Märkte.',
    '{"name":"Honda Forza 350","brand":"Honda","segment":"Maxi-Scooter","countryPriority":"Europa / Thailand / Südostasien","status":"draft","path":"/de/motorrad-sitzbank/honda-forza-350/","seatPainFocus":"Stadt, Pendeln, Hitze, breite Scooter-Sitzbank, günstige Auflagen","whyNext":"Erster Scooter-Kandidat für andere Sitzprobleme und Asien-Märkte.","slug":"honda-forza-350"}'::jsonb,
    now()
  )
  ON CONFLICT (slug) DO UPDATE SET
    brand = EXCLUDED.brand,
    model = EXCLUDED.model,
    segment = EXCLUDED.segment,
    country_priority = EXCLUDED.country_priority,
    status = EXCLUDED.status,
    guide_path = EXCLUDED.guide_path,
    seat_pain_focus = EXCLUDED.seat_pain_focus,
    why_next = EXCLUDED.why_next,
    source_data = EXCLUDED.source_data,
    updated_at = now();
INSERT INTO motorcycles (
    slug, brand, model, segment, country_priority, status, guide_path,
    seat_pain_focus, why_next, source_data, updated_at
  )
  VALUES (
    'yamaha-mt-07',
    'Yamaha',
    'Yamaha MT-07',
    'Naked Bike / Einsteiger',
    'Europa',
    'draft',
    '/de/motorrad-sitzbank/yamaha-mt-07/',
    'kurze Sitzbank, Stadt, Landstraße, Budget-Polsterung',
    'Sehr verbreitetes Modell für junge Fahrer und günstige DIY-Lösungen.',
    '{"name":"Yamaha MT-07","brand":"Yamaha","segment":"Naked Bike / Einsteiger","countryPriority":"Europa","status":"draft","path":"/de/motorrad-sitzbank/yamaha-mt-07/","seatPainFocus":"kurze Sitzbank, Stadt, Landstraße, Budget-Polsterung","whyNext":"Sehr verbreitetes Modell für junge Fahrer und günstige DIY-Lösungen.","slug":"yamaha-mt-07"}'::jsonb,
    now()
  )
  ON CONFLICT (slug) DO UPDATE SET
    brand = EXCLUDED.brand,
    model = EXCLUDED.model,
    segment = EXCLUDED.segment,
    country_priority = EXCLUDED.country_priority,
    status = EXCLUDED.status,
    guide_path = EXCLUDED.guide_path,
    seat_pain_focus = EXCLUDED.seat_pain_focus,
    why_next = EXCLUDED.why_next,
    source_data = EXCLUDED.source_data,
    updated_at = now();
INSERT INTO motorcycles (
    slug, brand, model, segment, country_priority, status, guide_path,
    seat_pain_focus, why_next, source_data, updated_at
  )
  VALUES (
    'kawasaki-z900',
    'Kawasaki',
    'Kawasaki Z900',
    'Naked Bike',
    'Europa',
    'draft',
    '/de/motorrad-sitzbank/kawasaki-z900/',
    'sportliche Haltung, Druckpunkte nach 60 Minuten, Rutschen',
    'Guter Kandidat für sportliche Straßennutzung ohne Touring-Fokus.',
    '{"name":"Kawasaki Z900","brand":"Kawasaki","segment":"Naked Bike","countryPriority":"Europa","status":"draft","path":"/de/motorrad-sitzbank/kawasaki-z900/","seatPainFocus":"sportliche Haltung, Druckpunkte nach 60 Minuten, Rutschen","whyNext":"Guter Kandidat für sportliche Straßennutzung ohne Touring-Fokus.","slug":"kawasaki-z900"}'::jsonb,
    now()
  )
  ON CONFLICT (slug) DO UPDATE SET
    brand = EXCLUDED.brand,
    model = EXCLUDED.model,
    segment = EXCLUDED.segment,
    country_priority = EXCLUDED.country_priority,
    status = EXCLUDED.status,
    guide_path = EXCLUDED.guide_path,
    seat_pain_focus = EXCLUDED.seat_pain_focus,
    why_next = EXCLUDED.why_next,
    source_data = EXCLUDED.source_data,
    updated_at = now();
INSERT INTO motorcycles (
    slug, brand, model, segment, country_priority, status, guide_path,
    seat_pain_focus, why_next, source_data, updated_at
  )
  VALUES (
    'harley-davidson-street-glide',
    'Harley-Davidson',
    'Harley-Davidson Street Glide',
    'Cruiser / Bagger',
    'Europa / USA',
    'draft',
    '/de/motorrad-sitzbank/harley-davidson-street-glide/',
    'breite Sitzfläche, Rückenstütze, Sozius, lange Etappen',
    'Wichtig für Cruiser-Komfort, Rückenstützen und Premium-Sattelmarkt.',
    '{"name":"Harley-Davidson Street Glide","brand":"Harley-Davidson","segment":"Cruiser / Bagger","countryPriority":"Europa / USA","status":"draft","path":"/de/motorrad-sitzbank/harley-davidson-street-glide/","seatPainFocus":"breite Sitzfläche, Rückenstütze, Sozius, lange Etappen","whyNext":"Wichtig für Cruiser-Komfort, Rückenstützen und Premium-Sattelmarkt.","slug":"harley-davidson-street-glide"}'::jsonb,
    now()
  )
  ON CONFLICT (slug) DO UPDATE SET
    brand = EXCLUDED.brand,
    model = EXCLUDED.model,
    segment = EXCLUDED.segment,
    country_priority = EXCLUDED.country_priority,
    status = EXCLUDED.status,
    guide_path = EXCLUDED.guide_path,
    seat_pain_focus = EXCLUDED.seat_pain_focus,
    why_next = EXCLUDED.why_next,
    source_data = EXCLUDED.source_data,
    updated_at = now();
INSERT INTO motorcycles (
    slug, brand, model, segment, country_priority, status, guide_path,
    seat_pain_focus, why_next, source_data, updated_at
  )
  VALUES (
    'vespa-gts-300',
    'Vespa',
    'Vespa GTS 300',
    'Urban Scooter',
    'Italien / Europa',
    'draft',
    '/de/motorrad-sitzbank/vespa-gts-300/',
    'Stadt, kurze Strecken, Hitze, schmale Sitzbank, Alltag',
    'Ergänzt Scooter-Nutzung mit urbanem Premium-/Lifestyle-Fokus.',
    '{"name":"Vespa GTS 300","brand":"Vespa","segment":"Urban Scooter","countryPriority":"Italien / Europa","status":"draft","path":"/de/motorrad-sitzbank/vespa-gts-300/","seatPainFocus":"Stadt, kurze Strecken, Hitze, schmale Sitzbank, Alltag","whyNext":"Ergänzt Scooter-Nutzung mit urbanem Premium-/Lifestyle-Fokus.","slug":"vespa-gts-300"}'::jsonb,
    now()
  )
  ON CONFLICT (slug) DO UPDATE SET
    brand = EXCLUDED.brand,
    model = EXCLUDED.model,
    segment = EXCLUDED.segment,
    country_priority = EXCLUDED.country_priority,
    status = EXCLUDED.status,
    guide_path = EXCLUDED.guide_path,
    seat_pain_focus = EXCLUDED.seat_pain_focus,
    why_next = EXCLUDED.why_next,
    source_data = EXCLUDED.source_data,
    updated_at = now();
INSERT INTO motorcycles (
    slug, brand, model, segment, country_priority, status, guide_path,
    seat_pain_focus, why_next, source_data, updated_at
  )
  VALUES (
    'cfmoto-800mt',
    'CFMOTO',
    'CFMOTO 800MT',
    'Budget Adventure Touring',
    'Europa / Asien',
    'draft',
    '/de/motorrad-sitzbank/cfmoto-800mt/',
    'Preis-Leistung, lange Etappen, Zubehörvergleich, Budget-Upgrades',
    'Hilft bei Empfehlungen für preisbewusste Adventure-Fahrer.',
    '{"name":"CFMOTO 800MT","brand":"CFMOTO","segment":"Budget Adventure Touring","countryPriority":"Europa / Asien","status":"draft","path":"/de/motorrad-sitzbank/cfmoto-800mt/","seatPainFocus":"Preis-Leistung, lange Etappen, Zubehörvergleich, Budget-Upgrades","whyNext":"Hilft bei Empfehlungen für preisbewusste Adventure-Fahrer.","slug":"cfmoto-800mt"}'::jsonb,
    now()
  )
  ON CONFLICT (slug) DO UPDATE SET
    brand = EXCLUDED.brand,
    model = EXCLUDED.model,
    segment = EXCLUDED.segment,
    country_priority = EXCLUDED.country_priority,
    status = EXCLUDED.status,
    guide_path = EXCLUDED.guide_path,
    seat_pain_focus = EXCLUDED.seat_pain_focus,
    why_next = EXCLUDED.why_next,
    source_data = EXCLUDED.source_data,
    updated_at = now();
INSERT INTO solution_paths (
    key, title, summary, best_for, not_ideal_for, cost, confidence, source_data, updated_at
  )
  VALUES (
    'reversible_addon',
    'Reversible Auflage testen',
    '3D-Mesh, Air Cushion oder dünne Komfortauflage testen, bevor die originale Sitzbank verändert wird.',
    'unsichere Ursache, niedriges Budget, schnelle Tests',
    'stark falsche Sitzform oder lange Touren mit klaren Druckpunkten',
    'niedrig bis mittel',
    'MVP: mittel',
    '{"key":"reversible_addon","title":"Reversible Auflage testen","summary":"3D-Mesh, Air Cushion oder dünne Komfortauflage testen, bevor die originale Sitzbank verändert wird.","bestFor":"unsichere Ursache, niedriges Budget, schnelle Tests","notIdealFor":"stark falsche Sitzform oder lange Touren mit klaren Druckpunkten","cost":"niedrig bis mittel","confidence":"MVP: mittel"}'::jsonb,
    now()
  )
  ON CONFLICT (key) DO UPDATE SET
    title = EXCLUDED.title,
    summary = EXCLUDED.summary,
    best_for = EXCLUDED.best_for,
    not_ideal_for = EXCLUDED.not_ideal_for,
    cost = EXCLUDED.cost,
    confidence = EXCLUDED.confidence,
    source_data = EXCLUDED.source_data,
    updated_at = now();
INSERT INTO solution_paths (
    key, title, summary, best_for, not_ideal_for, cost, confidence, source_data, updated_at
  )
  VALUES (
    'oem_comfort_seat',
    'OEM Komfort- oder Zubehörsitz prüfen',
    'Suzuki Zubehör kann die sauberste Plug-and-play-Option sein, muss aber mit Sitzhöhe und Rückgabemöglichkeit geprüft werden.',
    'Fahrer, die nicht schneiden oder basteln wollen',
    'wenn die OEM-Form nicht zum Körper passt',
    'mittel bis hoch',
    'MVP: braucht Quellenprüfung',
    '{"key":"oem_comfort_seat","title":"OEM Komfort- oder Zubehörsitz prüfen","summary":"Suzuki Zubehör kann die sauberste Plug-and-play-Option sein, muss aber mit Sitzhöhe und Rückgabemöglichkeit geprüft werden.","bestFor":"Fahrer, die nicht schneiden oder basteln wollen","notIdealFor":"wenn die OEM-Form nicht zum Körper passt","cost":"mittel bis hoch","confidence":"MVP: braucht Quellenprüfung"}'::jsonb,
    now()
  )
  ON CONFLICT (key) DO UPDATE SET
    title = EXCLUDED.title,
    summary = EXCLUDED.summary,
    best_for = EXCLUDED.best_for,
    not_ideal_for = EXCLUDED.not_ideal_for,
    cost = EXCLUDED.cost,
    confidence = EXCLUDED.confidence,
    source_data = EXCLUDED.source_data,
    updated_at = now();
INSERT INTO solution_paths (
    key, title, summary, best_for, not_ideal_for, cost, confidence, source_data, updated_at
  )
  VALUES (
    'aftermarket_seat',
    'Aftermarket-Sitz vergleichen',
    'Premiumsitze können auf langen Strecken helfen, sind aber teuer und nicht automatisch für jeden Körper passend.',
    'lange Touren, hohes Budget, klare Rückgaberegeln',
    'kurze sportliche Fahrten oder unklare Beschwerden',
    'hoch',
    'MVP: niedrig bis mittel',
    '{"key":"aftermarket_seat","title":"Aftermarket-Sitz vergleichen","summary":"Premiumsitze können auf langen Strecken helfen, sind aber teuer und nicht automatisch für jeden Körper passend.","bestFor":"lange Touren, hohes Budget, klare Rückgaberegeln","notIdealFor":"kurze sportliche Fahrten oder unklare Beschwerden","cost":"hoch","confidence":"MVP: niedrig bis mittel"}'::jsonb,
    now()
  )
  ON CONFLICT (key) DO UPDATE SET
    title = EXCLUDED.title,
    summary = EXCLUDED.summary,
    best_for = EXCLUDED.best_for,
    not_ideal_for = EXCLUDED.not_ideal_for,
    cost = EXCLUDED.cost,
    confidence = EXCLUDED.confidence,
    source_data = EXCLUDED.source_data,
    updated_at = now();
INSERT INTO solution_paths (
    key, title, summary, best_for, not_ideal_for, cost, confidence, source_data, updated_at
  )
  VALUES (
    'professional_upholsterer',
    'Sattler / Sitzbankumbau',
    'Ein guter Sattler kann Form, Breite, Schaum und Bezug gezielt anpassen.',
    'klare Druckpunkte, lange Nutzung des Motorrads, individuelle Anatomie',
    'wenn Rückbau und Originalzustand sehr wichtig sind',
    'mittel bis hoch',
    'MVP: mittel',
    '{"key":"professional_upholsterer","title":"Sattler / Sitzbankumbau","summary":"Ein guter Sattler kann Form, Breite, Schaum und Bezug gezielt anpassen.","bestFor":"klare Druckpunkte, lange Nutzung des Motorrads, individuelle Anatomie","notIdealFor":"wenn Rückbau und Originalzustand sehr wichtig sind","cost":"mittel bis hoch","confidence":"MVP: mittel"}'::jsonb,
    now()
  )
  ON CONFLICT (key) DO UPDATE SET
    title = EXCLUDED.title,
    summary = EXCLUDED.summary,
    best_for = EXCLUDED.best_for,
    not_ideal_for = EXCLUDED.not_ideal_for,
    cost = EXCLUDED.cost,
    confidence = EXCLUDED.confidence,
    source_data = EXCLUDED.source_data,
    updated_at = now();
INSERT INTO solution_paths (
    key, title, summary, best_for, not_ideal_for, cost, confidence, source_data, updated_at
  )
  VALUES (
    'diy',
    'DIY nur mit Plan',
    'DIY kann funktionieren, sollte aber mit Dokumentation, Messung und idealerweise einer zweiten Sitzbank starten.',
    'erfahrene Bastler und Lernprojekte',
    'einzige Original-Sitzbank, Zeitdruck oder fehlendes Werkzeug',
    'variabel',
    'MVP: abhängig von Können',
    '{"key":"diy","title":"DIY nur mit Plan","summary":"DIY kann funktionieren, sollte aber mit Dokumentation, Messung und idealerweise einer zweiten Sitzbank starten.","bestFor":"erfahrene Bastler und Lernprojekte","notIdealFor":"einzige Original-Sitzbank, Zeitdruck oder fehlendes Werkzeug","cost":"variabel","confidence":"MVP: abhängig von Können"}'::jsonb,
    now()
  )
  ON CONFLICT (key) DO UPDATE SET
    title = EXCLUDED.title,
    summary = EXCLUDED.summary,
    best_for = EXCLUDED.best_for,
    not_ideal_for = EXCLUDED.not_ideal_for,
    cost = EXCLUDED.cost,
    confidence = EXCLUDED.confidence,
    source_data = EXCLUDED.source_data,
    updated_at = now();
INSERT INTO product_categories (
    key, name, problem_solved, limitations, price_band, first_test,
    avoid_when, buying_checks, affiliate_status, source_data, updated_at
  )
  VALUES (
    '3d_mesh_cover',
    '3D-Mesh Sitzauflage',
    'Hitze, Schwitzen, leichte Druckverteilung',
    'erhöht Sitzhöhe leicht und löst keine falsche Sitzform',
    'niedrig',
    'Eine einzelne 60- bis 90-Minuten-Fahrt bei warmem Wetter mit gleicher Hose und gleicher Strecke.',
    'du schon ohne Auflage kaum sicher mit den Füßen auf den Boden kommst.',
    '["passende Größe für die GSX-S1000GX Sitzfläche","sichere Befestigung ohne Rutschen","keine harten Nähte oder Kanten im Sitzbereich","einfache Rückgabe, falls Sitzhöhe oder Gefühl stören"]'::jsonb,
    'affiliate candidate',
    '{"key":"3d_mesh_cover","name":"3D-Mesh Sitzauflage","problemSolved":"Hitze, Schwitzen, leichte Druckverteilung","limitations":"erhöht Sitzhöhe leicht und löst keine falsche Sitzform","priceBand":"niedrig","firstTest":"Eine einzelne 60- bis 90-Minuten-Fahrt bei warmem Wetter mit gleicher Hose und gleicher Strecke.","avoidWhen":"du schon ohne Auflage kaum sicher mit den Füßen auf den Boden kommst.","buyingChecks":["passende Größe für die GSX-S1000GX Sitzfläche","sichere Befestigung ohne Rutschen","keine harten Nähte oder Kanten im Sitzbereich","einfache Rückgabe, falls Sitzhöhe oder Gefühl stören"],"affiliateStatus":"affiliate candidate"}'::jsonb,
    now()
  )
  ON CONFLICT (key) DO UPDATE SET
    name = EXCLUDED.name,
    problem_solved = EXCLUDED.problem_solved,
    limitations = EXCLUDED.limitations,
    price_band = EXCLUDED.price_band,
    first_test = EXCLUDED.first_test,
    avoid_when = EXCLUDED.avoid_when,
    buying_checks = EXCLUDED.buying_checks,
    affiliate_status = EXCLUDED.affiliate_status,
    source_data = EXCLUDED.source_data,
    updated_at = now();
INSERT INTO product_categories (
    key, name, problem_solved, limitations, price_band, first_test,
    avoid_when, buying_checks, affiliate_status, source_data, updated_at
  )
  VALUES (
    'air_cushion',
    'Luftkissen',
    'Druckentlastung auf längeren geraden Strecken',
    'kann entkoppelt wirken und muss sehr niedrig aufgepumpt werden',
    'mittel',
    'Sehr wenig Luft verwenden und erst auf ruhiger Strecke testen, nicht direkt auf einer schnellen Tour.',
    'du sportlich fährst und direkten Kontakt zum Motorrad brauchst.',
    '["Form passt zur Sitzbank und engt nicht an den Oberschenkeln ein","Ventil stört nicht beim Sitzen","Befestigung bleibt beim Auf- und Absteigen stabil","Material ist hitze- und UV-tauglich"]'::jsonb,
    'affiliate candidate',
    '{"key":"air_cushion","name":"Luftkissen","problemSolved":"Druckentlastung auf längeren geraden Strecken","limitations":"kann entkoppelt wirken und muss sehr niedrig aufgepumpt werden","priceBand":"mittel","firstTest":"Sehr wenig Luft verwenden und erst auf ruhiger Strecke testen, nicht direkt auf einer schnellen Tour.","avoidWhen":"du sportlich fährst und direkten Kontakt zum Motorrad brauchst.","buyingChecks":["Form passt zur Sitzbank und engt nicht an den Oberschenkeln ein","Ventil stört nicht beim Sitzen","Befestigung bleibt beim Auf- und Absteigen stabil","Material ist hitze- und UV-tauglich"],"affiliateStatus":"affiliate candidate"}'::jsonb,
    now()
  )
  ON CONFLICT (key) DO UPDATE SET
    name = EXCLUDED.name,
    problem_solved = EXCLUDED.problem_solved,
    limitations = EXCLUDED.limitations,
    price_band = EXCLUDED.price_band,
    first_test = EXCLUDED.first_test,
    avoid_when = EXCLUDED.avoid_when,
    buying_checks = EXCLUDED.buying_checks,
    affiliate_status = EXCLUDED.affiliate_status,
    source_data = EXCLUDED.source_data,
    updated_at = now();
INSERT INTO product_categories (
    key, name, problem_solved, limitations, price_band, first_test,
    avoid_when, buying_checks, affiliate_status, source_data, updated_at
  )
  VALUES (
    'gel_pad',
    'Gel-Pad',
    'kurzfristige Druckminderung für manche Fahrer',
    'kann Hitze speichern und schlechte Form nicht reparieren',
    'niedrig bis mittel',
    'Nur als reversible Auflage testen, bevor Gel in die Sitzbank eingebaut wird.',
    'dein Hauptproblem Hitze, Rutschen oder eine falsche Sitzform ist.',
    '["Dicke und Kantenverlauf prüfen","Temperaturverhalten bei Sonne beachten","Rückgabe möglich halten","nicht als Allheilmittel für Langstrecke betrachten"]'::jsonb,
    'caution',
    '{"key":"gel_pad","name":"Gel-Pad","problemSolved":"kurzfristige Druckminderung für manche Fahrer","limitations":"kann Hitze speichern und schlechte Form nicht reparieren","priceBand":"niedrig bis mittel","firstTest":"Nur als reversible Auflage testen, bevor Gel in die Sitzbank eingebaut wird.","avoidWhen":"dein Hauptproblem Hitze, Rutschen oder eine falsche Sitzform ist.","buyingChecks":["Dicke und Kantenverlauf prüfen","Temperaturverhalten bei Sonne beachten","Rückgabe möglich halten","nicht als Allheilmittel für Langstrecke betrachten"],"affiliateStatus":"caution"}'::jsonb,
    now()
  )
  ON CONFLICT (key) DO UPDATE SET
    name = EXCLUDED.name,
    problem_solved = EXCLUDED.problem_solved,
    limitations = EXCLUDED.limitations,
    price_band = EXCLUDED.price_band,
    first_test = EXCLUDED.first_test,
    avoid_when = EXCLUDED.avoid_when,
    buying_checks = EXCLUDED.buying_checks,
    affiliate_status = EXCLUDED.affiliate_status,
    source_data = EXCLUDED.source_data,
    updated_at = now();
INSERT INTO product_categories (
    key, name, problem_solved, limitations, price_band, first_test,
    avoid_when, buying_checks, affiliate_status, source_data, updated_at
  )
  VALUES (
    'professional_upholstery',
    'Professioneller Sitzbankumbau',
    'Form, Schaum, Breite und Bezug gezielt anpassen',
    'Qualität hängt stark vom Sattler ab, Rückbau nicht immer möglich',
    'mittel bis hoch',
    'Vorher Fotos, Maße, Beschwerden und gewünschte Nutzung dokumentieren.',
    'du noch nicht weißt, ob Druck, Hitze, Rutschen oder Kniewinkel das eigentliche Problem ist.',
    '["Referenzarbeiten und echte Kundenfotos prüfen","Materialaufbau schriftlich klären","Wasserdichtigkeit und Bezug prüfen","Originalsitz oder Zweitsitz als Basis besprechen"]'::jsonb,
    'service listing later',
    '{"key":"professional_upholstery","name":"Professioneller Sitzbankumbau","problemSolved":"Form, Schaum, Breite und Bezug gezielt anpassen","limitations":"Qualität hängt stark vom Sattler ab, Rückbau nicht immer möglich","priceBand":"mittel bis hoch","firstTest":"Vorher Fotos, Maße, Beschwerden und gewünschte Nutzung dokumentieren.","avoidWhen":"du noch nicht weißt, ob Druck, Hitze, Rutschen oder Kniewinkel das eigentliche Problem ist.","buyingChecks":["Referenzarbeiten und echte Kundenfotos prüfen","Materialaufbau schriftlich klären","Wasserdichtigkeit und Bezug prüfen","Originalsitz oder Zweitsitz als Basis besprechen"],"affiliateStatus":"service listing later"}'::jsonb,
    now()
  )
  ON CONFLICT (key) DO UPDATE SET
    name = EXCLUDED.name,
    problem_solved = EXCLUDED.problem_solved,
    limitations = EXCLUDED.limitations,
    price_band = EXCLUDED.price_band,
    first_test = EXCLUDED.first_test,
    avoid_when = EXCLUDED.avoid_when,
    buying_checks = EXCLUDED.buying_checks,
    affiliate_status = EXCLUDED.affiliate_status,
    source_data = EXCLUDED.source_data,
    updated_at = now();
INSERT INTO product_categories (
    key, name, problem_solved, limitations, price_band, first_test,
    avoid_when, buying_checks, affiliate_status, source_data, updated_at
  )
  VALUES (
    'oem_comfort_seat',
    'OEM Komfortsitz',
    'Plug-and-play Lösung ohne eigene Umbauten',
    'passt nicht automatisch zu jedem Körper und kann teuer sein',
    'mittel bis hoch',
    'Nur kaufen, wenn Teilenummer, Modelljahr und Rückgabe eindeutig sind.',
    'du eine stark individuelle Schmerzstelle hast oder die OEM-Form dein Problem ist.',
    '["Teilenummer für Modelljahr prüfen","Sitzhöhe und eventuelle Änderung klären","Rückgabe bei montierter Ware prüfen","Besitzerberichte speziell zur GSX-S1000GX suchen"]'::jsonb,
    'research needed',
    '{"key":"oem_comfort_seat","name":"OEM Komfortsitz","problemSolved":"Plug-and-play Lösung ohne eigene Umbauten","limitations":"passt nicht automatisch zu jedem Körper und kann teuer sein","priceBand":"mittel bis hoch","firstTest":"Nur kaufen, wenn Teilenummer, Modelljahr und Rückgabe eindeutig sind.","avoidWhen":"du eine stark individuelle Schmerzstelle hast oder die OEM-Form dein Problem ist.","buyingChecks":["Teilenummer für Modelljahr prüfen","Sitzhöhe und eventuelle Änderung klären","Rückgabe bei montierter Ware prüfen","Besitzerberichte speziell zur GSX-S1000GX suchen"],"affiliateStatus":"research needed"}'::jsonb,
    now()
  )
  ON CONFLICT (key) DO UPDATE SET
    name = EXCLUDED.name,
    problem_solved = EXCLUDED.problem_solved,
    limitations = EXCLUDED.limitations,
    price_band = EXCLUDED.price_band,
    first_test = EXCLUDED.first_test,
    avoid_when = EXCLUDED.avoid_when,
    buying_checks = EXCLUDED.buying_checks,
    affiliate_status = EXCLUDED.affiliate_status,
    source_data = EXCLUDED.source_data,
    updated_at = now();
INSERT INTO product_categories (
    key, name, problem_solved, limitations, price_band, first_test,
    avoid_when, buying_checks, affiliate_status, source_data, updated_at
  )
  VALUES (
    'aftermarket_seat',
    'Aftermarket Komplettsitz',
    'Langstreckenkomfort, breitere Auflage und definierte Form',
    'hochpreisig, Lieferzeit und Rückgabe können kritisch sein',
    'hoch',
    'Erst kaufen, wenn echte Erfahrungsberichte zum Motorradmodell und Rückgaberegeln passen.',
    'du nur kurze Runden fährst oder unklar ist, woher der Schmerz kommt.',
    '["Lieferland, Zoll und Rückgabe prüfen","Sitzhöhe, Breite und Soziusbereich vergleichen","Bewertungen nach Körpergröße und Fahrtyp filtern","keine Herstellerwerbung mit Erfahrungswerten verwechseln"]'::jsonb,
    'research needed',
    '{"key":"aftermarket_seat","name":"Aftermarket Komplettsitz","problemSolved":"Langstreckenkomfort, breitere Auflage und definierte Form","limitations":"hochpreisig, Lieferzeit und Rückgabe können kritisch sein","priceBand":"hoch","firstTest":"Erst kaufen, wenn echte Erfahrungsberichte zum Motorradmodell und Rückgaberegeln passen.","avoidWhen":"du nur kurze Runden fährst oder unklar ist, woher der Schmerz kommt.","buyingChecks":["Lieferland, Zoll und Rückgabe prüfen","Sitzhöhe, Breite und Soziusbereich vergleichen","Bewertungen nach Körpergröße und Fahrtyp filtern","keine Herstellerwerbung mit Erfahrungswerten verwechseln"],"affiliateStatus":"research needed"}'::jsonb,
    now()
  )
  ON CONFLICT (key) DO UPDATE SET
    name = EXCLUDED.name,
    problem_solved = EXCLUDED.problem_solved,
    limitations = EXCLUDED.limitations,
    price_band = EXCLUDED.price_band,
    first_test = EXCLUDED.first_test,
    avoid_when = EXCLUDED.avoid_when,
    buying_checks = EXCLUDED.buying_checks,
    affiliate_status = EXCLUDED.affiliate_status,
    source_data = EXCLUDED.source_data,
    updated_at = now();
INSERT INTO seat_options (
    key, motorcycle_slug, name, maker, option_type, fitment, market, price_note,
    best_for, watch_out, comfort_logic, research_status, confidence,
    affiliate_status, image_path, image_alt, source_label, source_url, source_data, updated_at
  )
  VALUES (
    'suzuki-premium-seat-de',
    'suzuki-gsx-s1000gx',
    'Suzuki Premium-Sitz Set',
    'Suzuki',
    'OEM comfort seat',
    'GSX-S1000GX, Teilenummer 45100-48820-000 / 45100-48820',
    'Deutschland / Suzuki OEM',
    'Suzuki Deutschland listete 431,55 EUR; Suzuki USA listete 449,95 USD. Vor Kauf lokal erneut prüfen.',
    'Fahrer, die eine plug-and-play Lösung mit OEM-Passform wollen und keine stark individuelle Schmerzstelle haben.',
    'Nicht automatisch die beste Lösung, wenn die originale Sitzform oder Sitzneigung dein Hauptproblem ist.',
    'Zweilagige Urethanschaum-Konstruktion, griffigere Oberflaeche und laut Suzuki geringere Oberflaechentemperatur bei Sonne.',
    'verified source, needs owner feedback',
    4,
    'dealer / affiliate later',
    '/assets/options/comfort-seat.svg',
    'Illustration eines schwarzen Komfort-Motorradsitzes',
    'Suzuki Deutschland',
    'https://motorrad.suzuki.de/modelle/street/gsx-s1000gx/zubehoer/premium-sitz',
    '{"key":"suzuki-premium-seat-de","name":"Suzuki Premium-Sitz Set","maker":"Suzuki","type":"OEM comfort seat","fitment":"GSX-S1000GX, Teilenummer 45100-48820-000 / 45100-48820","market":"Deutschland / Suzuki OEM","priceNote":"Suzuki Deutschland listete 431,55 EUR; Suzuki USA listete 449,95 USD. Vor Kauf lokal erneut prüfen.","bestFor":"Fahrer, die eine plug-and-play Lösung mit OEM-Passform wollen und keine stark individuelle Schmerzstelle haben.","watchOut":"Nicht automatisch die beste Lösung, wenn die originale Sitzform oder Sitzneigung dein Hauptproblem ist.","comfortLogic":"Zweilagige Urethanschaum-Konstruktion, griffigere Oberflaeche und laut Suzuki geringere Oberflaechentemperatur bei Sonne.","researchStatus":"verified source, needs owner feedback","confidence":4,"affiliateStatus":"dealer / affiliate later","imagePath":"/assets/options/comfort-seat.svg","imageAlt":"Illustration eines schwarzen Komfort-Motorradsitzes","sourceLabel":"Suzuki Deutschland","sourceUrl":"https://motorrad.suzuki.de/modelle/street/gsx-s1000gx/zubehoer/premium-sitz","motorcycleSlug":"suzuki-gsx-s1000gx"}'::jsonb,
    now()
  )
  ON CONFLICT (key) DO UPDATE SET
    motorcycle_slug = EXCLUDED.motorcycle_slug,
    name = EXCLUDED.name,
    maker = EXCLUDED.maker,
    option_type = EXCLUDED.option_type,
    fitment = EXCLUDED.fitment,
    market = EXCLUDED.market,
    price_note = EXCLUDED.price_note,
    best_for = EXCLUDED.best_for,
    watch_out = EXCLUDED.watch_out,
    comfort_logic = EXCLUDED.comfort_logic,
    research_status = EXCLUDED.research_status,
    confidence = EXCLUDED.confidence,
    affiliate_status = EXCLUDED.affiliate_status,
    image_path = EXCLUDED.image_path,
    image_alt = EXCLUDED.image_alt,
    source_label = EXCLUDED.source_label,
    source_url = EXCLUDED.source_url,
    source_data = EXCLUDED.source_data,
    updated_at = now();
INSERT INTO seat_options (
    key, motorcycle_slug, name, maker, option_type, fitment, market, price_note,
    best_for, watch_out, comfort_logic, research_status, confidence,
    affiliate_status, image_path, image_alt, source_label, source_url, source_data, updated_at
  )
  VALUES (
    'sargent-world-sport-front',
    'suzuki-gsx-s1000gx',
    'Sargent World Sport Front Seat',
    'Sargent',
    'aftermarket front seat',
    'GSX-S1000GX 2024+ laut Sargent Produktseiten',
    'USA / UK Import möglich',
    'US-Listenpreise für Front-Sitz lagen je nach Variante um 429,95 bis 639,95 USD; UK-Import kann Zoll, Versand und Rückgabe verändern.',
    'Tourenfahrer mit Budget, die eine breitere definierte Sitzform und einen Komplettsitz statt Auflage suchen.',
    'Teuer, Rückgabe/Restocking Fee, Lieferzeit und Importkosten vorher klären. Für kurze Runden oft überdimensioniert.',
    'Sargent nennt breiteren Sitzpan, Performance-Plus/DTX Varianten und optionale Heizung je nach Ausfuehrung.',
    'verified source, needs EU fitment and return check',
    3,
    'research affiliate later',
    '/assets/options/comfort-seat.svg',
    'Illustration eines breiteren Touring-Motorradsitzes',
    'Sargent Cycle',
    'https://www.sargentcycle.com/seats/suzuki/gsxs1000/gsxs1000gx?order=relevance%3Adesc&show=24',
    '{"key":"sargent-world-sport-front","name":"Sargent World Sport Front Seat","maker":"Sargent","type":"aftermarket front seat","fitment":"GSX-S1000GX 2024+ laut Sargent Produktseiten","market":"USA / UK Import möglich","priceNote":"US-Listenpreise für Front-Sitz lagen je nach Variante um 429,95 bis 639,95 USD; UK-Import kann Zoll, Versand und Rückgabe verändern.","bestFor":"Tourenfahrer mit Budget, die eine breitere definierte Sitzform und einen Komplettsitz statt Auflage suchen.","watchOut":"Teuer, Rückgabe/Restocking Fee, Lieferzeit und Importkosten vorher klären. Für kurze Runden oft überdimensioniert.","comfortLogic":"Sargent nennt breiteren Sitzpan, Performance-Plus/DTX Varianten und optionale Heizung je nach Ausfuehrung.","researchStatus":"verified source, needs EU fitment and return check","confidence":3,"affiliateStatus":"research affiliate later","imagePath":"/assets/options/comfort-seat.svg","imageAlt":"Illustration eines breiteren Touring-Motorradsitzes","sourceLabel":"Sargent Cycle","sourceUrl":"https://www.sargentcycle.com/seats/suzuki/gsxs1000/gsxs1000gx?order=relevance%3Adesc&show=24","motorcycleSlug":"suzuki-gsx-s1000gx"}'::jsonb,
    now()
  )
  ON CONFLICT (key) DO UPDATE SET
    motorcycle_slug = EXCLUDED.motorcycle_slug,
    name = EXCLUDED.name,
    maker = EXCLUDED.maker,
    option_type = EXCLUDED.option_type,
    fitment = EXCLUDED.fitment,
    market = EXCLUDED.market,
    price_note = EXCLUDED.price_note,
    best_for = EXCLUDED.best_for,
    watch_out = EXCLUDED.watch_out,
    comfort_logic = EXCLUDED.comfort_logic,
    research_status = EXCLUDED.research_status,
    confidence = EXCLUDED.confidence,
    affiliate_status = EXCLUDED.affiliate_status,
    image_path = EXCLUDED.image_path,
    image_alt = EXCLUDED.image_alt,
    source_label = EXCLUDED.source_label,
    source_url = EXCLUDED.source_url,
    source_data = EXCLUDED.source_data,
    updated_at = now();
INSERT INTO seat_options (
    key, motorcycle_slug, name, maker, option_type, fitment, market, price_note,
    best_for, watch_out, comfort_logic, research_status, confidence,
    affiliate_status, image_path, image_alt, source_label, source_url, source_data, updated_at
  )
  VALUES (
    '3d-mesh-first-test',
    'suzuki-gsx-s1000gx',
    '3D-Mesh Auflage als erster Test',
    'Generic / mehrere Anbieter',
    'reversible add-on',
    'Größe und Befestigung müssen zur GSX-S1000GX Sitzfläche passen',
    'Amazon, Motorradshops, Direktanbieter',
    'Niedrige bis mittlere Kosten; konkrete Links erst nach Affiliate- und Qualitätsprüfung.',
    'Hitze, Schwitzen, leichtes Druckgefühl und alle, die vor einem teuren Sitz erst etwas Rückbaubares testen wollen.',
    'Erhöht die Sitzhöhe leicht, kann rutschen und löst keine falsche Sitzform.',
    'Mehr Luftzirkulation zwischen Hose und Sitz; sinnvoll vor allem bei warmem Wetter und längeren Etappen.',
    'category validated, product shortlist needed',
    3,
    'strong affiliate candidate',
    '/assets/options/mesh-pad.svg',
    'Illustration einer 3D-Mesh Motorrad-Sitzauflage',
    'Forum and category research',
    'https://www.gsxs1000.org/threads/gx-seat-options.48928/',
    '{"key":"3d-mesh-first-test","name":"3D-Mesh Auflage als erster Test","maker":"Generic / mehrere Anbieter","type":"reversible add-on","fitment":"Größe und Befestigung müssen zur GSX-S1000GX Sitzfläche passen","market":"Amazon, Motorradshops, Direktanbieter","priceNote":"Niedrige bis mittlere Kosten; konkrete Links erst nach Affiliate- und Qualitätsprüfung.","bestFor":"Hitze, Schwitzen, leichtes Druckgefühl und alle, die vor einem teuren Sitz erst etwas Rückbaubares testen wollen.","watchOut":"Erhöht die Sitzhöhe leicht, kann rutschen und löst keine falsche Sitzform.","comfortLogic":"Mehr Luftzirkulation zwischen Hose und Sitz; sinnvoll vor allem bei warmem Wetter und längeren Etappen.","researchStatus":"category validated, product shortlist needed","confidence":3,"affiliateStatus":"strong affiliate candidate","imagePath":"/assets/options/mesh-pad.svg","imageAlt":"Illustration einer 3D-Mesh Motorrad-Sitzauflage","sourceLabel":"Forum and category research","sourceUrl":"https://www.gsxs1000.org/threads/gx-seat-options.48928/","motorcycleSlug":"suzuki-gsx-s1000gx"}'::jsonb,
    now()
  )
  ON CONFLICT (key) DO UPDATE SET
    motorcycle_slug = EXCLUDED.motorcycle_slug,
    name = EXCLUDED.name,
    maker = EXCLUDED.maker,
    option_type = EXCLUDED.option_type,
    fitment = EXCLUDED.fitment,
    market = EXCLUDED.market,
    price_note = EXCLUDED.price_note,
    best_for = EXCLUDED.best_for,
    watch_out = EXCLUDED.watch_out,
    comfort_logic = EXCLUDED.comfort_logic,
    research_status = EXCLUDED.research_status,
    confidence = EXCLUDED.confidence,
    affiliate_status = EXCLUDED.affiliate_status,
    image_path = EXCLUDED.image_path,
    image_alt = EXCLUDED.image_alt,
    source_label = EXCLUDED.source_label,
    source_url = EXCLUDED.source_url,
    source_data = EXCLUDED.source_data,
    updated_at = now();
INSERT INTO seat_options (
    key, motorcycle_slug, name, maker, option_type, fitment, market, price_note,
    best_for, watch_out, comfort_logic, research_status, confidence,
    affiliate_status, image_path, image_alt, source_label, source_url, source_data, updated_at
  )
  VALUES (
    'local-upholstery-custom',
    'suzuki-gsx-s1000gx',
    'Lokaler Sattler / Sitzbankumbau',
    'Regionaler Sattler',
    'custom upholstery',
    'Originalsitz oder Zweitsitz als Basis',
    'Deutschland / DACH lokal',
    'Preis stark abhaengig von Schaumaufbau, Bezug, Naehten, Heizung und Abdichtung.',
    'Klare Schmerzstelle, spezieller Körperbau, Wunsch nach anderer Form, Höhe oder Bezug.',
    'Qualität variiert stark. Fotos, Materialaufbau, Wasserdichtigkeit und Rückbau vorher schriftlich klären.',
    'Form, Breite, Kanten, Schaumhaerte und Bezug koennen gezielt an den Fahrer angepasst werden.',
    'needs local provider database',
    2,
    'service directory later',
    '/assets/options/upholstery-workshop.svg',
    'Illustration einer Sitzbank im Sattler-Workshop',
    'Moto Seat Lab research backlog',
    '/de/diy/',
    '{"key":"local-upholstery-custom","name":"Lokaler Sattler / Sitzbankumbau","maker":"Regionaler Sattler","type":"custom upholstery","fitment":"Originalsitz oder Zweitsitz als Basis","market":"Deutschland / DACH lokal","priceNote":"Preis stark abhaengig von Schaumaufbau, Bezug, Naehten, Heizung und Abdichtung.","bestFor":"Klare Schmerzstelle, spezieller Körperbau, Wunsch nach anderer Form, Höhe oder Bezug.","watchOut":"Qualität variiert stark. Fotos, Materialaufbau, Wasserdichtigkeit und Rückbau vorher schriftlich klären.","comfortLogic":"Form, Breite, Kanten, Schaumhaerte und Bezug koennen gezielt an den Fahrer angepasst werden.","researchStatus":"needs local provider database","confidence":2,"affiliateStatus":"service directory later","imagePath":"/assets/options/upholstery-workshop.svg","imageAlt":"Illustration einer Sitzbank im Sattler-Workshop","sourceLabel":"Moto Seat Lab research backlog","sourceUrl":"/de/diy/","motorcycleSlug":"suzuki-gsx-s1000gx"}'::jsonb,
    now()
  )
  ON CONFLICT (key) DO UPDATE SET
    motorcycle_slug = EXCLUDED.motorcycle_slug,
    name = EXCLUDED.name,
    maker = EXCLUDED.maker,
    option_type = EXCLUDED.option_type,
    fitment = EXCLUDED.fitment,
    market = EXCLUDED.market,
    price_note = EXCLUDED.price_note,
    best_for = EXCLUDED.best_for,
    watch_out = EXCLUDED.watch_out,
    comfort_logic = EXCLUDED.comfort_logic,
    research_status = EXCLUDED.research_status,
    confidence = EXCLUDED.confidence,
    affiliate_status = EXCLUDED.affiliate_status,
    image_path = EXCLUDED.image_path,
    image_alt = EXCLUDED.image_alt,
    source_label = EXCLUDED.source_label,
    source_url = EXCLUDED.source_url,
    source_data = EXCLUDED.source_data,
    updated_at = now();
INSERT INTO seat_options (
    key, motorcycle_slug, name, maker, option_type, fitment, market, price_note,
    best_for, watch_out, comfort_logic, research_status, confidence,
    affiliate_status, image_path, image_alt, source_label, source_url, source_data, updated_at
  )
  VALUES (
    'bmw-fast-relief-seat-pad-bmw-r-1300-gs',
    'bmw-r-1300-gs',
    'Schnelle Entlastung: 3D-Mesh oder Luftkissen',
    'Generic / mehrere Anbieter',
    'reversible first relief',
    'BMW GS-Sitzfläche vor Kauf messen; besonders auf Befestigung und Sitzhöhe achten',
    'Deutschland / Amazon, Louis, Polo, SW-Motech, Zubehörhandel',
    'niedrig bis mittel; ideal als erster Test vor 350-700 EUR Sitzbankkauf',
    'Schnelle Hilfe bei Hitze, leichtem Druck oder unklarer Ursache nach 45-90 Minuten.',
    'Kann rutschen, Sitzhöhe erhöhen und löst keine falsche Sitzform oder Kniewinkelprobleme.',
    'Reversibel, billig und vergleichbar: gleicher Weg, gleiche Hose, ähnliche Temperatur.',
    'category validated, product shortlist needed',
    4,
    'strong affiliate candidate',
    '/assets/options/mesh-pad.svg',
    'Illustration einer 3D-Mesh Motorrad-Sitzauflage',
    'SW-Motech TRAVELLER / category reference',
    'https://sw-motech.us/en-us/c/ergonomics/comfort-cushions',
    '{"key":"bmw-fast-relief-seat-pad-bmw-r-1300-gs","motorcycleSlugs":["bmw-r-1300-gs","bmw-r-1250-gs"],"name":"Schnelle Entlastung: 3D-Mesh oder Luftkissen","maker":"Generic / mehrere Anbieter","type":"reversible first relief","fitment":"BMW GS-Sitzfläche vor Kauf messen; besonders auf Befestigung und Sitzhöhe achten","market":"Deutschland / Amazon, Louis, Polo, SW-Motech, Zubehörhandel","priceNote":"niedrig bis mittel; ideal als erster Test vor 350-700 EUR Sitzbankkauf","bestFor":"Schnelle Hilfe bei Hitze, leichtem Druck oder unklarer Ursache nach 45-90 Minuten.","watchOut":"Kann rutschen, Sitzhöhe erhöhen und löst keine falsche Sitzform oder Kniewinkelprobleme.","comfortLogic":"Reversibel, billig und vergleichbar: gleicher Weg, gleiche Hose, ähnliche Temperatur.","researchStatus":"category validated, product shortlist needed","confidence":4,"affiliateStatus":"strong affiliate candidate","imagePath":"/assets/options/mesh-pad.svg","imageAlt":"Illustration einer 3D-Mesh Motorrad-Sitzauflage","sourceLabel":"SW-Motech TRAVELLER / category reference","sourceUrl":"https://sw-motech.us/en-us/c/ergonomics/comfort-cushions","originalKey":"bmw-fast-relief-seat-pad","motorcycleSlug":"bmw-r-1300-gs"}'::jsonb,
    now()
  )
  ON CONFLICT (key) DO UPDATE SET
    motorcycle_slug = EXCLUDED.motorcycle_slug,
    name = EXCLUDED.name,
    maker = EXCLUDED.maker,
    option_type = EXCLUDED.option_type,
    fitment = EXCLUDED.fitment,
    market = EXCLUDED.market,
    price_note = EXCLUDED.price_note,
    best_for = EXCLUDED.best_for,
    watch_out = EXCLUDED.watch_out,
    comfort_logic = EXCLUDED.comfort_logic,
    research_status = EXCLUDED.research_status,
    confidence = EXCLUDED.confidence,
    affiliate_status = EXCLUDED.affiliate_status,
    image_path = EXCLUDED.image_path,
    image_alt = EXCLUDED.image_alt,
    source_label = EXCLUDED.source_label,
    source_url = EXCLUDED.source_url,
    source_data = EXCLUDED.source_data,
    updated_at = now();
INSERT INTO seat_options (
    key, motorcycle_slug, name, maker, option_type, fitment, market, price_note,
    best_for, watch_out, comfort_logic, research_status, confidence,
    affiliate_status, image_path, image_alt, source_label, source_url, source_data, updated_at
  )
  VALUES (
    'bmw-fast-relief-seat-pad-bmw-r-1250-gs',
    'bmw-r-1250-gs',
    'Schnelle Entlastung: 3D-Mesh oder Luftkissen',
    'Generic / mehrere Anbieter',
    'reversible first relief',
    'BMW GS-Sitzfläche vor Kauf messen; besonders auf Befestigung und Sitzhöhe achten',
    'Deutschland / Amazon, Louis, Polo, SW-Motech, Zubehörhandel',
    'niedrig bis mittel; ideal als erster Test vor 350-700 EUR Sitzbankkauf',
    'Schnelle Hilfe bei Hitze, leichtem Druck oder unklarer Ursache nach 45-90 Minuten.',
    'Kann rutschen, Sitzhöhe erhöhen und löst keine falsche Sitzform oder Kniewinkelprobleme.',
    'Reversibel, billig und vergleichbar: gleicher Weg, gleiche Hose, ähnliche Temperatur.',
    'category validated, product shortlist needed',
    4,
    'strong affiliate candidate',
    '/assets/options/mesh-pad.svg',
    'Illustration einer 3D-Mesh Motorrad-Sitzauflage',
    'SW-Motech TRAVELLER / category reference',
    'https://sw-motech.us/en-us/c/ergonomics/comfort-cushions',
    '{"key":"bmw-fast-relief-seat-pad-bmw-r-1250-gs","motorcycleSlugs":["bmw-r-1300-gs","bmw-r-1250-gs"],"name":"Schnelle Entlastung: 3D-Mesh oder Luftkissen","maker":"Generic / mehrere Anbieter","type":"reversible first relief","fitment":"BMW GS-Sitzfläche vor Kauf messen; besonders auf Befestigung und Sitzhöhe achten","market":"Deutschland / Amazon, Louis, Polo, SW-Motech, Zubehörhandel","priceNote":"niedrig bis mittel; ideal als erster Test vor 350-700 EUR Sitzbankkauf","bestFor":"Schnelle Hilfe bei Hitze, leichtem Druck oder unklarer Ursache nach 45-90 Minuten.","watchOut":"Kann rutschen, Sitzhöhe erhöhen und löst keine falsche Sitzform oder Kniewinkelprobleme.","comfortLogic":"Reversibel, billig und vergleichbar: gleicher Weg, gleiche Hose, ähnliche Temperatur.","researchStatus":"category validated, product shortlist needed","confidence":4,"affiliateStatus":"strong affiliate candidate","imagePath":"/assets/options/mesh-pad.svg","imageAlt":"Illustration einer 3D-Mesh Motorrad-Sitzauflage","sourceLabel":"SW-Motech TRAVELLER / category reference","sourceUrl":"https://sw-motech.us/en-us/c/ergonomics/comfort-cushions","originalKey":"bmw-fast-relief-seat-pad","motorcycleSlug":"bmw-r-1250-gs"}'::jsonb,
    now()
  )
  ON CONFLICT (key) DO UPDATE SET
    motorcycle_slug = EXCLUDED.motorcycle_slug,
    name = EXCLUDED.name,
    maker = EXCLUDED.maker,
    option_type = EXCLUDED.option_type,
    fitment = EXCLUDED.fitment,
    market = EXCLUDED.market,
    price_note = EXCLUDED.price_note,
    best_for = EXCLUDED.best_for,
    watch_out = EXCLUDED.watch_out,
    comfort_logic = EXCLUDED.comfort_logic,
    research_status = EXCLUDED.research_status,
    confidence = EXCLUDED.confidence,
    affiliate_status = EXCLUDED.affiliate_status,
    image_path = EXCLUDED.image_path,
    image_alt = EXCLUDED.image_alt,
    source_label = EXCLUDED.source_label,
    source_url = EXCLUDED.source_url,
    source_data = EXCLUDED.source_data,
    updated_at = now();
INSERT INTO seat_options (
    key, motorcycle_slug, name, maker, option_type, fitment, market, price_note,
    best_for, watch_out, comfort_logic, research_status, confidence,
    affiliate_status, image_path, image_alt, source_label, source_url, source_data, updated_at
  )
  VALUES (
    'wunderlich-aktivkomfort-r1300gs',
    'bmw-r-1300-gs',
    'Wunderlich AKTIVKOMFORT Sitzbank',
    'Wunderlich',
    'German aftermarket seat',
    'BMW R 1300 GS je nach Variante, Höhe, Heizung und Modelljahr prüfen',
    'Deutschland / DACH',
    'Wunderlich listete R 1300 GS Varianten um ca. 359-449 EUR; vor Kauf erneut prüfen.',
    'BMW-Fahrer in Deutschland, die eine deutsche Plug-and-play Lösung mit ergonomischer Form suchen.',
    'Variante, Sitzhöhe, Heizung, Rückgabe und echte Langstreckenberichte prüfen.',
    'Wunderlich bewirbt ergonomische 3D-Kontur, aktive Sitzhaltung und Thermo-Pro Oberfläche je nach Variante.',
    'verified source, needs owner feedback',
    4,
    'dealer / affiliate later',
    '/assets/options/comfort-seat.svg',
    'Illustration einer Komfort-Sitzbank',
    'Wunderlich R 1300 GS AKTIVKOMFORT',
    'https://www.wunderlich.de/en/wunderlich-aktivkomfort-rider-seat-r-1300-gs-13100-002',
    '{"key":"wunderlich-aktivkomfort-r1300gs","motorcycleSlugs":["bmw-r-1300-gs"],"name":"Wunderlich AKTIVKOMFORT Sitzbank","maker":"Wunderlich","type":"German aftermarket seat","fitment":"BMW R 1300 GS je nach Variante, Höhe, Heizung und Modelljahr prüfen","market":"Deutschland / DACH","priceNote":"Wunderlich listete R 1300 GS Varianten um ca. 359-449 EUR; vor Kauf erneut prüfen.","bestFor":"BMW-Fahrer in Deutschland, die eine deutsche Plug-and-play Lösung mit ergonomischer Form suchen.","watchOut":"Variante, Sitzhöhe, Heizung, Rückgabe und echte Langstreckenberichte prüfen.","comfortLogic":"Wunderlich bewirbt ergonomische 3D-Kontur, aktive Sitzhaltung und Thermo-Pro Oberfläche je nach Variante.","researchStatus":"verified source, needs owner feedback","confidence":4,"affiliateStatus":"dealer / affiliate later","imagePath":"/assets/options/comfort-seat.svg","imageAlt":"Illustration einer Komfort-Sitzbank","sourceLabel":"Wunderlich R 1300 GS AKTIVKOMFORT","sourceUrl":"https://www.wunderlich.de/en/wunderlich-aktivkomfort-rider-seat-r-1300-gs-13100-002","originalKey":"wunderlich-aktivkomfort-r1300gs","motorcycleSlug":"bmw-r-1300-gs"}'::jsonb,
    now()
  )
  ON CONFLICT (key) DO UPDATE SET
    motorcycle_slug = EXCLUDED.motorcycle_slug,
    name = EXCLUDED.name,
    maker = EXCLUDED.maker,
    option_type = EXCLUDED.option_type,
    fitment = EXCLUDED.fitment,
    market = EXCLUDED.market,
    price_note = EXCLUDED.price_note,
    best_for = EXCLUDED.best_for,
    watch_out = EXCLUDED.watch_out,
    comfort_logic = EXCLUDED.comfort_logic,
    research_status = EXCLUDED.research_status,
    confidence = EXCLUDED.confidence,
    affiliate_status = EXCLUDED.affiliate_status,
    image_path = EXCLUDED.image_path,
    image_alt = EXCLUDED.image_alt,
    source_label = EXCLUDED.source_label,
    source_url = EXCLUDED.source_url,
    source_data = EXCLUDED.source_data,
    updated_at = now();
INSERT INTO seat_options (
    key, motorcycle_slug, name, maker, option_type, fitment, market, price_note,
    best_for, watch_out, comfort_logic, research_status, confidence,
    affiliate_status, image_path, image_alt, source_label, source_url, source_data, updated_at
  )
  VALUES (
    'touratech-fresh-touch-r1300gs',
    'bmw-r-1300-gs',
    'Touratech Fresh Touch Komfortsitz',
    'Touratech',
    'German touring seat',
    'BMW R 1300 GS, Heizung/ohne Heizung und Fahrer/Sozius-Variante prüfen',
    'Deutschland / international',
    'hoch; konkrete Variante und Preis vor Kauf prüfen.',
    'Lange Touren, warme Bedingungen und Fahrer, die eine BMW-spezifische Touring-Lösung suchen.',
    'Teuer; nicht blind kaufen, Rückgabe und Sitzhöhe vorher klären.',
    'Fresh Touch Oberfläche zielt auf geringere Aufheizung, Touring-Form und direkten Austausch.',
    'verified source, needs owner feedback',
    3,
    'dealer / affiliate later',
    '/assets/options/comfort-seat.svg',
    'Illustration einer Touring-Komfort-Sitzbank',
    'Touratech BMW R 1300 GS Komfortsitz',
    'https://www.touratech.com/en/comfort-seat-rider-fresh-touch-for-bmw-r1300gs.html',
    '{"key":"touratech-fresh-touch-r1300gs","motorcycleSlugs":["bmw-r-1300-gs"],"name":"Touratech Fresh Touch Komfortsitz","maker":"Touratech","type":"German touring seat","fitment":"BMW R 1300 GS, Heizung/ohne Heizung und Fahrer/Sozius-Variante prüfen","market":"Deutschland / international","priceNote":"hoch; konkrete Variante und Preis vor Kauf prüfen.","bestFor":"Lange Touren, warme Bedingungen und Fahrer, die eine BMW-spezifische Touring-Lösung suchen.","watchOut":"Teuer; nicht blind kaufen, Rückgabe und Sitzhöhe vorher klären.","comfortLogic":"Fresh Touch Oberfläche zielt auf geringere Aufheizung, Touring-Form und direkten Austausch.","researchStatus":"verified source, needs owner feedback","confidence":3,"affiliateStatus":"dealer / affiliate later","imagePath":"/assets/options/comfort-seat.svg","imageAlt":"Illustration einer Touring-Komfort-Sitzbank","sourceLabel":"Touratech BMW R 1300 GS Komfortsitz","sourceUrl":"https://www.touratech.com/en/comfort-seat-rider-fresh-touch-for-bmw-r1300gs.html","originalKey":"touratech-fresh-touch-r1300gs","motorcycleSlug":"bmw-r-1300-gs"}'::jsonb,
    now()
  )
  ON CONFLICT (key) DO UPDATE SET
    motorcycle_slug = EXCLUDED.motorcycle_slug,
    name = EXCLUDED.name,
    maker = EXCLUDED.maker,
    option_type = EXCLUDED.option_type,
    fitment = EXCLUDED.fitment,
    market = EXCLUDED.market,
    price_note = EXCLUDED.price_note,
    best_for = EXCLUDED.best_for,
    watch_out = EXCLUDED.watch_out,
    comfort_logic = EXCLUDED.comfort_logic,
    research_status = EXCLUDED.research_status,
    confidence = EXCLUDED.confidence,
    affiliate_status = EXCLUDED.affiliate_status,
    image_path = EXCLUDED.image_path,
    image_alt = EXCLUDED.image_alt,
    source_label = EXCLUDED.source_label,
    source_url = EXCLUDED.source_url,
    source_data = EXCLUDED.source_data,
    updated_at = now();
INSERT INTO seat_options (
    key, motorcycle_slug, name, maker, option_type, fitment, market, price_note,
    best_for, watch_out, comfort_logic, research_status, confidence,
    affiliate_status, image_path, image_alt, source_label, source_url, source_data, updated_at
  )
  VALUES (
    'sargent-world-sport-bmw-gs-bmw-r-1300-gs',
    'bmw-r-1300-gs',
    'Sargent World Sport Adventure Touring',
    'Sargent',
    'global aftermarket seat',
    'BMW R 1200/1250 GS/GSA oder R 1300 GS je nach Produktlinie separat prüfen',
    'USA / EU-Import und Händler',
    'hoch; Versand, Zoll, Rückgabe und Heizungs-/Höhenvariante beachten.',
    'Langstreckenfahrer mit Budget, die eine globale Premium-Alternative vergleichen wollen.',
    'Import, Rückgabe, Modelljahr, Heizungsanschluss und Sitzhöhe vor Kauf klären.',
    'Breitere Touring-Form und Sargent-Schaumkonzept; interessant nach deutschem Vergleich.',
    'verified source, needs EU return check',
    3,
    'research affiliate later',
    '/assets/options/comfort-seat.svg',
    'Illustration eines breiteren Adventure-Touring-Sitzes',
    'Sargent BMW GS seats',
    'https://www.sargentcycle.com/seats/bmw/r/r13gs/r1300gs?page=1',
    '{"key":"sargent-world-sport-bmw-gs-bmw-r-1300-gs","motorcycleSlugs":["bmw-r-1300-gs","bmw-r-1250-gs"],"name":"Sargent World Sport Adventure Touring","maker":"Sargent","type":"global aftermarket seat","fitment":"BMW R 1200/1250 GS/GSA oder R 1300 GS je nach Produktlinie separat prüfen","market":"USA / EU-Import und Händler","priceNote":"hoch; Versand, Zoll, Rückgabe und Heizungs-/Höhenvariante beachten.","bestFor":"Langstreckenfahrer mit Budget, die eine globale Premium-Alternative vergleichen wollen.","watchOut":"Import, Rückgabe, Modelljahr, Heizungsanschluss und Sitzhöhe vor Kauf klären.","comfortLogic":"Breitere Touring-Form und Sargent-Schaumkonzept; interessant nach deutschem Vergleich.","researchStatus":"verified source, needs EU return check","confidence":3,"affiliateStatus":"research affiliate later","imagePath":"/assets/options/comfort-seat.svg","imageAlt":"Illustration eines breiteren Adventure-Touring-Sitzes","sourceLabel":"Sargent BMW GS seats","sourceUrl":"https://www.sargentcycle.com/seats/bmw/r/r13gs/r1300gs?page=1","originalKey":"sargent-world-sport-bmw-gs","motorcycleSlug":"bmw-r-1300-gs"}'::jsonb,
    now()
  )
  ON CONFLICT (key) DO UPDATE SET
    motorcycle_slug = EXCLUDED.motorcycle_slug,
    name = EXCLUDED.name,
    maker = EXCLUDED.maker,
    option_type = EXCLUDED.option_type,
    fitment = EXCLUDED.fitment,
    market = EXCLUDED.market,
    price_note = EXCLUDED.price_note,
    best_for = EXCLUDED.best_for,
    watch_out = EXCLUDED.watch_out,
    comfort_logic = EXCLUDED.comfort_logic,
    research_status = EXCLUDED.research_status,
    confidence = EXCLUDED.confidence,
    affiliate_status = EXCLUDED.affiliate_status,
    image_path = EXCLUDED.image_path,
    image_alt = EXCLUDED.image_alt,
    source_label = EXCLUDED.source_label,
    source_url = EXCLUDED.source_url,
    source_data = EXCLUDED.source_data,
    updated_at = now();
INSERT INTO seat_options (
    key, motorcycle_slug, name, maker, option_type, fitment, market, price_note,
    best_for, watch_out, comfort_logic, research_status, confidence,
    affiliate_status, image_path, image_alt, source_label, source_url, source_data, updated_at
  )
  VALUES (
    'sargent-world-sport-bmw-gs-bmw-r-1250-gs',
    'bmw-r-1250-gs',
    'Sargent World Sport Adventure Touring',
    'Sargent',
    'global aftermarket seat',
    'BMW R 1200/1250 GS/GSA oder R 1300 GS je nach Produktlinie separat prüfen',
    'USA / EU-Import und Händler',
    'hoch; Versand, Zoll, Rückgabe und Heizungs-/Höhenvariante beachten.',
    'Langstreckenfahrer mit Budget, die eine globale Premium-Alternative vergleichen wollen.',
    'Import, Rückgabe, Modelljahr, Heizungsanschluss und Sitzhöhe vor Kauf klären.',
    'Breitere Touring-Form und Sargent-Schaumkonzept; interessant nach deutschem Vergleich.',
    'verified source, needs EU return check',
    3,
    'research affiliate later',
    '/assets/options/comfort-seat.svg',
    'Illustration eines breiteren Adventure-Touring-Sitzes',
    'Sargent BMW GS seats',
    'https://www.sargentcycle.com/seats/bmw/r/r13gs/r1300gs?page=1',
    '{"key":"sargent-world-sport-bmw-gs-bmw-r-1250-gs","motorcycleSlugs":["bmw-r-1300-gs","bmw-r-1250-gs"],"name":"Sargent World Sport Adventure Touring","maker":"Sargent","type":"global aftermarket seat","fitment":"BMW R 1200/1250 GS/GSA oder R 1300 GS je nach Produktlinie separat prüfen","market":"USA / EU-Import und Händler","priceNote":"hoch; Versand, Zoll, Rückgabe und Heizungs-/Höhenvariante beachten.","bestFor":"Langstreckenfahrer mit Budget, die eine globale Premium-Alternative vergleichen wollen.","watchOut":"Import, Rückgabe, Modelljahr, Heizungsanschluss und Sitzhöhe vor Kauf klären.","comfortLogic":"Breitere Touring-Form und Sargent-Schaumkonzept; interessant nach deutschem Vergleich.","researchStatus":"verified source, needs EU return check","confidence":3,"affiliateStatus":"research affiliate later","imagePath":"/assets/options/comfort-seat.svg","imageAlt":"Illustration eines breiteren Adventure-Touring-Sitzes","sourceLabel":"Sargent BMW GS seats","sourceUrl":"https://www.sargentcycle.com/seats/bmw/r/r13gs/r1300gs?page=1","originalKey":"sargent-world-sport-bmw-gs","motorcycleSlug":"bmw-r-1250-gs"}'::jsonb,
    now()
  )
  ON CONFLICT (key) DO UPDATE SET
    motorcycle_slug = EXCLUDED.motorcycle_slug,
    name = EXCLUDED.name,
    maker = EXCLUDED.maker,
    option_type = EXCLUDED.option_type,
    fitment = EXCLUDED.fitment,
    market = EXCLUDED.market,
    price_note = EXCLUDED.price_note,
    best_for = EXCLUDED.best_for,
    watch_out = EXCLUDED.watch_out,
    comfort_logic = EXCLUDED.comfort_logic,
    research_status = EXCLUDED.research_status,
    confidence = EXCLUDED.confidence,
    affiliate_status = EXCLUDED.affiliate_status,
    image_path = EXCLUDED.image_path,
    image_alt = EXCLUDED.image_alt,
    source_label = EXCLUDED.source_label,
    source_url = EXCLUDED.source_url,
    source_data = EXCLUDED.source_data,
    updated_at = now();
DELETE FROM seat_product_fitments;
DELETE FROM seat_products;
DELETE FROM seat_manufacturers;
INSERT INTO seat_manufacturers (
    key, name, manufacturer_type, country, website, notes, source_data, updated_at
  )
  VALUES (
    'suzuki',
    'Suzuki Genuine Accessories',
    'oem',
    'JP',
    'https://www.globalsuzuki.com/motorcycle/',
    'OEM accessories; local availability differs by market.',
    '{"key":"suzuki","name":"Suzuki Genuine Accessories","manufacturerType":"oem","country":"JP","website":"https://www.globalsuzuki.com/motorcycle/","notes":"OEM accessories; local availability differs by market."}'::jsonb,
    now()
  )
  ON CONFLICT (key) DO UPDATE SET
    name = EXCLUDED.name,
    manufacturer_type = EXCLUDED.manufacturer_type,
    country = EXCLUDED.country,
    website = EXCLUDED.website,
    notes = EXCLUDED.notes,
    source_data = EXCLUDED.source_data,
    updated_at = now();
INSERT INTO seat_manufacturers (
    key, name, manufacturer_type, country, website, notes, source_data, updated_at
  )
  VALUES (
    'bmw-motorrad',
    'BMW Motorrad',
    'oem',
    'DE',
    'https://www.bmw-motorrad.com/',
    'OEM comfort, low, high and heated seat options are usually market and configuration dependent.',
    '{"key":"bmw-motorrad","name":"BMW Motorrad","manufacturerType":"oem","country":"DE","website":"https://www.bmw-motorrad.com/","notes":"OEM comfort, low, high and heated seat options are usually market and configuration dependent."}'::jsonb,
    now()
  )
  ON CONFLICT (key) DO UPDATE SET
    name = EXCLUDED.name,
    manufacturer_type = EXCLUDED.manufacturer_type,
    country = EXCLUDED.country,
    website = EXCLUDED.website,
    notes = EXCLUDED.notes,
    source_data = EXCLUDED.source_data,
    updated_at = now();
INSERT INTO seat_manufacturers (
    key, name, manufacturer_type, country, website, notes, source_data, updated_at
  )
  VALUES (
    'yamaha',
    'Yamaha Genuine Accessories',
    'oem',
    'JP',
    'https://www.yamaha-motor.eu/',
    'OEM accessory availability differs by country.',
    '{"key":"yamaha","name":"Yamaha Genuine Accessories","manufacturerType":"oem","country":"JP","website":"https://www.yamaha-motor.eu/","notes":"OEM accessory availability differs by country."}'::jsonb,
    now()
  )
  ON CONFLICT (key) DO UPDATE SET
    name = EXCLUDED.name,
    manufacturer_type = EXCLUDED.manufacturer_type,
    country = EXCLUDED.country,
    website = EXCLUDED.website,
    notes = EXCLUDED.notes,
    source_data = EXCLUDED.source_data,
    updated_at = now();
INSERT INTO seat_manufacturers (
    key, name, manufacturer_type, country, website, notes, source_data, updated_at
  )
  VALUES (
    'honda',
    'Honda Genuine Accessories',
    'oem',
    'JP',
    'https://www.honda.co.uk/motorcycles/',
    'OEM accessories and packs differ by model year and national distributor.',
    '{"key":"honda","name":"Honda Genuine Accessories","manufacturerType":"oem","country":"JP","website":"https://www.honda.co.uk/motorcycles/","notes":"OEM accessories and packs differ by model year and national distributor."}'::jsonb,
    now()
  )
  ON CONFLICT (key) DO UPDATE SET
    name = EXCLUDED.name,
    manufacturer_type = EXCLUDED.manufacturer_type,
    country = EXCLUDED.country,
    website = EXCLUDED.website,
    notes = EXCLUDED.notes,
    source_data = EXCLUDED.source_data,
    updated_at = now();
INSERT INTO seat_manufacturers (
    key, name, manufacturer_type, country, website, notes, source_data, updated_at
  )
  VALUES (
    'kawasaki',
    'Kawasaki Genuine Accessories',
    'oem',
    'JP',
    'https://www.kawasaki.eu/',
    'OEM Ergo-Fit and low-seat accessories are common for selected models.',
    '{"key":"kawasaki","name":"Kawasaki Genuine Accessories","manufacturerType":"oem","country":"JP","website":"https://www.kawasaki.eu/","notes":"OEM Ergo-Fit and low-seat accessories are common for selected models."}'::jsonb,
    now()
  )
  ON CONFLICT (key) DO UPDATE SET
    name = EXCLUDED.name,
    manufacturer_type = EXCLUDED.manufacturer_type,
    country = EXCLUDED.country,
    website = EXCLUDED.website,
    notes = EXCLUDED.notes,
    source_data = EXCLUDED.source_data,
    updated_at = now();
INSERT INTO seat_manufacturers (
    key, name, manufacturer_type, country, website, notes, source_data, updated_at
  )
  VALUES (
    'ducati-performance',
    'Ducati Performance',
    'oem',
    'IT',
    'https://www.ducati.com/',
    'OEM Ducati accessories; part numbers and model year support can change.',
    '{"key":"ducati-performance","name":"Ducati Performance","manufacturerType":"oem","country":"IT","website":"https://www.ducati.com/","notes":"OEM Ducati accessories; part numbers and model year support can change."}'::jsonb,
    now()
  )
  ON CONFLICT (key) DO UPDATE SET
    name = EXCLUDED.name,
    manufacturer_type = EXCLUDED.manufacturer_type,
    country = EXCLUDED.country,
    website = EXCLUDED.website,
    notes = EXCLUDED.notes,
    source_data = EXCLUDED.source_data,
    updated_at = now();
INSERT INTO seat_manufacturers (
    key, name, manufacturer_type, country, website, notes, source_data, updated_at
  )
  VALUES (
    'wunderlich',
    'Wunderlich',
    'aftermarket',
    'DE',
    'https://www.wunderlich.de/',
    'German BMW-focused aftermarket seats and accessories.',
    '{"key":"wunderlich","name":"Wunderlich","manufacturerType":"aftermarket","country":"DE","website":"https://www.wunderlich.de/","notes":"German BMW-focused aftermarket seats and accessories."}'::jsonb,
    now()
  )
  ON CONFLICT (key) DO UPDATE SET
    name = EXCLUDED.name,
    manufacturer_type = EXCLUDED.manufacturer_type,
    country = EXCLUDED.country,
    website = EXCLUDED.website,
    notes = EXCLUDED.notes,
    source_data = EXCLUDED.source_data,
    updated_at = now();
INSERT INTO seat_manufacturers (
    key, name, manufacturer_type, country, website, notes, source_data, updated_at
  )
  VALUES (
    'touratech',
    'Touratech',
    'aftermarket',
    'DE',
    'https://www.touratech.com/',
    'Adventure touring accessories and comfort seats.',
    '{"key":"touratech","name":"Touratech","manufacturerType":"aftermarket","country":"DE","website":"https://www.touratech.com/","notes":"Adventure touring accessories and comfort seats."}'::jsonb,
    now()
  )
  ON CONFLICT (key) DO UPDATE SET
    name = EXCLUDED.name,
    manufacturer_type = EXCLUDED.manufacturer_type,
    country = EXCLUDED.country,
    website = EXCLUDED.website,
    notes = EXCLUDED.notes,
    source_data = EXCLUDED.source_data,
    updated_at = now();
INSERT INTO seat_manufacturers (
    key, name, manufacturer_type, country, website, notes, source_data, updated_at
  )
  VALUES (
    'sargent',
    'Sargent Cycle Products',
    'aftermarket',
    'US',
    'https://www.sargentcycle.com/',
    'Aftermarket complete seats and seat upgrades; EU buyers must check import, return and heating wiring.',
    '{"key":"sargent","name":"Sargent Cycle Products","manufacturerType":"aftermarket","country":"US","website":"https://www.sargentcycle.com/","notes":"Aftermarket complete seats and seat upgrades; EU buyers must check import, return and heating wiring."}'::jsonb,
    now()
  )
  ON CONFLICT (key) DO UPDATE SET
    name = EXCLUDED.name,
    manufacturer_type = EXCLUDED.manufacturer_type,
    country = EXCLUDED.country,
    website = EXCLUDED.website,
    notes = EXCLUDED.notes,
    source_data = EXCLUDED.source_data,
    updated_at = now();
INSERT INTO seat_manufacturers (
    key, name, manufacturer_type, country, website, notes, source_data, updated_at
  )
  VALUES (
    'bagster',
    'Bagster',
    'aftermarket',
    'FR',
    'https://www.bagster.com/',
    'Ready and Ready Luxe complete seats; exact model and year fitment must be checked carefully.',
    '{"key":"bagster","name":"Bagster","manufacturerType":"aftermarket","country":"FR","website":"https://www.bagster.com/","notes":"Ready and Ready Luxe complete seats; exact model and year fitment must be checked carefully."}'::jsonb,
    now()
  )
  ON CONFLICT (key) DO UPDATE SET
    name = EXCLUDED.name,
    manufacturer_type = EXCLUDED.manufacturer_type,
    country = EXCLUDED.country,
    website = EXCLUDED.website,
    notes = EXCLUDED.notes,
    source_data = EXCLUDED.source_data,
    updated_at = now();
INSERT INTO seat_manufacturers (
    key, name, manufacturer_type, country, website, notes, source_data, updated_at
  )
  VALUES (
    'corbin',
    'Corbin',
    'aftermarket',
    'US',
    'https://www.corbin.com/',
    'Customizable aftermarket seats; colour, return and fitment risk should be clearly explained.',
    '{"key":"corbin","name":"Corbin","manufacturerType":"aftermarket","country":"US","website":"https://www.corbin.com/","notes":"Customizable aftermarket seats; colour, return and fitment risk should be clearly explained."}'::jsonb,
    now()
  )
  ON CONFLICT (key) DO UPDATE SET
    name = EXCLUDED.name,
    manufacturer_type = EXCLUDED.manufacturer_type,
    country = EXCLUDED.country,
    website = EXCLUDED.website,
    notes = EXCLUDED.notes,
    source_data = EXCLUDED.source_data,
    updated_at = now();
INSERT INTO seat_manufacturers (
    key, name, manufacturer_type, country, website, notes, source_data, updated_at
  )
  VALUES (
    'seat-concepts',
    'Seat Concepts',
    'aftermarket',
    'US',
    'https://www.seatconcepts.com/',
    'Foam and cover kits or complete seats, especially offroad/adventure models.',
    '{"key":"seat-concepts","name":"Seat Concepts","manufacturerType":"aftermarket","country":"US","website":"https://www.seatconcepts.com/","notes":"Foam and cover kits or complete seats, especially offroad/adventure models."}'::jsonb,
    now()
  )
  ON CONFLICT (key) DO UPDATE SET
    name = EXCLUDED.name,
    manufacturer_type = EXCLUDED.manufacturer_type,
    country = EXCLUDED.country,
    website = EXCLUDED.website,
    notes = EXCLUDED.notes,
    source_data = EXCLUDED.source_data,
    updated_at = now();
INSERT INTO seat_manufacturers (
    key, name, manufacturer_type, country, website, notes, source_data, updated_at
  )
  VALUES (
    'tappezzeria-italia',
    'Tappezzeria Italia',
    'aftermarket_cover',
    'IT',
    'https://www.tappezzeriaitalia.it/',
    'Comfort covers with memory foam; usually requires upholstery work.',
    '{"key":"tappezzeria-italia","name":"Tappezzeria Italia","manufacturerType":"aftermarket_cover","country":"IT","website":"https://www.tappezzeriaitalia.it/","notes":"Comfort covers with memory foam; usually requires upholstery work."}'::jsonb,
    now()
  )
  ON CONFLICT (key) DO UPDATE SET
    name = EXCLUDED.name,
    manufacturer_type = EXCLUDED.manufacturer_type,
    country = EXCLUDED.country,
    website = EXCLUDED.website,
    notes = EXCLUDED.notes,
    source_data = EXCLUDED.source_data,
    updated_at = now();
INSERT INTO seat_manufacturers (
    key, name, manufacturer_type, country, website, notes, source_data, updated_at
  )
  VALUES (
    'sw-motech',
    'SW-Motech',
    'comfort_pad',
    'DE',
    'https://sw-motech.com/',
    'Universal comfort cushions and accessories; not model-specific seat replacement.',
    '{"key":"sw-motech","name":"SW-Motech","manufacturerType":"comfort_pad","country":"DE","website":"https://sw-motech.com/","notes":"Universal comfort cushions and accessories; not model-specific seat replacement."}'::jsonb,
    now()
  )
  ON CONFLICT (key) DO UPDATE SET
    name = EXCLUDED.name,
    manufacturer_type = EXCLUDED.manufacturer_type,
    country = EXCLUDED.country,
    website = EXCLUDED.website,
    notes = EXCLUDED.notes,
    source_data = EXCLUDED.source_data,
    updated_at = now();
INSERT INTO seat_products (
    key, manufacturer_key, name, product_type, status, price_band, price_note,
    comfort_claims, risks, colors, variants, source_label, source_url,
    source_checked_at, source_data, updated_at
  )
  VALUES (
    'suzuki-gsx-s1000gx-premium-seat-45100-48820',
    'suzuki',
    'Premium Seat',
    'oem_complete_seat',
    'verified_source',
    'mid',
    'Suzuki USA listed USD 449.95; EU dealer price must be checked locally.',
    '["double-layer cushion construction","firmer support","cooler surface claim","positive grip"]'::jsonb,
    '["OEM comfort improvement is not the same as individual ergonomic correction","market availability can change"]'::jsonb,
    '["black","red stitching"]'::jsonb,
    '[{"name":"Premium Seat","partNumber":"45100-48820 / 45100-48820-000","position":"rider-passenger set","heightDeltaMm":null,"heated":false,"cover":"black with red double stitching"}]'::jsonb,
    'Suzuki Global / Suzuki USA',
    'https://www.globalsuzuki.com/motorcycle/smgs/products/2026gsx-s1000gx/',
    '2026-06-05',
    '{"key":"suzuki-gsx-s1000gx-premium-seat-45100-48820","manufacturerKey":"suzuki","name":"Premium Seat","productType":"oem_complete_seat","status":"verified_source","priceBand":"mid","priceNote":"Suzuki USA listed USD 449.95; EU dealer price must be checked locally.","comfortClaims":["double-layer cushion construction","firmer support","cooler surface claim","positive grip"],"risks":["OEM comfort improvement is not the same as individual ergonomic correction","market availability can change"],"colors":["black","red stitching"],"variants":[{"name":"Premium Seat","partNumber":"45100-48820 / 45100-48820-000","position":"rider-passenger set","heightDeltaMm":null,"heated":false,"cover":"black with red double stitching"}],"fitments":[{"motorcycleSlug":"suzuki-gsx-s1000gx","brand":"Suzuki","model":"GSX-S1000GX","yearStart":2024,"yearEnd":2026,"fitmentStatus":"verified_source","notes":"Local Suzuki dealer must confirm country-specific accessory availability."}],"source":{"label":"Suzuki Global / Suzuki USA","url":"https://www.globalsuzuki.com/motorcycle/smgs/products/2026gsx-s1000gx/","checkedAt":"2026-06-05"}}'::jsonb,
    now()
  )
  ON CONFLICT (key) DO UPDATE SET
    manufacturer_key = EXCLUDED.manufacturer_key,
    name = EXCLUDED.name,
    product_type = EXCLUDED.product_type,
    status = EXCLUDED.status,
    price_band = EXCLUDED.price_band,
    price_note = EXCLUDED.price_note,
    comfort_claims = EXCLUDED.comfort_claims,
    risks = EXCLUDED.risks,
    colors = EXCLUDED.colors,
    variants = EXCLUDED.variants,
    source_label = EXCLUDED.source_label,
    source_url = EXCLUDED.source_url,
    source_checked_at = EXCLUDED.source_checked_at,
    source_data = EXCLUDED.source_data,
    updated_at = now();
INSERT INTO seat_product_fitments (
      product_key, motorcycle_slug, brand, model, year_start, year_end,
      fitment_status, notes, source_data
    )
    VALUES (
      'suzuki-gsx-s1000gx-premium-seat-45100-48820',
      'suzuki-gsx-s1000gx',
      'Suzuki',
      'GSX-S1000GX',
      2024,
      2026,
      'verified_source',
      'Local Suzuki dealer must confirm country-specific accessory availability.',
      '{"motorcycleSlug":"suzuki-gsx-s1000gx","brand":"Suzuki","model":"GSX-S1000GX","yearStart":2024,"yearEnd":2026,"fitmentStatus":"verified_source","notes":"Local Suzuki dealer must confirm country-specific accessory availability."}'::jsonb
    )
    ON CONFLICT (product_key, motorcycle_slug, brand, model) DO UPDATE SET
      year_start = EXCLUDED.year_start,
      year_end = EXCLUDED.year_end,
      fitment_status = EXCLUDED.fitment_status,
      notes = EXCLUDED.notes,
      source_data = EXCLUDED.source_data;
INSERT INTO seat_products (
    key, manufacturer_key, name, product_type, status, price_band, price_note,
    comfort_claims, risks, colors, variants, source_label, source_url,
    source_checked_at, source_data, updated_at
  )
  VALUES (
    'suzuki-gsx-s1000gx-low-seat',
    'suzuki',
    'Low Seat',
    'oem_complete_seat',
    'verified_source',
    'mid',
    'Country-specific dealer price required.',
    '["lower seating position"]'::jsonb,
    '["lower seat can worsen knee angle","less foam can reduce long-distance comfort"]'::jsonb,
    '["black"]'::jsonb,
    '[{"name":"Low Seat","partNumber":null,"position":"rider-passenger set","heightDeltaMm":null,"heated":false,"cover":"black"}]'::jsonb,
    'Suzuki Global',
    'https://www.globalsuzuki.com/motorcycle/smgs/products/2026gsx-s1000gx/',
    '2026-06-05',
    '{"key":"suzuki-gsx-s1000gx-low-seat","manufacturerKey":"suzuki","name":"Low Seat","productType":"oem_complete_seat","status":"verified_source","priceBand":"mid","priceNote":"Country-specific dealer price required.","comfortClaims":["lower seating position"],"risks":["lower seat can worsen knee angle","less foam can reduce long-distance comfort"],"colors":["black"],"variants":[{"name":"Low Seat","partNumber":null,"position":"rider-passenger set","heightDeltaMm":null,"heated":false,"cover":"black"}],"fitments":[{"motorcycleSlug":"suzuki-gsx-s1000gx","brand":"Suzuki","model":"GSX-S1000GX","yearStart":2024,"yearEnd":2026,"fitmentStatus":"verified_source","notes":"Listed by Suzuki Global as genuine accessory."}],"source":{"label":"Suzuki Global","url":"https://www.globalsuzuki.com/motorcycle/smgs/products/2026gsx-s1000gx/","checkedAt":"2026-06-05"}}'::jsonb,
    now()
  )
  ON CONFLICT (key) DO UPDATE SET
    manufacturer_key = EXCLUDED.manufacturer_key,
    name = EXCLUDED.name,
    product_type = EXCLUDED.product_type,
    status = EXCLUDED.status,
    price_band = EXCLUDED.price_band,
    price_note = EXCLUDED.price_note,
    comfort_claims = EXCLUDED.comfort_claims,
    risks = EXCLUDED.risks,
    colors = EXCLUDED.colors,
    variants = EXCLUDED.variants,
    source_label = EXCLUDED.source_label,
    source_url = EXCLUDED.source_url,
    source_checked_at = EXCLUDED.source_checked_at,
    source_data = EXCLUDED.source_data,
    updated_at = now();
INSERT INTO seat_product_fitments (
      product_key, motorcycle_slug, brand, model, year_start, year_end,
      fitment_status, notes, source_data
    )
    VALUES (
      'suzuki-gsx-s1000gx-low-seat',
      'suzuki-gsx-s1000gx',
      'Suzuki',
      'GSX-S1000GX',
      2024,
      2026,
      'verified_source',
      'Listed by Suzuki Global as genuine accessory.',
      '{"motorcycleSlug":"suzuki-gsx-s1000gx","brand":"Suzuki","model":"GSX-S1000GX","yearStart":2024,"yearEnd":2026,"fitmentStatus":"verified_source","notes":"Listed by Suzuki Global as genuine accessory."}'::jsonb
    )
    ON CONFLICT (product_key, motorcycle_slug, brand, model) DO UPDATE SET
      year_start = EXCLUDED.year_start,
      year_end = EXCLUDED.year_end,
      fitment_status = EXCLUDED.fitment_status,
      notes = EXCLUDED.notes,
      source_data = EXCLUDED.source_data;
INSERT INTO seat_products (
    key, manufacturer_key, name, product_type, status, price_band, price_note,
    comfort_claims, risks, colors, variants, source_label, source_url,
    source_checked_at, source_data, updated_at
  )
  VALUES (
    'sargent-ws-693f-suzuki-gsx-s1000gx-front',
    'sargent',
    'World Sport Performance Front Seat',
    'aftermarket_front_seat',
    'verified_source',
    'high',
    'US price depends on upholstery and heat options; import costs must be checked.',
    '["World Sport saddle shape","Performance Plus upholstery option","front seat compatible with OEM rear seat"]'::jsonb,
    '["expensive for short rides","EU return/import cost","front-only changes rider position but not passenger comfort"]'::jsonb,
    '["black","custom welt/stitch options"]'::jsonb,
    '[{"name":"Front Only Performance Plus","partNumber":"WS-693F-SE","position":"front","heightDeltaMm":null,"heated":"optional","cover":"DTX / Performance Plus variants"}]'::jsonb,
    'Sargent Cycle Products',
    'https://www.sargentcycle.com/WS-693F-SE',
    '2026-06-05',
    '{"key":"sargent-ws-693f-suzuki-gsx-s1000gx-front","manufacturerKey":"sargent","name":"World Sport Performance Front Seat","productType":"aftermarket_front_seat","status":"verified_source","priceBand":"high","priceNote":"US price depends on upholstery and heat options; import costs must be checked.","comfortClaims":["World Sport saddle shape","Performance Plus upholstery option","front seat compatible with OEM rear seat"],"risks":["expensive for short rides","EU return/import cost","front-only changes rider position but not passenger comfort"],"colors":["black","custom welt/stitch options"],"variants":[{"name":"Front Only Performance Plus","partNumber":"WS-693F-SE","position":"front","heightDeltaMm":null,"heated":"optional","cover":"DTX / Performance Plus variants"}],"fitments":[{"motorcycleSlug":"suzuki-gsx-s1000gx","brand":"Suzuki","model":"GSX-S1000GX","yearStart":2024,"yearEnd":null,"fitmentStatus":"verified_source","notes":"Sargent lists GSX-S1000GT and GSX-S1000GX front-only product."}],"source":{"label":"Sargent Cycle Products","url":"https://www.sargentcycle.com/WS-693F-SE","checkedAt":"2026-06-05"}}'::jsonb,
    now()
  )
  ON CONFLICT (key) DO UPDATE SET
    manufacturer_key = EXCLUDED.manufacturer_key,
    name = EXCLUDED.name,
    product_type = EXCLUDED.product_type,
    status = EXCLUDED.status,
    price_band = EXCLUDED.price_band,
    price_note = EXCLUDED.price_note,
    comfort_claims = EXCLUDED.comfort_claims,
    risks = EXCLUDED.risks,
    colors = EXCLUDED.colors,
    variants = EXCLUDED.variants,
    source_label = EXCLUDED.source_label,
    source_url = EXCLUDED.source_url,
    source_checked_at = EXCLUDED.source_checked_at,
    source_data = EXCLUDED.source_data,
    updated_at = now();
INSERT INTO seat_product_fitments (
      product_key, motorcycle_slug, brand, model, year_start, year_end,
      fitment_status, notes, source_data
    )
    VALUES (
      'sargent-ws-693f-suzuki-gsx-s1000gx-front',
      'suzuki-gsx-s1000gx',
      'Suzuki',
      'GSX-S1000GX',
      2024,
      NULL,
      'verified_source',
      'Sargent lists GSX-S1000GT and GSX-S1000GX front-only product.',
      '{"motorcycleSlug":"suzuki-gsx-s1000gx","brand":"Suzuki","model":"GSX-S1000GX","yearStart":2024,"yearEnd":null,"fitmentStatus":"verified_source","notes":"Sargent lists GSX-S1000GT and GSX-S1000GX front-only product."}'::jsonb
    )
    ON CONFLICT (product_key, motorcycle_slug, brand, model) DO UPDATE SET
      year_start = EXCLUDED.year_start,
      year_end = EXCLUDED.year_end,
      fitment_status = EXCLUDED.fitment_status,
      notes = EXCLUDED.notes,
      source_data = EXCLUDED.source_data;
INSERT INTO seat_products (
    key, manufacturer_key, name, product_type, status, price_band, price_note,
    comfort_claims, risks, colors, variants, source_label, source_url,
    source_checked_at, source_data, updated_at
  )
  VALUES (
    'bagster-ready-luxe-suzuki-gsx-s1000-family',
    'bagster',
    'Ready Luxe Seat',
    'aftermarket_complete_seat',
    'fitment_check_needed',
    'mid_high',
    'Retailer price depends on market and whether seat pan is included.',
    '["Bultex-style comfort concept","complete seat on replica or OEM-style base depending on product"]'::jsonb,
    '["GSX-S1000 and GSX-S1000GX fitment must not be assumed","colour and year compatibility must be checked"]'::jsonb,
    '["black","model-specific trim varies"]'::jsonb,
    '[{"name":"Ready Luxe GSX-S 1000","partNumber":null,"position":"complete","heightDeltaMm":null,"heated":false,"cover":"Bagster model-specific trim"}]'::jsonb,
    'Bagster Ready Luxe GSX-S 1000',
    'https://www.bagster.com/fr/product/s-ready-luxe-gsx-s-1000/',
    '2026-06-05',
    '{"key":"bagster-ready-luxe-suzuki-gsx-s1000-family","manufacturerKey":"bagster","name":"Ready Luxe Seat","productType":"aftermarket_complete_seat","status":"fitment_check_needed","priceBand":"mid_high","priceNote":"Retailer price depends on market and whether seat pan is included.","comfortClaims":["Bultex-style comfort concept","complete seat on replica or OEM-style base depending on product"],"risks":["GSX-S1000 and GSX-S1000GX fitment must not be assumed","colour and year compatibility must be checked"],"colors":["black","model-specific trim varies"],"variants":[{"name":"Ready Luxe GSX-S 1000","partNumber":null,"position":"complete","heightDeltaMm":null,"heated":false,"cover":"Bagster model-specific trim"}],"fitments":[{"motorcycleSlug":"suzuki-gsx-s1000gx","brand":"Suzuki","model":"GSX-S1000GX","yearStart":2024,"yearEnd":null,"fitmentStatus":"research_candidate","notes":"Bagster source is GSX-S 1000 family; GX compatibility requires direct Bagster or dealer confirmation."}],"source":{"label":"Bagster Ready Luxe GSX-S 1000","url":"https://www.bagster.com/fr/product/s-ready-luxe-gsx-s-1000/","checkedAt":"2026-06-05"}}'::jsonb,
    now()
  )
  ON CONFLICT (key) DO UPDATE SET
    manufacturer_key = EXCLUDED.manufacturer_key,
    name = EXCLUDED.name,
    product_type = EXCLUDED.product_type,
    status = EXCLUDED.status,
    price_band = EXCLUDED.price_band,
    price_note = EXCLUDED.price_note,
    comfort_claims = EXCLUDED.comfort_claims,
    risks = EXCLUDED.risks,
    colors = EXCLUDED.colors,
    variants = EXCLUDED.variants,
    source_label = EXCLUDED.source_label,
    source_url = EXCLUDED.source_url,
    source_checked_at = EXCLUDED.source_checked_at,
    source_data = EXCLUDED.source_data,
    updated_at = now();
INSERT INTO seat_product_fitments (
      product_key, motorcycle_slug, brand, model, year_start, year_end,
      fitment_status, notes, source_data
    )
    VALUES (
      'bagster-ready-luxe-suzuki-gsx-s1000-family',
      'suzuki-gsx-s1000gx',
      'Suzuki',
      'GSX-S1000GX',
      2024,
      NULL,
      'research_candidate',
      'Bagster source is GSX-S 1000 family; GX compatibility requires direct Bagster or dealer confirmation.',
      '{"motorcycleSlug":"suzuki-gsx-s1000gx","brand":"Suzuki","model":"GSX-S1000GX","yearStart":2024,"yearEnd":null,"fitmentStatus":"research_candidate","notes":"Bagster source is GSX-S 1000 family; GX compatibility requires direct Bagster or dealer confirmation."}'::jsonb
    )
    ON CONFLICT (product_key, motorcycle_slug, brand, model) DO UPDATE SET
      year_start = EXCLUDED.year_start,
      year_end = EXCLUDED.year_end,
      fitment_status = EXCLUDED.fitment_status,
      notes = EXCLUDED.notes,
      source_data = EXCLUDED.source_data;
INSERT INTO seat_products (
    key, manufacturer_key, name, product_type, status, price_band, price_note,
    comfort_claims, risks, colors, variants, source_label, source_url,
    source_checked_at, source_data, updated_at
  )
  VALUES (
    'wunderlich-aktivkomfort-r1300gs',
    'wunderlich',
    'AKTIVKOMFORT Seat',
    'aftermarket_complete_seat',
    'verified_source',
    'high',
    'Wunderlich America listed starting at USD 574.95; Germany price and variant must be checked.',
    '["ergonomic 3D contour","ThermoPro cooler surface claim","standard low and high rider options","passenger Queen wider option"]'::jsonb,
    '["does not fit all configurations","short grab handle exception noted by Wunderlich","heating compatibility differs by variant"]'::jsonb,
    '["black","green/gold","trophy style"]'::jsonb,
    '[{"name":"Rider standard","partNumber":"13100002-002","position":"rider","heightDeltaMm":0,"heated":"variant","cover":"black / style variants"},{"name":"Rider low","partNumber":null,"position":"rider","heightDeltaMm":-20,"heated":"variant","cover":"style variants"},{"name":"Rider high","partNumber":null,"position":"rider","heightDeltaMm":20,"heated":"variant","cover":"style variants"},{"name":"Passenger Queen","partNumber":"13114-002 / variant dependent","position":"passenger","heightDeltaMm":0,"heated":"variant","cover":"70 mm wider passenger seat"}]'::jsonb,
    'Wunderlich AKTIVKOMFORT R1300 GS',
    'https://www.wunderlichamerica.com/BMW-R1300-GS-Rider-Passenger-Seats',
    '2026-06-05',
    '{"key":"wunderlich-aktivkomfort-r1300gs","manufacturerKey":"wunderlich","name":"AKTIVKOMFORT Seat","productType":"aftermarket_complete_seat","status":"verified_source","priceBand":"high","priceNote":"Wunderlich America listed starting at USD 574.95; Germany price and variant must be checked.","comfortClaims":["ergonomic 3D contour","ThermoPro cooler surface claim","standard low and high rider options","passenger Queen wider option"],"risks":["does not fit all configurations","short grab handle exception noted by Wunderlich","heating compatibility differs by variant"],"colors":["black","green/gold","trophy style"],"variants":[{"name":"Rider standard","partNumber":"13100002-002","position":"rider","heightDeltaMm":0,"heated":"variant","cover":"black / style variants"},{"name":"Rider low","partNumber":null,"position":"rider","heightDeltaMm":-20,"heated":"variant","cover":"style variants"},{"name":"Rider high","partNumber":null,"position":"rider","heightDeltaMm":20,"heated":"variant","cover":"style variants"},{"name":"Passenger Queen","partNumber":"13114-002 / variant dependent","position":"passenger","heightDeltaMm":0,"heated":"variant","cover":"70 mm wider passenger seat"}],"fitments":[{"motorcycleSlug":"bmw-r-1300-gs","brand":"BMW","model":"R 1300 GS","yearStart":2024,"yearEnd":2026,"fitmentStatus":"verified_source","notes":"Wunderlich lists R1300 GS fitment with exception."}],"source":{"label":"Wunderlich AKTIVKOMFORT R1300 GS","url":"https://www.wunderlichamerica.com/BMW-R1300-GS-Rider-Passenger-Seats","checkedAt":"2026-06-05"}}'::jsonb,
    now()
  )
  ON CONFLICT (key) DO UPDATE SET
    manufacturer_key = EXCLUDED.manufacturer_key,
    name = EXCLUDED.name,
    product_type = EXCLUDED.product_type,
    status = EXCLUDED.status,
    price_band = EXCLUDED.price_band,
    price_note = EXCLUDED.price_note,
    comfort_claims = EXCLUDED.comfort_claims,
    risks = EXCLUDED.risks,
    colors = EXCLUDED.colors,
    variants = EXCLUDED.variants,
    source_label = EXCLUDED.source_label,
    source_url = EXCLUDED.source_url,
    source_checked_at = EXCLUDED.source_checked_at,
    source_data = EXCLUDED.source_data,
    updated_at = now();
INSERT INTO seat_product_fitments (
      product_key, motorcycle_slug, brand, model, year_start, year_end,
      fitment_status, notes, source_data
    )
    VALUES (
      'wunderlich-aktivkomfort-r1300gs',
      'bmw-r-1300-gs',
      'BMW',
      'R 1300 GS',
      2024,
      2026,
      'verified_source',
      'Wunderlich lists R1300 GS fitment with exception.',
      '{"motorcycleSlug":"bmw-r-1300-gs","brand":"BMW","model":"R 1300 GS","yearStart":2024,"yearEnd":2026,"fitmentStatus":"verified_source","notes":"Wunderlich lists R1300 GS fitment with exception."}'::jsonb
    )
    ON CONFLICT (product_key, motorcycle_slug, brand, model) DO UPDATE SET
      year_start = EXCLUDED.year_start,
      year_end = EXCLUDED.year_end,
      fitment_status = EXCLUDED.fitment_status,
      notes = EXCLUDED.notes,
      source_data = EXCLUDED.source_data;
INSERT INTO seat_products (
    key, manufacturer_key, name, product_type, status, price_band, price_note,
    comfort_claims, risks, colors, variants, source_label, source_url,
    source_checked_at, source_data, updated_at
  )
  VALUES (
    'touratech-fresh-touch-r1300gs-rider',
    'touratech',
    'Comfort Seat Rider Fresh Touch',
    'aftermarket_rider_seat',
    'verified_source',
    'high',
    'Touratech listed as low as EUR 429.00 incl. tax; exact height/heat variant must be checked.',
    '["Fresh Touch surface","non-slip texture","four seat heights","plug-and-play installation"]'::jsonb,
    '["version without BMW seat heating only in listed page","height choice affects knee angle and ground reach"]'::jsonb,
    '["black"]'::jsonb,
    '[{"name":"Rider Fresh Touch without seat heating","partNumber":"01-035-5930-0P","position":"rider","heightDeltaMm":"multiple heights","heated":false,"cover":"Fresh Touch"}]'::jsonb,
    'Touratech R1300GS Fresh Touch',
    'https://www.touratech.com/en/comfort-seat-rider-fresh-touch-for-bmw-r1300gs.html',
    '2026-06-05',
    '{"key":"touratech-fresh-touch-r1300gs-rider","manufacturerKey":"touratech","name":"Comfort Seat Rider Fresh Touch","productType":"aftermarket_rider_seat","status":"verified_source","priceBand":"high","priceNote":"Touratech listed as low as EUR 429.00 incl. tax; exact height/heat variant must be checked.","comfortClaims":["Fresh Touch surface","non-slip texture","four seat heights","plug-and-play installation"],"risks":["version without BMW seat heating only in listed page","height choice affects knee angle and ground reach"],"colors":["black"],"variants":[{"name":"Rider Fresh Touch without seat heating","partNumber":"01-035-5930-0P","position":"rider","heightDeltaMm":"multiple heights","heated":false,"cover":"Fresh Touch"}],"fitments":[{"motorcycleSlug":"bmw-r-1300-gs","brand":"BMW","model":"R 1300 GS","yearStart":2024,"yearEnd":null,"fitmentStatus":"verified_source","notes":"Specifically listed for BMW R1300GS models without BMW seat heating."}],"source":{"label":"Touratech R1300GS Fresh Touch","url":"https://www.touratech.com/en/comfort-seat-rider-fresh-touch-for-bmw-r1300gs.html","checkedAt":"2026-06-05"}}'::jsonb,
    now()
  )
  ON CONFLICT (key) DO UPDATE SET
    manufacturer_key = EXCLUDED.manufacturer_key,
    name = EXCLUDED.name,
    product_type = EXCLUDED.product_type,
    status = EXCLUDED.status,
    price_band = EXCLUDED.price_band,
    price_note = EXCLUDED.price_note,
    comfort_claims = EXCLUDED.comfort_claims,
    risks = EXCLUDED.risks,
    colors = EXCLUDED.colors,
    variants = EXCLUDED.variants,
    source_label = EXCLUDED.source_label,
    source_url = EXCLUDED.source_url,
    source_checked_at = EXCLUDED.source_checked_at,
    source_data = EXCLUDED.source_data,
    updated_at = now();
INSERT INTO seat_product_fitments (
      product_key, motorcycle_slug, brand, model, year_start, year_end,
      fitment_status, notes, source_data
    )
    VALUES (
      'touratech-fresh-touch-r1300gs-rider',
      'bmw-r-1300-gs',
      'BMW',
      'R 1300 GS',
      2024,
      NULL,
      'verified_source',
      'Specifically listed for BMW R1300GS models without BMW seat heating.',
      '{"motorcycleSlug":"bmw-r-1300-gs","brand":"BMW","model":"R 1300 GS","yearStart":2024,"yearEnd":null,"fitmentStatus":"verified_source","notes":"Specifically listed for BMW R1300GS models without BMW seat heating."}'::jsonb
    )
    ON CONFLICT (product_key, motorcycle_slug, brand, model) DO UPDATE SET
      year_start = EXCLUDED.year_start,
      year_end = EXCLUDED.year_end,
      fitment_status = EXCLUDED.fitment_status,
      notes = EXCLUDED.notes,
      source_data = EXCLUDED.source_data;
INSERT INTO seat_products (
    key, manufacturer_key, name, product_type, status, price_band, price_note,
    comfort_claims, risks, colors, variants, source_label, source_url,
    source_checked_at, source_data, updated_at
  )
  VALUES (
    'sargent-bmw-gs-world-sport',
    'sargent',
    'World Sport Adventure Touring Seat',
    'aftermarket_complete_seat',
    'verified_source',
    'high',
    'US/EU import price varies by model and options.',
    '["World Sport touring shape","front/rear variants","heated variants depending on model"]'::jsonb,
    '["model generation must be selected exactly","import and return cost"]'::jsonb,
    '["black","custom welt/stitch options"]'::jsonb,
    '[{"name":"BMW GS World Sport","partNumber":"model dependent","position":"front-rear","heightDeltaMm":"variant dependent","heated":"variant","cover":"Sargent options"}]'::jsonb,
    'Sargent BMW GS seats',
    'https://www.sargentcycle.com/seats/bmw/r/r13gs/r1300gs?page=1',
    '2026-06-05',
    '{"key":"sargent-bmw-gs-world-sport","manufacturerKey":"sargent","name":"World Sport Adventure Touring Seat","productType":"aftermarket_complete_seat","status":"verified_source","priceBand":"high","priceNote":"US/EU import price varies by model and options.","comfortClaims":["World Sport touring shape","front/rear variants","heated variants depending on model"],"risks":["model generation must be selected exactly","import and return cost"],"colors":["black","custom welt/stitch options"],"variants":[{"name":"BMW GS World Sport","partNumber":"model dependent","position":"front-rear","heightDeltaMm":"variant dependent","heated":"variant","cover":"Sargent options"}],"fitments":[{"motorcycleSlug":"bmw-r-1250-gs","brand":"BMW","model":"R 1250 GS","yearStart":null,"yearEnd":null,"fitmentStatus":"verified_source","notes":"Sargent BMW GS product family; exact model year selection required."},{"motorcycleSlug":"bmw-r-1300-gs","brand":"BMW","model":"R 1300 GS","yearStart":2024,"yearEnd":null,"fitmentStatus":"fitment_check_needed","notes":"Forum reports exist; exact Sargent R1300GS product/variant needs direct product confirmation."}],"source":{"label":"Sargent BMW GS seats","url":"https://www.sargentcycle.com/seats/bmw/r/r13gs/r1300gs?page=1","checkedAt":"2026-06-05"}}'::jsonb,
    now()
  )
  ON CONFLICT (key) DO UPDATE SET
    manufacturer_key = EXCLUDED.manufacturer_key,
    name = EXCLUDED.name,
    product_type = EXCLUDED.product_type,
    status = EXCLUDED.status,
    price_band = EXCLUDED.price_band,
    price_note = EXCLUDED.price_note,
    comfort_claims = EXCLUDED.comfort_claims,
    risks = EXCLUDED.risks,
    colors = EXCLUDED.colors,
    variants = EXCLUDED.variants,
    source_label = EXCLUDED.source_label,
    source_url = EXCLUDED.source_url,
    source_checked_at = EXCLUDED.source_checked_at,
    source_data = EXCLUDED.source_data,
    updated_at = now();
INSERT INTO seat_product_fitments (
      product_key, motorcycle_slug, brand, model, year_start, year_end,
      fitment_status, notes, source_data
    )
    VALUES (
      'sargent-bmw-gs-world-sport',
      'bmw-r-1250-gs',
      'BMW',
      'R 1250 GS',
      NULL,
      NULL,
      'verified_source',
      'Sargent BMW GS product family; exact model year selection required.',
      '{"motorcycleSlug":"bmw-r-1250-gs","brand":"BMW","model":"R 1250 GS","yearStart":null,"yearEnd":null,"fitmentStatus":"verified_source","notes":"Sargent BMW GS product family; exact model year selection required."}'::jsonb
    )
    ON CONFLICT (product_key, motorcycle_slug, brand, model) DO UPDATE SET
      year_start = EXCLUDED.year_start,
      year_end = EXCLUDED.year_end,
      fitment_status = EXCLUDED.fitment_status,
      notes = EXCLUDED.notes,
      source_data = EXCLUDED.source_data;
INSERT INTO seat_product_fitments (
      product_key, motorcycle_slug, brand, model, year_start, year_end,
      fitment_status, notes, source_data
    )
    VALUES (
      'sargent-bmw-gs-world-sport',
      'bmw-r-1300-gs',
      'BMW',
      'R 1300 GS',
      2024,
      NULL,
      'fitment_check_needed',
      'Forum reports exist; exact Sargent R1300GS product/variant needs direct product confirmation.',
      '{"motorcycleSlug":"bmw-r-1300-gs","brand":"BMW","model":"R 1300 GS","yearStart":2024,"yearEnd":null,"fitmentStatus":"fitment_check_needed","notes":"Forum reports exist; exact Sargent R1300GS product/variant needs direct product confirmation."}'::jsonb
    )
    ON CONFLICT (product_key, motorcycle_slug, brand, model) DO UPDATE SET
      year_start = EXCLUDED.year_start,
      year_end = EXCLUDED.year_end,
      fitment_status = EXCLUDED.fitment_status,
      notes = EXCLUDED.notes,
      source_data = EXCLUDED.source_data;
INSERT INTO seat_products (
    key, manufacturer_key, name, product_type, status, price_band, price_note,
    comfort_claims, risks, colors, variants, source_label, source_url,
    source_checked_at, source_data, updated_at
  )
  VALUES (
    'yamaha-tracer-9-comfort-seat-b5u-247c0',
    'yamaha',
    'Comfort Seat for TRACER 9',
    'oem_complete_seat',
    'verified_source',
    'mid',
    'Local Yamaha price and compatibility checker required.',
    '["firm foam base","soft surface pouches","long-distance touring comfort"]'::jsonb,
    '["country availability varies","not necessarily heated"]'::jsonb,
    '["black"]'::jsonb,
    '[{"name":"Comfort seat for TRACER 9","partNumber":"B5U-247C0-00-00","position":"rider-passenger set","heightDeltaMm":null,"heated":false,"cover":"OEM Yamaha"}]'::jsonb,
    'Yamaha Motor EU',
    'https://www.yamaha-motor.eu/al/en/accessories/accessories-overview/pdp/comfort-seat-for-tracer-9-b5u-247c0-00-00/',
    '2026-06-05',
    '{"key":"yamaha-tracer-9-comfort-seat-b5u-247c0","manufacturerKey":"yamaha","name":"Comfort Seat for TRACER 9","productType":"oem_complete_seat","status":"verified_source","priceBand":"mid","priceNote":"Local Yamaha price and compatibility checker required.","comfortClaims":["firm foam base","soft surface pouches","long-distance touring comfort"],"risks":["country availability varies","not necessarily heated"],"colors":["black"],"variants":[{"name":"Comfort seat for TRACER 9","partNumber":"B5U-247C0-00-00","position":"rider-passenger set","heightDeltaMm":null,"heated":false,"cover":"OEM Yamaha"}],"fitments":[{"motorcycleSlug":"yamaha-tracer-9-9-gt","brand":"Yamaha","model":"Tracer 9 / 9 GT","yearStart":2021,"yearEnd":null,"fitmentStatus":"verified_source","notes":"Use Yamaha compatibility checker before purchase."}],"source":{"label":"Yamaha Motor EU","url":"https://www.yamaha-motor.eu/al/en/accessories/accessories-overview/pdp/comfort-seat-for-tracer-9-b5u-247c0-00-00/","checkedAt":"2026-06-05"}}'::jsonb,
    now()
  )
  ON CONFLICT (key) DO UPDATE SET
    manufacturer_key = EXCLUDED.manufacturer_key,
    name = EXCLUDED.name,
    product_type = EXCLUDED.product_type,
    status = EXCLUDED.status,
    price_band = EXCLUDED.price_band,
    price_note = EXCLUDED.price_note,
    comfort_claims = EXCLUDED.comfort_claims,
    risks = EXCLUDED.risks,
    colors = EXCLUDED.colors,
    variants = EXCLUDED.variants,
    source_label = EXCLUDED.source_label,
    source_url = EXCLUDED.source_url,
    source_checked_at = EXCLUDED.source_checked_at,
    source_data = EXCLUDED.source_data,
    updated_at = now();
INSERT INTO seat_product_fitments (
      product_key, motorcycle_slug, brand, model, year_start, year_end,
      fitment_status, notes, source_data
    )
    VALUES (
      'yamaha-tracer-9-comfort-seat-b5u-247c0',
      'yamaha-tracer-9-9-gt',
      'Yamaha',
      'Tracer 9 / 9 GT',
      2021,
      NULL,
      'verified_source',
      'Use Yamaha compatibility checker before purchase.',
      '{"motorcycleSlug":"yamaha-tracer-9-9-gt","brand":"Yamaha","model":"Tracer 9 / 9 GT","yearStart":2021,"yearEnd":null,"fitmentStatus":"verified_source","notes":"Use Yamaha compatibility checker before purchase."}'::jsonb
    )
    ON CONFLICT (product_key, motorcycle_slug, brand, model) DO UPDATE SET
      year_start = EXCLUDED.year_start,
      year_end = EXCLUDED.year_end,
      fitment_status = EXCLUDED.fitment_status,
      notes = EXCLUDED.notes,
      source_data = EXCLUDED.source_data;
INSERT INTO seat_products (
    key, manufacturer_key, name, product_type, status, price_band, price_note,
    comfort_claims, risks, colors, variants, source_label, source_url,
    source_checked_at, source_data, updated_at
  )
  VALUES (
    'sargent-revolution-tracer-9-gt-2021-2023',
    'sargent',
    'REVolution Upgrade for Yamaha Tracer 9 GT',
    'aftermarket_seat_upgrade',
    'verified_source',
    'high',
    'Sargent variant and heat option determine final price.',
    '["2-piece front and rear set","seat height comparable to OEM","heat installed variant"]'::jsonb,
    '["listed 2021-2023 range does not automatically cover 2024+ GT+","requires exact model year check"]'::jsonb,
    '["black"]'::jsonb,
    '[{"name":"Performance Plus Black Front Heat","partNumber":"REV-691-SE9-HFK","position":"front-rear","heightDeltaMm":0,"heated":true,"cover":"DTX / Gripzones"}]'::jsonb,
    'Sargent Tracer 9 GT',
    'https://www.sargentcycle.com/REV-691-SE9-HFK',
    '2026-06-05',
    '{"key":"sargent-revolution-tracer-9-gt-2021-2023","manufacturerKey":"sargent","name":"REVolution Upgrade for Yamaha Tracer 9 GT","productType":"aftermarket_seat_upgrade","status":"verified_source","priceBand":"high","priceNote":"Sargent variant and heat option determine final price.","comfortClaims":["2-piece front and rear set","seat height comparable to OEM","heat installed variant"],"risks":["listed 2021-2023 range does not automatically cover 2024+ GT+","requires exact model year check"],"colors":["black"],"variants":[{"name":"Performance Plus Black Front Heat","partNumber":"REV-691-SE9-HFK","position":"front-rear","heightDeltaMm":0,"heated":true,"cover":"DTX / Gripzones"}],"fitments":[{"motorcycleSlug":"yamaha-tracer-9-9-gt","brand":"Yamaha","model":"Tracer 9 GT","yearStart":2021,"yearEnd":2023,"fitmentStatus":"verified_source","notes":"Sargent page title lists Yamaha Tracer 9GT 2021-23."}],"source":{"label":"Sargent Tracer 9 GT","url":"https://www.sargentcycle.com/REV-691-SE9-HFK","checkedAt":"2026-06-05"}}'::jsonb,
    now()
  )
  ON CONFLICT (key) DO UPDATE SET
    manufacturer_key = EXCLUDED.manufacturer_key,
    name = EXCLUDED.name,
    product_type = EXCLUDED.product_type,
    status = EXCLUDED.status,
    price_band = EXCLUDED.price_band,
    price_note = EXCLUDED.price_note,
    comfort_claims = EXCLUDED.comfort_claims,
    risks = EXCLUDED.risks,
    colors = EXCLUDED.colors,
    variants = EXCLUDED.variants,
    source_label = EXCLUDED.source_label,
    source_url = EXCLUDED.source_url,
    source_checked_at = EXCLUDED.source_checked_at,
    source_data = EXCLUDED.source_data,
    updated_at = now();
INSERT INTO seat_product_fitments (
      product_key, motorcycle_slug, brand, model, year_start, year_end,
      fitment_status, notes, source_data
    )
    VALUES (
      'sargent-revolution-tracer-9-gt-2021-2023',
      'yamaha-tracer-9-9-gt',
      'Yamaha',
      'Tracer 9 GT',
      2021,
      2023,
      'verified_source',
      'Sargent page title lists Yamaha Tracer 9GT 2021-23.',
      '{"motorcycleSlug":"yamaha-tracer-9-9-gt","brand":"Yamaha","model":"Tracer 9 GT","yearStart":2021,"yearEnd":2023,"fitmentStatus":"verified_source","notes":"Sargent page title lists Yamaha Tracer 9GT 2021-23."}'::jsonb
    )
    ON CONFLICT (product_key, motorcycle_slug, brand, model) DO UPDATE SET
      year_start = EXCLUDED.year_start,
      year_end = EXCLUDED.year_end,
      fitment_status = EXCLUDED.fitment_status,
      notes = EXCLUDED.notes,
      source_data = EXCLUDED.source_data;
INSERT INTO seat_products (
    key, manufacturer_key, name, product_type, status, price_band, price_note,
    comfort_claims, risks, colors, variants, source_label, source_url,
    source_checked_at, source_data, updated_at
  )
  VALUES (
    'honda-africa-twin-crf1100l-comfort-seat',
    'honda',
    'CRF1100L Africa Twin Comfort Seat',
    'oem_complete_seat',
    'verified_reseller_source',
    'mid',
    'Dealer price and exact model year must be checked.',
    '["OEM comfort accessory"]'::jsonb,
    '["dealer page must be matched to exact CRF1100L year and Adventure Sports variant"]'::jsonb,
    '["black"]'::jsonb,
    '[{"name":"Comfort Seat","partNumber":null,"position":"rider","heightDeltaMm":null,"heated":false,"cover":"OEM Honda"}]'::jsonb,
    'Honda of Bournemouth',
    'https://www.hondaofbournemouth.co.uk/products/crf1100l-africa-twin-comfort-seat',
    '2026-06-05',
    '{"key":"honda-africa-twin-crf1100l-comfort-seat","manufacturerKey":"honda","name":"CRF1100L Africa Twin Comfort Seat","productType":"oem_complete_seat","status":"verified_reseller_source","priceBand":"mid","priceNote":"Dealer price and exact model year must be checked.","comfortClaims":["OEM comfort accessory"],"risks":["dealer page must be matched to exact CRF1100L year and Adventure Sports variant"],"colors":["black"],"variants":[{"name":"Comfort Seat","partNumber":null,"position":"rider","heightDeltaMm":null,"heated":false,"cover":"OEM Honda"}],"fitments":[{"motorcycleSlug":"honda-crf1100l-africa-twin","brand":"Honda","model":"CRF1100L Africa Twin","yearStart":null,"yearEnd":null,"fitmentStatus":"dealer_source","notes":"Dealer source; official Honda accessory brochure should be added next."}],"source":{"label":"Honda of Bournemouth","url":"https://www.hondaofbournemouth.co.uk/products/crf1100l-africa-twin-comfort-seat","checkedAt":"2026-06-05"}}'::jsonb,
    now()
  )
  ON CONFLICT (key) DO UPDATE SET
    manufacturer_key = EXCLUDED.manufacturer_key,
    name = EXCLUDED.name,
    product_type = EXCLUDED.product_type,
    status = EXCLUDED.status,
    price_band = EXCLUDED.price_band,
    price_note = EXCLUDED.price_note,
    comfort_claims = EXCLUDED.comfort_claims,
    risks = EXCLUDED.risks,
    colors = EXCLUDED.colors,
    variants = EXCLUDED.variants,
    source_label = EXCLUDED.source_label,
    source_url = EXCLUDED.source_url,
    source_checked_at = EXCLUDED.source_checked_at,
    source_data = EXCLUDED.source_data,
    updated_at = now();
INSERT INTO seat_product_fitments (
      product_key, motorcycle_slug, brand, model, year_start, year_end,
      fitment_status, notes, source_data
    )
    VALUES (
      'honda-africa-twin-crf1100l-comfort-seat',
      'honda-crf1100l-africa-twin',
      'Honda',
      'CRF1100L Africa Twin',
      NULL,
      NULL,
      'dealer_source',
      'Dealer source; official Honda accessory brochure should be added next.',
      '{"motorcycleSlug":"honda-crf1100l-africa-twin","brand":"Honda","model":"CRF1100L Africa Twin","yearStart":null,"yearEnd":null,"fitmentStatus":"dealer_source","notes":"Dealer source; official Honda accessory brochure should be added next."}'::jsonb
    )
    ON CONFLICT (product_key, motorcycle_slug, brand, model) DO UPDATE SET
      year_start = EXCLUDED.year_start,
      year_end = EXCLUDED.year_end,
      fitment_status = EXCLUDED.fitment_status,
      notes = EXCLUDED.notes,
      source_data = EXCLUDED.source_data;
INSERT INTO seat_products (
    key, manufacturer_key, name, product_type, status, price_band, price_note,
    comfort_claims, risks, colors, variants, source_label, source_url,
    source_checked_at, source_data, updated_at
  )
  VALUES (
    'seat-concepts-africa-twin-comfort',
    'seat-concepts',
    'Comfort Seat Kit',
    'aftermarket_foam_cover_or_complete',
    'model_generation_check_needed',
    'mid_high',
    'Kit/complete seat and international shipping differ.',
    '["wider comfort profile","foam and cover concept"]'::jsonb,
    '["search source is 2016-2019 Africa Twin, not automatically CRF1100L","generation mismatch risk"]'::jsonb,
    '["black","cover options vary"]'::jsonb,
    '[{"name":"Comfort Honda Africa Twin","partNumber":null,"position":"rider","heightDeltaMm":"variant dependent","heated":false,"cover":"Seat Concepts cover options"}]'::jsonb,
    'Seat Concepts Africa Twin product family',
    'https://www.seatconcepts.com/comfort-honda-16-19-africa-twin',
    '2026-06-05',
    '{"key":"seat-concepts-africa-twin-comfort","manufacturerKey":"seat-concepts","name":"Comfort Seat Kit","productType":"aftermarket_foam_cover_or_complete","status":"model_generation_check_needed","priceBand":"mid_high","priceNote":"Kit/complete seat and international shipping differ.","comfortClaims":["wider comfort profile","foam and cover concept"],"risks":["search source is 2016-2019 Africa Twin, not automatically CRF1100L","generation mismatch risk"],"colors":["black","cover options vary"],"variants":[{"name":"Comfort Honda Africa Twin","partNumber":null,"position":"rider","heightDeltaMm":"variant dependent","heated":false,"cover":"Seat Concepts cover options"}],"fitments":[{"motorcycleSlug":"honda-crf1100l-africa-twin","brand":"Honda","model":"CRF1100L Africa Twin","yearStart":2020,"yearEnd":null,"fitmentStatus":"research_candidate","notes":"Needs Seat Concepts CRF1100-specific product confirmation."}],"source":{"label":"Seat Concepts Africa Twin product family","url":"https://www.seatconcepts.com/comfort-honda-16-19-africa-twin","checkedAt":"2026-06-05"}}'::jsonb,
    now()
  )
  ON CONFLICT (key) DO UPDATE SET
    manufacturer_key = EXCLUDED.manufacturer_key,
    name = EXCLUDED.name,
    product_type = EXCLUDED.product_type,
    status = EXCLUDED.status,
    price_band = EXCLUDED.price_band,
    price_note = EXCLUDED.price_note,
    comfort_claims = EXCLUDED.comfort_claims,
    risks = EXCLUDED.risks,
    colors = EXCLUDED.colors,
    variants = EXCLUDED.variants,
    source_label = EXCLUDED.source_label,
    source_url = EXCLUDED.source_url,
    source_checked_at = EXCLUDED.source_checked_at,
    source_data = EXCLUDED.source_data,
    updated_at = now();
INSERT INTO seat_product_fitments (
      product_key, motorcycle_slug, brand, model, year_start, year_end,
      fitment_status, notes, source_data
    )
    VALUES (
      'seat-concepts-africa-twin-comfort',
      'honda-crf1100l-africa-twin',
      'Honda',
      'CRF1100L Africa Twin',
      2020,
      NULL,
      'research_candidate',
      'Needs Seat Concepts CRF1100-specific product confirmation.',
      '{"motorcycleSlug":"honda-crf1100l-africa-twin","brand":"Honda","model":"CRF1100L Africa Twin","yearStart":2020,"yearEnd":null,"fitmentStatus":"research_candidate","notes":"Needs Seat Concepts CRF1100-specific product confirmation."}'::jsonb
    )
    ON CONFLICT (product_key, motorcycle_slug, brand, model) DO UPDATE SET
      year_start = EXCLUDED.year_start,
      year_end = EXCLUDED.year_end,
      fitment_status = EXCLUDED.fitment_status,
      notes = EXCLUDED.notes,
      source_data = EXCLUDED.source_data;
INSERT INTO seat_products (
    key, manufacturer_key, name, product_type, status, price_band, price_note,
    comfort_claims, risks, colors, variants, source_label, source_url,
    source_checked_at, source_data, updated_at
  )
  VALUES (
    'kawasaki-versys-1000-low-seat-999941578',
    'kawasaki',
    'Low Seat / ERGO-FIT Reduced Reach Seat',
    'oem_low_seat',
    'verified_source',
    'mid',
    'Country price differs; Kawasaki US and UK/EU pages use related naming.',
    '["deeper cushioning for long distance comfort","reduced reach / lower seat concept"]'::jsonb,
    '["low seat may not be softer","reduced reach can change knee angle"]'::jsonb,
    '["black","contrast stitching varies"]'::jsonb,
    '[{"name":"Low Seat","partNumber":"999941578","position":"rider","heightDeltaMm":null,"heated":false,"cover":"Kawasaki OEM"}]'::jsonb,
    'Kawasaki Europe / USA',
    'https://www.kawasaki.co.uk/en/parts-and-accessories/motorcycles/comfort/999941578_low_seat.html',
    '2026-06-05',
    '{"key":"kawasaki-versys-1000-low-seat-999941578","manufacturerKey":"kawasaki","name":"Low Seat / ERGO-FIT Reduced Reach Seat","productType":"oem_low_seat","status":"verified_source","priceBand":"mid","priceNote":"Country price differs; Kawasaki US and UK/EU pages use related naming.","comfortClaims":["deeper cushioning for long distance comfort","reduced reach / lower seat concept"],"risks":["low seat may not be softer","reduced reach can change knee angle"],"colors":["black","contrast stitching varies"],"variants":[{"name":"Low Seat","partNumber":"999941578","position":"rider","heightDeltaMm":null,"heated":false,"cover":"Kawasaki OEM"}],"fitments":[{"motorcycleSlug":"kawasaki-versys-1000","brand":"Kawasaki","model":"Versys 1000 / S / SE","yearStart":null,"yearEnd":null,"fitmentStatus":"verified_source","notes":"Kawasaki pages list Low Seat / ERGO-FIT Reduced Reach Seat for Versys 1000 variants."}],"source":{"label":"Kawasaki Europe / USA","url":"https://www.kawasaki.co.uk/en/parts-and-accessories/motorcycles/comfort/999941578_low_seat.html","checkedAt":"2026-06-05"}}'::jsonb,
    now()
  )
  ON CONFLICT (key) DO UPDATE SET
    manufacturer_key = EXCLUDED.manufacturer_key,
    name = EXCLUDED.name,
    product_type = EXCLUDED.product_type,
    status = EXCLUDED.status,
    price_band = EXCLUDED.price_band,
    price_note = EXCLUDED.price_note,
    comfort_claims = EXCLUDED.comfort_claims,
    risks = EXCLUDED.risks,
    colors = EXCLUDED.colors,
    variants = EXCLUDED.variants,
    source_label = EXCLUDED.source_label,
    source_url = EXCLUDED.source_url,
    source_checked_at = EXCLUDED.source_checked_at,
    source_data = EXCLUDED.source_data,
    updated_at = now();
INSERT INTO seat_product_fitments (
      product_key, motorcycle_slug, brand, model, year_start, year_end,
      fitment_status, notes, source_data
    )
    VALUES (
      'kawasaki-versys-1000-low-seat-999941578',
      'kawasaki-versys-1000',
      'Kawasaki',
      'Versys 1000 / S / SE',
      NULL,
      NULL,
      'verified_source',
      'Kawasaki pages list Low Seat / ERGO-FIT Reduced Reach Seat for Versys 1000 variants.',
      '{"motorcycleSlug":"kawasaki-versys-1000","brand":"Kawasaki","model":"Versys 1000 / S / SE","yearStart":null,"yearEnd":null,"fitmentStatus":"verified_source","notes":"Kawasaki pages list Low Seat / ERGO-FIT Reduced Reach Seat for Versys 1000 variants."}'::jsonb
    )
    ON CONFLICT (product_key, motorcycle_slug, brand, model) DO UPDATE SET
      year_start = EXCLUDED.year_start,
      year_end = EXCLUDED.year_end,
      fitment_status = EXCLUDED.fitment_status,
      notes = EXCLUDED.notes,
      source_data = EXCLUDED.source_data;
INSERT INTO seat_products (
    key, manufacturer_key, name, product_type, status, price_band, price_note,
    comfort_claims, risks, colors, variants, source_label, source_url,
    source_checked_at, source_data, updated_at
  )
  VALUES (
    'ducati-multistrada-v4-heated-medium-low-96880941ac',
    'ducati-performance',
    'Heated medium/lowered rider seat',
    'oem_heated_rider_seat',
    'verified_source',
    'mid_high',
    'Ducati US listed USD 344.37; EU price and availability must be checked.',
    '["two-level heating from dashboard","comfort and versatility"]'::jsonb,
    '["Ducati model variants and years must be selected exactly","heat may not solve engine heat discomfort"]'::jsonb,
    '["black"]'::jsonb,
    '[{"name":"Heated medium/lowered rider seat","partNumber":"96880941AC","position":"rider","heightDeltaMm":"medium/low","heated":true,"cover":"Ducati OEM"}]'::jsonb,
    'Ducati Accessories',
    'https://www.ducati.com/us/en/accessories/ACC012750',
    '2026-06-05',
    '{"key":"ducati-multistrada-v4-heated-medium-low-96880941ac","manufacturerKey":"ducati-performance","name":"Heated medium/lowered rider seat","productType":"oem_heated_rider_seat","status":"verified_source","priceBand":"mid_high","priceNote":"Ducati US listed USD 344.37; EU price and availability must be checked.","comfortClaims":["two-level heating from dashboard","comfort and versatility"],"risks":["Ducati model variants and years must be selected exactly","heat may not solve engine heat discomfort"],"colors":["black"],"variants":[{"name":"Heated medium/lowered rider seat","partNumber":"96880941AC","position":"rider","heightDeltaMm":"medium/low","heated":true,"cover":"Ducati OEM"}],"fitments":[{"motorcycleSlug":"ducati-multistrada-v4","brand":"Ducati","model":"Multistrada V4 / V4 S / Rally / Pikes Peak / RS","yearStart":2021,"yearEnd":2025,"fitmentStatus":"verified_source","notes":"Ducati compatible model list includes multiple Multistrada V4 variants."}],"source":{"label":"Ducati Accessories","url":"https://www.ducati.com/us/en/accessories/ACC012750","checkedAt":"2026-06-05"}}'::jsonb,
    now()
  )
  ON CONFLICT (key) DO UPDATE SET
    manufacturer_key = EXCLUDED.manufacturer_key,
    name = EXCLUDED.name,
    product_type = EXCLUDED.product_type,
    status = EXCLUDED.status,
    price_band = EXCLUDED.price_band,
    price_note = EXCLUDED.price_note,
    comfort_claims = EXCLUDED.comfort_claims,
    risks = EXCLUDED.risks,
    colors = EXCLUDED.colors,
    variants = EXCLUDED.variants,
    source_label = EXCLUDED.source_label,
    source_url = EXCLUDED.source_url,
    source_checked_at = EXCLUDED.source_checked_at,
    source_data = EXCLUDED.source_data,
    updated_at = now();
INSERT INTO seat_product_fitments (
      product_key, motorcycle_slug, brand, model, year_start, year_end,
      fitment_status, notes, source_data
    )
    VALUES (
      'ducati-multistrada-v4-heated-medium-low-96880941ac',
      'ducati-multistrada-v4',
      'Ducati',
      'Multistrada V4 / V4 S / Rally / Pikes Peak / RS',
      2021,
      2025,
      'verified_source',
      'Ducati compatible model list includes multiple Multistrada V4 variants.',
      '{"motorcycleSlug":"ducati-multistrada-v4","brand":"Ducati","model":"Multistrada V4 / V4 S / Rally / Pikes Peak / RS","yearStart":2021,"yearEnd":2025,"fitmentStatus":"verified_source","notes":"Ducati compatible model list includes multiple Multistrada V4 variants."}'::jsonb
    )
    ON CONFLICT (product_key, motorcycle_slug, brand, model) DO UPDATE SET
      year_start = EXCLUDED.year_start,
      year_end = EXCLUDED.year_end,
      fitment_status = EXCLUDED.fitment_status,
      notes = EXCLUDED.notes,
      source_data = EXCLUDED.source_data;
INSERT INTO seat_products (
    key, manufacturer_key, name, product_type, status, price_band, price_note,
    comfort_claims, risks, colors, variants, source_label, source_url,
    source_checked_at, source_data, updated_at
  )
  VALUES (
    'ducati-multistrada-v4-low-heated-96880921ac',
    'ducati-performance',
    'Low Heated Rider Seat',
    'oem_low_heated_rider_seat',
    'verified_reseller_source',
    'mid_high',
    'AMS Ducati listed product; price and exact current Ducati part support require dealer check.',
    '["lowered seat height","heated comfort","better ground reach"]'::jsonb,
    '["low seat may worsen knee angle","engine heat complaints may need heat management, not just seat"]'::jsonb,
    '["black"]'::jsonb,
    '[{"name":"Low Heated Rider Seat","partNumber":"96880921AC","position":"rider","heightDeltaMm":-30,"heated":true,"cover":"Ducati OEM"}]'::jsonb,
    'AMS Ducati',
    'https://amsducati.com/ducati-multistrada-v4-low-heated-rider-seat-new-style-96880921ac',
    '2026-06-05',
    '{"key":"ducati-multistrada-v4-low-heated-96880921ac","manufacturerKey":"ducati-performance","name":"Low Heated Rider Seat","productType":"oem_low_heated_rider_seat","status":"verified_reseller_source","priceBand":"mid_high","priceNote":"AMS Ducati listed product; price and exact current Ducati part support require dealer check.","comfortClaims":["lowered seat height","heated comfort","better ground reach"],"risks":["low seat may worsen knee angle","engine heat complaints may need heat management, not just seat"],"colors":["black"],"variants":[{"name":"Low Heated Rider Seat","partNumber":"96880921AC","position":"rider","heightDeltaMm":-30,"heated":true,"cover":"Ducati OEM"}],"fitments":[{"motorcycleSlug":"ducati-multistrada-v4","brand":"Ducati","model":"Multistrada V4 family","yearStart":2021,"yearEnd":2025,"fitmentStatus":"dealer_source","notes":"AMS Ducati lists -30 mm for STD/S/PP/GT/RS and -45 mm for Rally."}],"source":{"label":"AMS Ducati","url":"https://amsducati.com/ducati-multistrada-v4-low-heated-rider-seat-new-style-96880921ac","checkedAt":"2026-06-05"}}'::jsonb,
    now()
  )
  ON CONFLICT (key) DO UPDATE SET
    manufacturer_key = EXCLUDED.manufacturer_key,
    name = EXCLUDED.name,
    product_type = EXCLUDED.product_type,
    status = EXCLUDED.status,
    price_band = EXCLUDED.price_band,
    price_note = EXCLUDED.price_note,
    comfort_claims = EXCLUDED.comfort_claims,
    risks = EXCLUDED.risks,
    colors = EXCLUDED.colors,
    variants = EXCLUDED.variants,
    source_label = EXCLUDED.source_label,
    source_url = EXCLUDED.source_url,
    source_checked_at = EXCLUDED.source_checked_at,
    source_data = EXCLUDED.source_data,
    updated_at = now();
INSERT INTO seat_product_fitments (
      product_key, motorcycle_slug, brand, model, year_start, year_end,
      fitment_status, notes, source_data
    )
    VALUES (
      'ducati-multistrada-v4-low-heated-96880921ac',
      'ducati-multistrada-v4',
      'Ducati',
      'Multistrada V4 family',
      2021,
      2025,
      'dealer_source',
      'AMS Ducati lists -30 mm for STD/S/PP/GT/RS and -45 mm for Rally.',
      '{"motorcycleSlug":"ducati-multistrada-v4","brand":"Ducati","model":"Multistrada V4 family","yearStart":2021,"yearEnd":2025,"fitmentStatus":"dealer_source","notes":"AMS Ducati lists -30 mm for STD/S/PP/GT/RS and -45 mm for Rally."}'::jsonb
    )
    ON CONFLICT (product_key, motorcycle_slug, brand, model) DO UPDATE SET
      year_start = EXCLUDED.year_start,
      year_end = EXCLUDED.year_end,
      fitment_status = EXCLUDED.fitment_status,
      notes = EXCLUDED.notes,
      source_data = EXCLUDED.source_data;
INSERT INTO seat_products (
    key, manufacturer_key, name, product_type, status, price_band, price_note,
    comfort_claims, risks, colors, variants, source_label, source_url,
    source_checked_at, source_data, updated_at
  )
  VALUES (
    'tappezzeria-italia-mt07-sanya-comfort',
    'tappezzeria-italia',
    'Sanya Comfort System Seat Cover',
    'aftermarket_comfort_cover',
    'verified_reseller_source',
    'mid',
    'WRS listed seat cover; shipping and installation cost extra.',
    '["memory foam layer","waterproof materials","reinforced double stitching"]'::jsonb,
    '["cover only, seat not included","professional fitting recommended","seams not fully waterproof"]'::jsonb,
    '["black","blue insert","grey insert","black insert"]'::jsonb,
    '[{"name":"Sanya Comfort System","partNumber":"YMT78SC","position":"cover","heightDeltaMm":null,"heated":false,"cover":"comfort cover with memory foam"}]'::jsonb,
    'WRS Tappezzeria Italia MT-07',
    'https://www.wrs.it/en/seat-covers/348293-seat-cover-sanya-comfort-system-yamaha-mt-07-2018-2024.html',
    '2026-06-05',
    '{"key":"tappezzeria-italia-mt07-sanya-comfort","manufacturerKey":"tappezzeria-italia","name":"Sanya Comfort System Seat Cover","productType":"aftermarket_comfort_cover","status":"verified_reseller_source","priceBand":"mid","priceNote":"WRS listed seat cover; shipping and installation cost extra.","comfortClaims":["memory foam layer","waterproof materials","reinforced double stitching"],"risks":["cover only, seat not included","professional fitting recommended","seams not fully waterproof"],"colors":["black","blue insert","grey insert","black insert"],"variants":[{"name":"Sanya Comfort System","partNumber":"YMT78SC","position":"cover","heightDeltaMm":null,"heated":false,"cover":"comfort cover with memory foam"}],"fitments":[{"motorcycleSlug":"yamaha-mt-07","brand":"Yamaha","model":"MT-07","yearStart":2018,"yearEnd":2024,"fitmentStatus":"verified_reseller_source","notes":"WRS lists compatibility Yamaha MT-07 2018-2024."}],"source":{"label":"WRS Tappezzeria Italia MT-07","url":"https://www.wrs.it/en/seat-covers/348293-seat-cover-sanya-comfort-system-yamaha-mt-07-2018-2024.html","checkedAt":"2026-06-05"}}'::jsonb,
    now()
  )
  ON CONFLICT (key) DO UPDATE SET
    manufacturer_key = EXCLUDED.manufacturer_key,
    name = EXCLUDED.name,
    product_type = EXCLUDED.product_type,
    status = EXCLUDED.status,
    price_band = EXCLUDED.price_band,
    price_note = EXCLUDED.price_note,
    comfort_claims = EXCLUDED.comfort_claims,
    risks = EXCLUDED.risks,
    colors = EXCLUDED.colors,
    variants = EXCLUDED.variants,
    source_label = EXCLUDED.source_label,
    source_url = EXCLUDED.source_url,
    source_checked_at = EXCLUDED.source_checked_at,
    source_data = EXCLUDED.source_data,
    updated_at = now();
INSERT INTO seat_product_fitments (
      product_key, motorcycle_slug, brand, model, year_start, year_end,
      fitment_status, notes, source_data
    )
    VALUES (
      'tappezzeria-italia-mt07-sanya-comfort',
      'yamaha-mt-07',
      'Yamaha',
      'MT-07',
      2018,
      2024,
      'verified_reseller_source',
      'WRS lists compatibility Yamaha MT-07 2018-2024.',
      '{"motorcycleSlug":"yamaha-mt-07","brand":"Yamaha","model":"MT-07","yearStart":2018,"yearEnd":2024,"fitmentStatus":"verified_reseller_source","notes":"WRS lists compatibility Yamaha MT-07 2018-2024."}'::jsonb
    )
    ON CONFLICT (product_key, motorcycle_slug, brand, model) DO UPDATE SET
      year_start = EXCLUDED.year_start,
      year_end = EXCLUDED.year_end,
      fitment_status = EXCLUDED.fitment_status,
      notes = EXCLUDED.notes,
      source_data = EXCLUDED.source_data;
INSERT INTO seat_products (
    key, manufacturer_key, name, product_type, status, price_band, price_note,
    comfort_claims, risks, colors, variants, source_label, source_url,
    source_checked_at, source_data, updated_at
  )
  VALUES (
    'sw-motech-traveller-comfort-cushion-universal',
    'sw-motech',
    'TRAVELLER Comfort Cushion',
    'universal_comfort_pad',
    'category_verified',
    'low_mid',
    'Model size and retailer price must be checked.',
    '["reversible quick relief","air/foam cushion category","no seat rebuild required"]'::jsonb,
    '["can raise seat height","can move around","does not fix wrong seat shape"]'::jsonb,
    '["black"]'::jsonb,
    '[{"name":"TRAVELLER / universal comfort pad","partNumber":"size dependent","position":"pad","heightDeltaMm":"small increase","heated":false,"cover":"universal cushion"}]'::jsonb,
    'SW-Motech comfort cushions',
    'https://sw-motech.us/en-us/c/ergonomics/comfort-cushions',
    '2026-06-05',
    '{"key":"sw-motech-traveller-comfort-cushion-universal","manufacturerKey":"sw-motech","name":"TRAVELLER Comfort Cushion","productType":"universal_comfort_pad","status":"category_verified","priceBand":"low_mid","priceNote":"Model size and retailer price must be checked.","comfortClaims":["reversible quick relief","air/foam cushion category","no seat rebuild required"],"risks":["can raise seat height","can move around","does not fix wrong seat shape"],"colors":["black"],"variants":[{"name":"TRAVELLER / universal comfort pad","partNumber":"size dependent","position":"pad","heightDeltaMm":"small increase","heated":false,"cover":"universal cushion"}],"fitments":[{"motorcycleSlug":"suzuki-gsx-s1000gx","brand":"Universal","model":"Measure before purchase","yearStart":null,"yearEnd":null,"fitmentStatus":"universal_measure_required","notes":"Use as first reversible test; measure seat width and straps."},{"motorcycleSlug":"bmw-r-1300-gs","brand":"Universal","model":"Measure before purchase","yearStart":null,"yearEnd":null,"fitmentStatus":"universal_measure_required","notes":"Useful first relief before expensive BMW comfort seat."}],"source":{"label":"SW-Motech comfort cushions","url":"https://sw-motech.us/en-us/c/ergonomics/comfort-cushions","checkedAt":"2026-06-05"}}'::jsonb,
    now()
  )
  ON CONFLICT (key) DO UPDATE SET
    manufacturer_key = EXCLUDED.manufacturer_key,
    name = EXCLUDED.name,
    product_type = EXCLUDED.product_type,
    status = EXCLUDED.status,
    price_band = EXCLUDED.price_band,
    price_note = EXCLUDED.price_note,
    comfort_claims = EXCLUDED.comfort_claims,
    risks = EXCLUDED.risks,
    colors = EXCLUDED.colors,
    variants = EXCLUDED.variants,
    source_label = EXCLUDED.source_label,
    source_url = EXCLUDED.source_url,
    source_checked_at = EXCLUDED.source_checked_at,
    source_data = EXCLUDED.source_data,
    updated_at = now();
INSERT INTO seat_product_fitments (
      product_key, motorcycle_slug, brand, model, year_start, year_end,
      fitment_status, notes, source_data
    )
    VALUES (
      'sw-motech-traveller-comfort-cushion-universal',
      'suzuki-gsx-s1000gx',
      'Universal',
      'Measure before purchase',
      NULL,
      NULL,
      'universal_measure_required',
      'Use as first reversible test; measure seat width and straps.',
      '{"motorcycleSlug":"suzuki-gsx-s1000gx","brand":"Universal","model":"Measure before purchase","yearStart":null,"yearEnd":null,"fitmentStatus":"universal_measure_required","notes":"Use as first reversible test; measure seat width and straps."}'::jsonb
    )
    ON CONFLICT (product_key, motorcycle_slug, brand, model) DO UPDATE SET
      year_start = EXCLUDED.year_start,
      year_end = EXCLUDED.year_end,
      fitment_status = EXCLUDED.fitment_status,
      notes = EXCLUDED.notes,
      source_data = EXCLUDED.source_data;
INSERT INTO seat_product_fitments (
      product_key, motorcycle_slug, brand, model, year_start, year_end,
      fitment_status, notes, source_data
    )
    VALUES (
      'sw-motech-traveller-comfort-cushion-universal',
      'bmw-r-1300-gs',
      'Universal',
      'Measure before purchase',
      NULL,
      NULL,
      'universal_measure_required',
      'Useful first relief before expensive BMW comfort seat.',
      '{"motorcycleSlug":"bmw-r-1300-gs","brand":"Universal","model":"Measure before purchase","yearStart":null,"yearEnd":null,"fitmentStatus":"universal_measure_required","notes":"Useful first relief before expensive BMW comfort seat."}'::jsonb
    )
    ON CONFLICT (product_key, motorcycle_slug, brand, model) DO UPDATE SET
      year_start = EXCLUDED.year_start,
      year_end = EXCLUDED.year_end,
      fitment_status = EXCLUDED.fitment_status,
      notes = EXCLUDED.notes,
      source_data = EXCLUDED.source_data;
DELETE FROM research_sources WHERE motorcycle_slug = 'suzuki-gsx-s1000gx';
INSERT INTO research_sources (
    motorcycle_slug, title, url, notes, confidence, source_data, updated_at
  )
  VALUES (
    'suzuki-gsx-s1000gx',
    'Suzuki Global GSX-S1000GX',
    'https://www.globalsuzuki.com/motorcycle/smgs/products/2024gsx-s1000gx/',
    'Official model source. Seat accessory details need separate verification.',
    5,
    '{"title":"Suzuki Global GSX-S1000GX","url":"https://www.globalsuzuki.com/motorcycle/smgs/products/2024gsx-s1000gx/","type":"manufacturer_official","confidence":5,"notes":"Official model source. Seat accessory details need separate verification."}'::jsonb,
    now()
  );
INSERT INTO research_sources (
    motorcycle_slug, title, url, notes, confidence, source_data, updated_at
  )
  VALUES (
    'suzuki-gsx-s1000gx',
    'Suzuki USA GSX-S1000GX accessory catalog',
    'https://store.suzukicycles.com/c/accessories_standard_gsx-s1000gx',
    'Useful for accessory naming and availability; Germany availability must be verified separately.',
    4,
    '{"title":"Suzuki USA GSX-S1000GX accessory catalog","url":"https://store.suzukicycles.com/c/accessories_standard_gsx-s1000gx","type":"manufacturer_accessory_catalog","confidence":4,"notes":"Useful for accessory naming and availability; Germany availability must be verified separately."}'::jsonb,
    now()
  );
INSERT INTO research_sources (
    motorcycle_slug, title, url, notes, confidence, source_data, updated_at
  )
  VALUES (
    'suzuki-gsx-s1000gx',
    'Global forum seat pain research',
    'https://github.com/sokolicek/moto-seat-lab/blob/main/docs/research/global-forum-seat-pain-research.md',
    'Anecdotal pain-point research, not product proof.',
    2,
    '{"title":"Global forum seat pain research","url":"https://github.com/sokolicek/moto-seat-lab/blob/main/docs/research/global-forum-seat-pain-research.md","type":"research_note","confidence":2,"notes":"Anecdotal pain-point research, not product proof."}'::jsonb,
    now()
  );
INSERT INTO motorcycle_technical_profiles (
    motorcycle_slug, seat_height_mm, wet_weight_kg, riding_triangle_status,
    usage_profile, seat_comfort_risks, required_measurements, notes, source_data, updated_at
  )
  VALUES (
    'suzuki-gsx-s1000gx',
    NULL,
    NULL,
    'research_needed',
    '["sport_touring","country_road","highway","weekend_touring"]'::jsonb,
    '["pressure_after_60_min","heat","forward_slide","knee_angle"]'::jsonb,
    '["seat_height_mm","usable_seat_width_sitbone_zone_mm","seat_pan_slope_deg","footpeg_to_seat_vertical_mm","handlebar_reach_mm"]'::jsonb,
    'Active pilot model. Official and measured values still need verification before numeric calculations.',
    '{"motorcycleSlug":"suzuki-gsx-s1000gx","seatHeightMm":null,"wetWeightKg":null,"ridingTriangleStatus":"research_needed","usageProfile":["sport_touring","country_road","highway","weekend_touring"],"seatComfortRisks":["pressure_after_60_min","heat","forward_slide","knee_angle"],"requiredMeasurements":["seat_height_mm","usable_seat_width_sitbone_zone_mm","seat_pan_slope_deg","footpeg_to_seat_vertical_mm","handlebar_reach_mm"],"notes":"Active pilot model. Official and measured values still need verification before numeric calculations."}'::jsonb,
    now()
  )
  ON CONFLICT (motorcycle_slug) DO UPDATE SET
    seat_height_mm = EXCLUDED.seat_height_mm,
    wet_weight_kg = EXCLUDED.wet_weight_kg,
    riding_triangle_status = EXCLUDED.riding_triangle_status,
    usage_profile = EXCLUDED.usage_profile,
    seat_comfort_risks = EXCLUDED.seat_comfort_risks,
    required_measurements = EXCLUDED.required_measurements,
    notes = EXCLUDED.notes,
    source_data = EXCLUDED.source_data,
    updated_at = now();
INSERT INTO motorcycle_technical_profiles (
    motorcycle_slug, seat_height_mm, wet_weight_kg, riding_triangle_status,
    usage_profile, seat_comfort_risks, required_measurements, notes, source_data, updated_at
  )
  VALUES (
    'bmw-r-1300-gs',
    NULL,
    NULL,
    'research_needed',
    '["adventure_touring","two_up","long_distance"]'::jsonb,
    '["seat_height","long_distance_pressure","passenger_comfort"]'::jsonb,
    '["seat_height_mm","seat_width_mm","handlebar_reach_mm","footpeg_position_mm"]'::jsonb,
    'High-priority DACH model for future verified guide.',
    '{"motorcycleSlug":"bmw-r-1300-gs","seatHeightMm":null,"wetWeightKg":null,"ridingTriangleStatus":"research_needed","usageProfile":["adventure_touring","two_up","long_distance"],"seatComfortRisks":["seat_height","long_distance_pressure","passenger_comfort"],"requiredMeasurements":["seat_height_mm","seat_width_mm","handlebar_reach_mm","footpeg_position_mm"],"notes":"High-priority DACH model for future verified guide."}'::jsonb,
    now()
  )
  ON CONFLICT (motorcycle_slug) DO UPDATE SET
    seat_height_mm = EXCLUDED.seat_height_mm,
    wet_weight_kg = EXCLUDED.wet_weight_kg,
    riding_triangle_status = EXCLUDED.riding_triangle_status,
    usage_profile = EXCLUDED.usage_profile,
    seat_comfort_risks = EXCLUDED.seat_comfort_risks,
    required_measurements = EXCLUDED.required_measurements,
    notes = EXCLUDED.notes,
    source_data = EXCLUDED.source_data,
    updated_at = now();
INSERT INTO motorcycle_technical_profiles (
    motorcycle_slug, seat_height_mm, wet_weight_kg, riding_triangle_status,
    usage_profile, seat_comfort_risks, required_measurements, notes, source_data, updated_at
  )
  VALUES (
    'bmw-r-1250-gs',
    NULL,
    NULL,
    'research_needed',
    '["adventure_touring","used_market","two_up"]'::jsonb,
    '["seat_height","accessory_choice_overload","long_distance_pressure"]'::jsonb,
    '["seat_height_mm","seat_width_mm","seat_options_oem_aftermarket"]'::jsonb,
    'Large used market and many seat variants.',
    '{"motorcycleSlug":"bmw-r-1250-gs","seatHeightMm":null,"wetWeightKg":null,"ridingTriangleStatus":"research_needed","usageProfile":["adventure_touring","used_market","two_up"],"seatComfortRisks":["seat_height","accessory_choice_overload","long_distance_pressure"],"requiredMeasurements":["seat_height_mm","seat_width_mm","seat_options_oem_aftermarket"],"notes":"Large used market and many seat variants."}'::jsonb,
    now()
  )
  ON CONFLICT (motorcycle_slug) DO UPDATE SET
    seat_height_mm = EXCLUDED.seat_height_mm,
    wet_weight_kg = EXCLUDED.wet_weight_kg,
    riding_triangle_status = EXCLUDED.riding_triangle_status,
    usage_profile = EXCLUDED.usage_profile,
    seat_comfort_risks = EXCLUDED.seat_comfort_risks,
    required_measurements = EXCLUDED.required_measurements,
    notes = EXCLUDED.notes,
    source_data = EXCLUDED.source_data,
    updated_at = now();
INSERT INTO motorcycle_technical_profiles (
    motorcycle_slug, seat_height_mm, wet_weight_kg, riding_triangle_status,
    usage_profile, seat_comfort_risks, required_measurements, notes, source_data, updated_at
  )
  VALUES (
    'yamaha-tracer-9-9-gt',
    NULL,
    NULL,
    'research_needed',
    '["sport_touring","weekend_touring","country_road"]'::jsonb,
    '["forward_slide","touring_pressure","wind_pressure"]'::jsonb,
    '["seat_slope_deg","seat_height_mm","wind_pressure_notes"]'::jsonb,
    'Useful comparison class for GSX-S1000GX.',
    '{"motorcycleSlug":"yamaha-tracer-9-9-gt","seatHeightMm":null,"wetWeightKg":null,"ridingTriangleStatus":"research_needed","usageProfile":["sport_touring","weekend_touring","country_road"],"seatComfortRisks":["forward_slide","touring_pressure","wind_pressure"],"requiredMeasurements":["seat_slope_deg","seat_height_mm","wind_pressure_notes"],"notes":"Useful comparison class for GSX-S1000GX."}'::jsonb,
    now()
  )
  ON CONFLICT (motorcycle_slug) DO UPDATE SET
    seat_height_mm = EXCLUDED.seat_height_mm,
    wet_weight_kg = EXCLUDED.wet_weight_kg,
    riding_triangle_status = EXCLUDED.riding_triangle_status,
    usage_profile = EXCLUDED.usage_profile,
    seat_comfort_risks = EXCLUDED.seat_comfort_risks,
    required_measurements = EXCLUDED.required_measurements,
    notes = EXCLUDED.notes,
    source_data = EXCLUDED.source_data,
    updated_at = now();
INSERT INTO motorcycle_technical_profiles (
    motorcycle_slug, seat_height_mm, wet_weight_kg, riding_triangle_status,
    usage_profile, seat_comfort_risks, required_measurements, notes, source_data, updated_at
  )
  VALUES (
    'honda-crf1100l-africa-twin',
    NULL,
    NULL,
    'research_needed',
    '["adventure","travel","light_offroad"]'::jsonb,
    '["seat_height","standing_transition","long_distance_pressure"]'::jsonb,
    '["low_high_seat_positions","standing_clearance","seat_width_mm"]'::jsonb,
    'Adventure/offroad movement changes seat requirements.',
    '{"motorcycleSlug":"honda-crf1100l-africa-twin","seatHeightMm":null,"wetWeightKg":null,"ridingTriangleStatus":"research_needed","usageProfile":["adventure","travel","light_offroad"],"seatComfortRisks":["seat_height","standing_transition","long_distance_pressure"],"requiredMeasurements":["low_high_seat_positions","standing_clearance","seat_width_mm"],"notes":"Adventure/offroad movement changes seat requirements."}'::jsonb,
    now()
  )
  ON CONFLICT (motorcycle_slug) DO UPDATE SET
    seat_height_mm = EXCLUDED.seat_height_mm,
    wet_weight_kg = EXCLUDED.wet_weight_kg,
    riding_triangle_status = EXCLUDED.riding_triangle_status,
    usage_profile = EXCLUDED.usage_profile,
    seat_comfort_risks = EXCLUDED.seat_comfort_risks,
    required_measurements = EXCLUDED.required_measurements,
    notes = EXCLUDED.notes,
    source_data = EXCLUDED.source_data,
    updated_at = now();
INSERT INTO motorcycle_technical_profiles (
    motorcycle_slug, seat_height_mm, wet_weight_kg, riding_triangle_status,
    usage_profile, seat_comfort_risks, required_measurements, notes, source_data, updated_at
  )
  VALUES (
    'suzuki-v-strom-1050',
    NULL,
    NULL,
    'research_needed',
    '["adventure_touring","travel","two_up","long_distance"]'::jsonb,
    '["seat_height","long_distance_pressure","passenger_comfort"]'::jsonb,
    '["seat_height_mm","seat_width_mm","handlebar_reach_mm","footpeg_position_mm"]'::jsonb,
    'Suzuki-family comparison model for touring and adventure seat comfort.',
    '{"motorcycleSlug":"suzuki-v-strom-1050","seatHeightMm":null,"wetWeightKg":null,"ridingTriangleStatus":"research_needed","usageProfile":["adventure_touring","travel","two_up","long_distance"],"seatComfortRisks":["seat_height","long_distance_pressure","passenger_comfort"],"requiredMeasurements":["seat_height_mm","seat_width_mm","handlebar_reach_mm","footpeg_position_mm"],"notes":"Suzuki-family comparison model for touring and adventure seat comfort."}'::jsonb,
    now()
  )
  ON CONFLICT (motorcycle_slug) DO UPDATE SET
    seat_height_mm = EXCLUDED.seat_height_mm,
    wet_weight_kg = EXCLUDED.wet_weight_kg,
    riding_triangle_status = EXCLUDED.riding_triangle_status,
    usage_profile = EXCLUDED.usage_profile,
    seat_comfort_risks = EXCLUDED.seat_comfort_risks,
    required_measurements = EXCLUDED.required_measurements,
    notes = EXCLUDED.notes,
    source_data = EXCLUDED.source_data,
    updated_at = now();
INSERT INTO motorcycle_technical_profiles (
    motorcycle_slug, seat_height_mm, wet_weight_kg, riding_triangle_status,
    usage_profile, seat_comfort_risks, required_measurements, notes, source_data, updated_at
  )
  VALUES (
    'kawasaki-versys-1000',
    NULL,
    NULL,
    'research_needed',
    '["crossover_touring","two_up","weekend_touring","long_distance"]'::jsonb,
    '["touring_pressure","passenger_comfort","seat_width"]'::jsonb,
    '["seat_height_mm","seat_width_mm","passenger_seat_width_mm","handlebar_reach_mm"]'::jsonb,
    'Crossover touring model with strong relevance for rider and passenger comfort.',
    '{"motorcycleSlug":"kawasaki-versys-1000","seatHeightMm":null,"wetWeightKg":null,"ridingTriangleStatus":"research_needed","usageProfile":["crossover_touring","two_up","weekend_touring","long_distance"],"seatComfortRisks":["touring_pressure","passenger_comfort","seat_width"],"requiredMeasurements":["seat_height_mm","seat_width_mm","passenger_seat_width_mm","handlebar_reach_mm"],"notes":"Crossover touring model with strong relevance for rider and passenger comfort."}'::jsonb,
    now()
  )
  ON CONFLICT (motorcycle_slug) DO UPDATE SET
    seat_height_mm = EXCLUDED.seat_height_mm,
    wet_weight_kg = EXCLUDED.wet_weight_kg,
    riding_triangle_status = EXCLUDED.riding_triangle_status,
    usage_profile = EXCLUDED.usage_profile,
    seat_comfort_risks = EXCLUDED.seat_comfort_risks,
    required_measurements = EXCLUDED.required_measurements,
    notes = EXCLUDED.notes,
    source_data = EXCLUDED.source_data,
    updated_at = now();
INSERT INTO motorcycle_technical_profiles (
    motorcycle_slug, seat_height_mm, wet_weight_kg, riding_triangle_status,
    usage_profile, seat_comfort_risks, required_measurements, notes, source_data, updated_at
  )
  VALUES (
    'ducati-multistrada-v4',
    NULL,
    NULL,
    'research_needed',
    '["premium_adventure_touring","long_distance","two_up"]'::jsonb,
    '["heat","seat_height","accessory_choice_overload","long_distance_pressure"]'::jsonb,
    '["seat_height_mm","seat_heat_notes","seat_options_oem_aftermarket","footpeg_position_mm"]'::jsonb,
    'Premium adventure touring reference with heat and expensive accessory decision risks.',
    '{"motorcycleSlug":"ducati-multistrada-v4","seatHeightMm":null,"wetWeightKg":null,"ridingTriangleStatus":"research_needed","usageProfile":["premium_adventure_touring","long_distance","two_up"],"seatComfortRisks":["heat","seat_height","accessory_choice_overload","long_distance_pressure"],"requiredMeasurements":["seat_height_mm","seat_heat_notes","seat_options_oem_aftermarket","footpeg_position_mm"],"notes":"Premium adventure touring reference with heat and expensive accessory decision risks."}'::jsonb,
    now()
  )
  ON CONFLICT (motorcycle_slug) DO UPDATE SET
    seat_height_mm = EXCLUDED.seat_height_mm,
    wet_weight_kg = EXCLUDED.wet_weight_kg,
    riding_triangle_status = EXCLUDED.riding_triangle_status,
    usage_profile = EXCLUDED.usage_profile,
    seat_comfort_risks = EXCLUDED.seat_comfort_risks,
    required_measurements = EXCLUDED.required_measurements,
    notes = EXCLUDED.notes,
    source_data = EXCLUDED.source_data,
    updated_at = now();
INSERT INTO motorcycle_technical_profiles (
    motorcycle_slug, seat_height_mm, wet_weight_kg, riding_triangle_status,
    usage_profile, seat_comfort_risks, required_measurements, notes, source_data, updated_at
  )
  VALUES (
    'honda-nc750x',
    NULL,
    NULL,
    'research_needed',
    '["commuting","city","weekend_touring","budget"]'::jsonb,
    '["short_ride_pressure","budget_solution_fit","seat_height"]'::jsonb,
    '["seat_height_mm","seat_width_mm","commute_duration_notes","budget_solution_options"]'::jsonb,
    'Everyday and budget-focused model where low-cost reversible options may matter more than premium seats.',
    '{"motorcycleSlug":"honda-nc750x","seatHeightMm":null,"wetWeightKg":null,"ridingTriangleStatus":"research_needed","usageProfile":["commuting","city","weekend_touring","budget"],"seatComfortRisks":["short_ride_pressure","budget_solution_fit","seat_height"],"requiredMeasurements":["seat_height_mm","seat_width_mm","commute_duration_notes","budget_solution_options"],"notes":"Everyday and budget-focused model where low-cost reversible options may matter more than premium seats."}'::jsonb,
    now()
  )
  ON CONFLICT (motorcycle_slug) DO UPDATE SET
    seat_height_mm = EXCLUDED.seat_height_mm,
    wet_weight_kg = EXCLUDED.wet_weight_kg,
    riding_triangle_status = EXCLUDED.riding_triangle_status,
    usage_profile = EXCLUDED.usage_profile,
    seat_comfort_risks = EXCLUDED.seat_comfort_risks,
    required_measurements = EXCLUDED.required_measurements,
    notes = EXCLUDED.notes,
    source_data = EXCLUDED.source_data,
    updated_at = now();
INSERT INTO motorcycle_technical_profiles (
    motorcycle_slug, seat_height_mm, wet_weight_kg, riding_triangle_status,
    usage_profile, seat_comfort_risks, required_measurements, notes, source_data, updated_at
  )
  VALUES (
    'ktm-1290-super-adventure',
    NULL,
    NULL,
    'research_needed',
    '["adventure_touring","sport_touring","long_distance","light_offroad"]'::jsonb,
    '["seat_height","heat","standing_transition","long_distance_pressure"]'::jsonb,
    '["seat_height_mm","standing_clearance","seat_heat_notes","footpeg_position_mm"]'::jsonb,
    'Sporty adventure posture and high seat need separate standing/sitting comfort checks.',
    '{"motorcycleSlug":"ktm-1290-super-adventure","seatHeightMm":null,"wetWeightKg":null,"ridingTriangleStatus":"research_needed","usageProfile":["adventure_touring","sport_touring","long_distance","light_offroad"],"seatComfortRisks":["seat_height","heat","standing_transition","long_distance_pressure"],"requiredMeasurements":["seat_height_mm","standing_clearance","seat_heat_notes","footpeg_position_mm"],"notes":"Sporty adventure posture and high seat need separate standing/sitting comfort checks."}'::jsonb,
    now()
  )
  ON CONFLICT (motorcycle_slug) DO UPDATE SET
    seat_height_mm = EXCLUDED.seat_height_mm,
    wet_weight_kg = EXCLUDED.wet_weight_kg,
    riding_triangle_status = EXCLUDED.riding_triangle_status,
    usage_profile = EXCLUDED.usage_profile,
    seat_comfort_risks = EXCLUDED.seat_comfort_risks,
    required_measurements = EXCLUDED.required_measurements,
    notes = EXCLUDED.notes,
    source_data = EXCLUDED.source_data,
    updated_at = now();
INSERT INTO motorcycle_technical_profiles (
    motorcycle_slug, seat_height_mm, wet_weight_kg, riding_triangle_status,
    usage_profile, seat_comfort_risks, required_measurements, notes, source_data, updated_at
  )
  VALUES (
    'triumph-tiger-1200-rally-pro',
    NULL,
    NULL,
    'research_needed',
    '["adventure_touring","two_up","long_distance","travel"]'::jsonb,
    '["seat_height","passenger_comfort","long_distance_pressure","seat_width"]'::jsonb,
    '["seat_height_mm","seat_width_mm","passenger_seat_width_mm","handlebar_reach_mm"]'::jsonb,
    'Large adventure touring model where rider/passenger seat split and luggage posture matter.',
    '{"motorcycleSlug":"triumph-tiger-1200-rally-pro","seatHeightMm":null,"wetWeightKg":null,"ridingTriangleStatus":"research_needed","usageProfile":["adventure_touring","two_up","long_distance","travel"],"seatComfortRisks":["seat_height","passenger_comfort","long_distance_pressure","seat_width"],"requiredMeasurements":["seat_height_mm","seat_width_mm","passenger_seat_width_mm","handlebar_reach_mm"],"notes":"Large adventure touring model where rider/passenger seat split and luggage posture matter."}'::jsonb,
    now()
  )
  ON CONFLICT (motorcycle_slug) DO UPDATE SET
    seat_height_mm = EXCLUDED.seat_height_mm,
    wet_weight_kg = EXCLUDED.wet_weight_kg,
    riding_triangle_status = EXCLUDED.riding_triangle_status,
    usage_profile = EXCLUDED.usage_profile,
    seat_comfort_risks = EXCLUDED.seat_comfort_risks,
    required_measurements = EXCLUDED.required_measurements,
    notes = EXCLUDED.notes,
    source_data = EXCLUDED.source_data,
    updated_at = now();
INSERT INTO motorcycle_technical_profiles (
    motorcycle_slug, seat_height_mm, wet_weight_kg, riding_triangle_status,
    usage_profile, seat_comfort_risks, required_measurements, notes, source_data, updated_at
  )
  VALUES (
    'moto-guzzi-v85-tt',
    NULL,
    NULL,
    'research_needed',
    '["adventure_touring","weekend_touring","travel","country_road"]'::jsonb,
    '["seat_width","touring_pressure","wind_pressure","seat_height"]'::jsonb,
    '["seat_height_mm","seat_width_mm","seat_slope_deg","wind_pressure_notes"]'::jsonb,
    'Midweight retro adventure model with upright seating and touring use.',
    '{"motorcycleSlug":"moto-guzzi-v85-tt","seatHeightMm":null,"wetWeightKg":null,"ridingTriangleStatus":"research_needed","usageProfile":["adventure_touring","weekend_touring","travel","country_road"],"seatComfortRisks":["seat_width","touring_pressure","wind_pressure","seat_height"],"requiredMeasurements":["seat_height_mm","seat_width_mm","seat_slope_deg","wind_pressure_notes"],"notes":"Midweight retro adventure model with upright seating and touring use."}'::jsonb,
    now()
  )
  ON CONFLICT (motorcycle_slug) DO UPDATE SET
    seat_height_mm = EXCLUDED.seat_height_mm,
    wet_weight_kg = EXCLUDED.wet_weight_kg,
    riding_triangle_status = EXCLUDED.riding_triangle_status,
    usage_profile = EXCLUDED.usage_profile,
    seat_comfort_risks = EXCLUDED.seat_comfort_risks,
    required_measurements = EXCLUDED.required_measurements,
    notes = EXCLUDED.notes,
    source_data = EXCLUDED.source_data,
    updated_at = now();
INSERT INTO motorcycle_technical_profiles (
    motorcycle_slug, seat_height_mm, wet_weight_kg, riding_triangle_status,
    usage_profile, seat_comfort_risks, required_measurements, notes, source_data, updated_at
  )
  VALUES (
    'royal-enfield-himalayan',
    NULL,
    NULL,
    'research_needed',
    '["budget","travel","light_offroad","adventure"]'::jsonb,
    '["budget_solution_fit","standing_transition","long_distance_pressure","seat_height"]'::jsonb,
    '["seat_height_mm","standing_clearance","seat_width_mm","budget_solution_options"]'::jsonb,
    'Budget adventure model where low-cost pads, local upholsterers and repairability are important.',
    '{"motorcycleSlug":"royal-enfield-himalayan","seatHeightMm":null,"wetWeightKg":null,"ridingTriangleStatus":"research_needed","usageProfile":["budget","travel","light_offroad","adventure"],"seatComfortRisks":["budget_solution_fit","standing_transition","long_distance_pressure","seat_height"],"requiredMeasurements":["seat_height_mm","standing_clearance","seat_width_mm","budget_solution_options"],"notes":"Budget adventure model where low-cost pads, local upholsterers and repairability are important."}'::jsonb,
    now()
  )
  ON CONFLICT (motorcycle_slug) DO UPDATE SET
    seat_height_mm = EXCLUDED.seat_height_mm,
    wet_weight_kg = EXCLUDED.wet_weight_kg,
    riding_triangle_status = EXCLUDED.riding_triangle_status,
    usage_profile = EXCLUDED.usage_profile,
    seat_comfort_risks = EXCLUDED.seat_comfort_risks,
    required_measurements = EXCLUDED.required_measurements,
    notes = EXCLUDED.notes,
    source_data = EXCLUDED.source_data,
    updated_at = now();
INSERT INTO motorcycle_technical_profiles (
    motorcycle_slug, seat_height_mm, wet_weight_kg, riding_triangle_status,
    usage_profile, seat_comfort_risks, required_measurements, notes, source_data, updated_at
  )
  VALUES (
    'honda-forza-350',
    NULL,
    NULL,
    'research_needed',
    '["city","commuting","budget","hot_weather"]'::jsonb,
    '["heat","short_ride_pressure","seat_width","forward_slide"]'::jsonb,
    '["seat_height_mm","seat_width_mm","commute_duration_notes","seat_heat_notes"]'::jsonb,
    'Scooter profile for urban comfort, heat and low-cost reversible solutions.',
    '{"motorcycleSlug":"honda-forza-350","seatHeightMm":null,"wetWeightKg":null,"ridingTriangleStatus":"research_needed","usageProfile":["city","commuting","budget","hot_weather"],"seatComfortRisks":["heat","short_ride_pressure","seat_width","forward_slide"],"requiredMeasurements":["seat_height_mm","seat_width_mm","commute_duration_notes","seat_heat_notes"],"notes":"Scooter profile for urban comfort, heat and low-cost reversible solutions."}'::jsonb,
    now()
  )
  ON CONFLICT (motorcycle_slug) DO UPDATE SET
    seat_height_mm = EXCLUDED.seat_height_mm,
    wet_weight_kg = EXCLUDED.wet_weight_kg,
    riding_triangle_status = EXCLUDED.riding_triangle_status,
    usage_profile = EXCLUDED.usage_profile,
    seat_comfort_risks = EXCLUDED.seat_comfort_risks,
    required_measurements = EXCLUDED.required_measurements,
    notes = EXCLUDED.notes,
    source_data = EXCLUDED.source_data,
    updated_at = now();
INSERT INTO motorcycle_technical_profiles (
    motorcycle_slug, seat_height_mm, wet_weight_kg, riding_triangle_status,
    usage_profile, seat_comfort_risks, required_measurements, notes, source_data, updated_at
  )
  VALUES (
    'yamaha-mt-07',
    NULL,
    NULL,
    'research_needed',
    '["naked","city","country_road","budget"]'::jsonb,
    '["short_ride_pressure","forward_slide","thin_padding","passenger_comfort"]'::jsonb,
    '["seat_height_mm","seat_width_front_mm","seat_width_rear_mm","sit_bone_width_mm","ride_duration_notes"]'::jsonb,
    'Popular naked-bike profile for quick comfort pads, anti-slide covers and low-cost foam experiments.',
    '{"motorcycleSlug":"yamaha-mt-07","seatHeightMm":null,"wetWeightKg":null,"ridingTriangleStatus":"research_needed","usageProfile":["naked","city","country_road","budget"],"seatComfortRisks":["short_ride_pressure","forward_slide","thin_padding","passenger_comfort"],"requiredMeasurements":["seat_height_mm","seat_width_front_mm","seat_width_rear_mm","sit_bone_width_mm","ride_duration_notes"],"notes":"Popular naked-bike profile for quick comfort pads, anti-slide covers and low-cost foam experiments."}'::jsonb,
    now()
  )
  ON CONFLICT (motorcycle_slug) DO UPDATE SET
    seat_height_mm = EXCLUDED.seat_height_mm,
    wet_weight_kg = EXCLUDED.wet_weight_kg,
    riding_triangle_status = EXCLUDED.riding_triangle_status,
    usage_profile = EXCLUDED.usage_profile,
    seat_comfort_risks = EXCLUDED.seat_comfort_risks,
    required_measurements = EXCLUDED.required_measurements,
    notes = EXCLUDED.notes,
    source_data = EXCLUDED.source_data,
    updated_at = now();
INSERT INTO motorcycle_technical_profiles (
    motorcycle_slug, seat_height_mm, wet_weight_kg, riding_triangle_status,
    usage_profile, seat_comfort_risks, required_measurements, notes, source_data, updated_at
  )
  VALUES (
    'kawasaki-z900',
    NULL,
    NULL,
    'research_needed',
    '["naked","sporty_road","country_road","weekend_touring"]'::jsonb,
    '["pressure_after_60_min","forward_slide","seat_slope","thin_padding"]'::jsonb,
    '["seat_height_mm","seat_slope_deg","seat_width_front_mm","sit_bone_width_mm","handlebar_reach_notes"]'::jsonb,
    'Sporty naked-bike profile where anti-slide and pressure-point fixes are more relevant than full touring saddles.',
    '{"motorcycleSlug":"kawasaki-z900","seatHeightMm":null,"wetWeightKg":null,"ridingTriangleStatus":"research_needed","usageProfile":["naked","sporty_road","country_road","weekend_touring"],"seatComfortRisks":["pressure_after_60_min","forward_slide","seat_slope","thin_padding"],"requiredMeasurements":["seat_height_mm","seat_slope_deg","seat_width_front_mm","sit_bone_width_mm","handlebar_reach_notes"],"notes":"Sporty naked-bike profile where anti-slide and pressure-point fixes are more relevant than full touring saddles."}'::jsonb,
    now()
  )
  ON CONFLICT (motorcycle_slug) DO UPDATE SET
    seat_height_mm = EXCLUDED.seat_height_mm,
    wet_weight_kg = EXCLUDED.wet_weight_kg,
    riding_triangle_status = EXCLUDED.riding_triangle_status,
    usage_profile = EXCLUDED.usage_profile,
    seat_comfort_risks = EXCLUDED.seat_comfort_risks,
    required_measurements = EXCLUDED.required_measurements,
    notes = EXCLUDED.notes,
    source_data = EXCLUDED.source_data,
    updated_at = now();
INSERT INTO motorcycle_technical_profiles (
    motorcycle_slug, seat_height_mm, wet_weight_kg, riding_triangle_status,
    usage_profile, seat_comfort_risks, required_measurements, notes, source_data, updated_at
  )
  VALUES (
    'harley-davidson-street-glide',
    NULL,
    NULL,
    'research_needed',
    '["cruiser","long_distance","two_up","premium"]'::jsonb,
    '["lower_back_support","long_distance_pressure","passenger_comfort","heat"]'::jsonb,
    '["seat_height_mm","seat_bucket_depth_mm","backrest_position_mm","passenger_seat_width_mm","ride_duration_notes"]'::jsonb,
    'Cruiser and bagger profile for back support, passenger comfort, premium seats and long-distance pressure control.',
    '{"motorcycleSlug":"harley-davidson-street-glide","seatHeightMm":null,"wetWeightKg":null,"ridingTriangleStatus":"research_needed","usageProfile":["cruiser","long_distance","two_up","premium"],"seatComfortRisks":["lower_back_support","long_distance_pressure","passenger_comfort","heat"],"requiredMeasurements":["seat_height_mm","seat_bucket_depth_mm","backrest_position_mm","passenger_seat_width_mm","ride_duration_notes"],"notes":"Cruiser and bagger profile for back support, passenger comfort, premium seats and long-distance pressure control."}'::jsonb,
    now()
  )
  ON CONFLICT (motorcycle_slug) DO UPDATE SET
    seat_height_mm = EXCLUDED.seat_height_mm,
    wet_weight_kg = EXCLUDED.wet_weight_kg,
    riding_triangle_status = EXCLUDED.riding_triangle_status,
    usage_profile = EXCLUDED.usage_profile,
    seat_comfort_risks = EXCLUDED.seat_comfort_risks,
    required_measurements = EXCLUDED.required_measurements,
    notes = EXCLUDED.notes,
    source_data = EXCLUDED.source_data,
    updated_at = now();
INSERT INTO motorcycle_technical_profiles (
    motorcycle_slug, seat_height_mm, wet_weight_kg, riding_triangle_status,
    usage_profile, seat_comfort_risks, required_measurements, notes, source_data, updated_at
  )
  VALUES (
    'vespa-gts-300',
    NULL,
    NULL,
    'research_needed',
    '["scooter","city","commuting","hot_weather"]'::jsonb,
    '["heat","seat_width","short_ride_pressure","cover_slipperiness"]'::jsonb,
    '["seat_height_mm","seat_width_mm","commute_duration_notes","cover_temperature_notes"]'::jsonb,
    'Urban scooter profile for hot weather, everyday use and reversible seat covers or breathable pads.',
    '{"motorcycleSlug":"vespa-gts-300","seatHeightMm":null,"wetWeightKg":null,"ridingTriangleStatus":"research_needed","usageProfile":["scooter","city","commuting","hot_weather"],"seatComfortRisks":["heat","seat_width","short_ride_pressure","cover_slipperiness"],"requiredMeasurements":["seat_height_mm","seat_width_mm","commute_duration_notes","cover_temperature_notes"],"notes":"Urban scooter profile for hot weather, everyday use and reversible seat covers or breathable pads."}'::jsonb,
    now()
  )
  ON CONFLICT (motorcycle_slug) DO UPDATE SET
    seat_height_mm = EXCLUDED.seat_height_mm,
    wet_weight_kg = EXCLUDED.wet_weight_kg,
    riding_triangle_status = EXCLUDED.riding_triangle_status,
    usage_profile = EXCLUDED.usage_profile,
    seat_comfort_risks = EXCLUDED.seat_comfort_risks,
    required_measurements = EXCLUDED.required_measurements,
    notes = EXCLUDED.notes,
    source_data = EXCLUDED.source_data,
    updated_at = now();
INSERT INTO motorcycle_technical_profiles (
    motorcycle_slug, seat_height_mm, wet_weight_kg, riding_triangle_status,
    usage_profile, seat_comfort_risks, required_measurements, notes, source_data, updated_at
  )
  VALUES (
    'cfmoto-800mt',
    NULL,
    NULL,
    'research_needed',
    '["budget_adventure","travel","two_up","country_road"]'::jsonb,
    '["pressure_after_60_min","seat_height","passenger_comfort","accessory_choice_overload"]'::jsonb,
    '["seat_height_mm","seat_width_front_mm","seat_width_rear_mm","sit_bone_width_mm","luggage_load_notes"]'::jsonb,
    'Budget adventure profile for comparing low-cost pads, local upholstery and value-oriented aftermarket options.',
    '{"motorcycleSlug":"cfmoto-800mt","seatHeightMm":null,"wetWeightKg":null,"ridingTriangleStatus":"research_needed","usageProfile":["budget_adventure","travel","two_up","country_road"],"seatComfortRisks":["pressure_after_60_min","seat_height","passenger_comfort","accessory_choice_overload"],"requiredMeasurements":["seat_height_mm","seat_width_front_mm","seat_width_rear_mm","sit_bone_width_mm","luggage_load_notes"],"notes":"Budget adventure profile for comparing low-cost pads, local upholstery and value-oriented aftermarket options."}'::jsonb,
    now()
  )
  ON CONFLICT (motorcycle_slug) DO UPDATE SET
    seat_height_mm = EXCLUDED.seat_height_mm,
    wet_weight_kg = EXCLUDED.wet_weight_kg,
    riding_triangle_status = EXCLUDED.riding_triangle_status,
    usage_profile = EXCLUDED.usage_profile,
    seat_comfort_risks = EXCLUDED.seat_comfort_risks,
    required_measurements = EXCLUDED.required_measurements,
    notes = EXCLUDED.notes,
    source_data = EXCLUDED.source_data,
    updated_at = now();
INSERT INTO seat_materials (
    key, name, material_type, comfort_role, best_for, avoid_when,
    skill_level, price_band, durability_notes, research_status, source_data, updated_at
  )
  VALUES (
    '3d_mesh_spacer_fabric',
    '3D-Mesh / Abstandsgestrick',
    'cover_addon',
    'Luftzirkulation, Feuchtigkeitsabstand, leichter Druckausgleich',
    'Sommer, Stadt, Touren bei Hitze, reversible Tests vor teuren Umbauten',
    'Sitzhöhe ist bereits kritisch oder die Auflage rutscht auf dem Bezug',
    'beginner',
    'low_to_medium',
    'Abhängig von Befestigung, UV-Belastung und Kantenverarbeitung.',
    'category_validated',
    '{"key":"3d_mesh_spacer_fabric","name":"3D-Mesh / Abstandsgestrick","materialType":"cover_addon","comfortRole":"Luftzirkulation, Feuchtigkeitsabstand, leichter Druckausgleich","bestFor":"Sommer, Stadt, Touren bei Hitze, reversible Tests vor teuren Umbauten","avoidWhen":"Sitzhöhe ist bereits kritisch oder die Auflage rutscht auf dem Bezug","skillLevel":"beginner","priceBand":"low_to_medium","durabilityNotes":"Abhängig von Befestigung, UV-Belastung und Kantenverarbeitung.","researchStatus":"category_validated"}'::jsonb,
    now()
  )
  ON CONFLICT (key) DO UPDATE SET
    name = EXCLUDED.name,
    material_type = EXCLUDED.material_type,
    comfort_role = EXCLUDED.comfort_role,
    best_for = EXCLUDED.best_for,
    avoid_when = EXCLUDED.avoid_when,
    skill_level = EXCLUDED.skill_level,
    price_band = EXCLUDED.price_band,
    durability_notes = EXCLUDED.durability_notes,
    research_status = EXCLUDED.research_status,
    source_data = EXCLUDED.source_data,
    updated_at = now();
INSERT INTO seat_materials (
    key, name, material_type, comfort_role, best_for, avoid_when,
    skill_level, price_band, durability_notes, research_status, source_data, updated_at
  )
  VALUES (
    'gel_insert',
    'Gel-Einlage',
    'insert',
    'kurzfristige Druckverteilung für manche Fahrer',
    'gezielte Druckminderung, wenn Hitze nicht das Hauptproblem ist',
    'Sommerhitze, zu weicher Serienschaum, falsche Sitzform',
    'intermediate',
    'low_to_medium',
    'Kanten, Dicke und Temperaturverhalten vor Einbau testen.',
    'needs_product_testing',
    '{"key":"gel_insert","name":"Gel-Einlage","materialType":"insert","comfortRole":"kurzfristige Druckverteilung für manche Fahrer","bestFor":"gezielte Druckminderung, wenn Hitze nicht das Hauptproblem ist","avoidWhen":"Sommerhitze, zu weicher Serienschaum, falsche Sitzform","skillLevel":"intermediate","priceBand":"low_to_medium","durabilityNotes":"Kanten, Dicke und Temperaturverhalten vor Einbau testen.","researchStatus":"needs_product_testing"}'::jsonb,
    now()
  )
  ON CONFLICT (key) DO UPDATE SET
    name = EXCLUDED.name,
    material_type = EXCLUDED.material_type,
    comfort_role = EXCLUDED.comfort_role,
    best_for = EXCLUDED.best_for,
    avoid_when = EXCLUDED.avoid_when,
    skill_level = EXCLUDED.skill_level,
    price_band = EXCLUDED.price_band,
    durability_notes = EXCLUDED.durability_notes,
    research_status = EXCLUDED.research_status,
    source_data = EXCLUDED.source_data,
    updated_at = now();
INSERT INTO seat_materials (
    key, name, material_type, comfort_role, best_for, avoid_when,
    skill_level, price_band, durability_notes, research_status, source_data, updated_at
  )
  VALUES (
    'pu_comfort_foam',
    'PU-Komfortschaum',
    'foam',
    'Basis-Komfortlage, Formkorrektur, Druckverteilung',
    'Sattlerumbau, gezielte Formänderung, längere Nutzung',
    'ohne Messung einfach nur weicher gemacht werden soll',
    'professional',
    'medium',
    'Dichte, Härte und Aufbau müssen zum Fahrergewicht passen.',
    'needs_specification',
    '{"key":"pu_comfort_foam","name":"PU-Komfortschaum","materialType":"foam","comfortRole":"Basis-Komfortlage, Formkorrektur, Druckverteilung","bestFor":"Sattlerumbau, gezielte Formänderung, längere Nutzung","avoidWhen":"ohne Messung einfach nur weicher gemacht werden soll","skillLevel":"professional","priceBand":"medium","durabilityNotes":"Dichte, Härte und Aufbau müssen zum Fahrergewicht passen.","researchStatus":"needs_specification"}'::jsonb,
    now()
  )
  ON CONFLICT (key) DO UPDATE SET
    name = EXCLUDED.name,
    material_type = EXCLUDED.material_type,
    comfort_role = EXCLUDED.comfort_role,
    best_for = EXCLUDED.best_for,
    avoid_when = EXCLUDED.avoid_when,
    skill_level = EXCLUDED.skill_level,
    price_band = EXCLUDED.price_band,
    durability_notes = EXCLUDED.durability_notes,
    research_status = EXCLUDED.research_status,
    source_data = EXCLUDED.source_data,
    updated_at = now();
INSERT INTO seat_materials (
    key, name, material_type, comfort_role, best_for, avoid_when,
    skill_level, price_band, durability_notes, research_status, source_data, updated_at
  )
  VALUES (
    'memory_foam',
    'Visco-/Memory-Schaum',
    'foam',
    'Anpassung an Körperform, weicheres Sitzgefühl',
    'kurze bis mittlere Touren, wenn Einsinken kontrolliert bleibt',
    'Hitze, sportliches Fahren oder wenn direkter Kontakt nötig ist',
    'professional',
    'medium',
    'Temperaturabhängig; kann im Sommer anders wirken als im Frühjahr.',
    'needs_testing',
    '{"key":"memory_foam","name":"Visco-/Memory-Schaum","materialType":"foam","comfortRole":"Anpassung an Körperform, weicheres Sitzgefühl","bestFor":"kurze bis mittlere Touren, wenn Einsinken kontrolliert bleibt","avoidWhen":"Hitze, sportliches Fahren oder wenn direkter Kontakt nötig ist","skillLevel":"professional","priceBand":"medium","durabilityNotes":"Temperaturabhängig; kann im Sommer anders wirken als im Frühjahr.","researchStatus":"needs_testing"}'::jsonb,
    now()
  )
  ON CONFLICT (key) DO UPDATE SET
    name = EXCLUDED.name,
    material_type = EXCLUDED.material_type,
    comfort_role = EXCLUDED.comfort_role,
    best_for = EXCLUDED.best_for,
    avoid_when = EXCLUDED.avoid_when,
    skill_level = EXCLUDED.skill_level,
    price_band = EXCLUDED.price_band,
    durability_notes = EXCLUDED.durability_notes,
    research_status = EXCLUDED.research_status,
    source_data = EXCLUDED.source_data,
    updated_at = now();
INSERT INTO seat_materials (
    key, name, material_type, comfort_role, best_for, avoid_when,
    skill_level, price_band, durability_notes, research_status, source_data, updated_at
  )
  VALUES (
    'anti_slip_cover',
    'Rutschhemmender Bezug',
    'cover',
    'weniger Vorrutschen, stabilere Sitzposition',
    'Rutschen nach vorne, sportliches Touring, häufiges Bremsen',
    'zu viel Bewegungsfreiheit auf Landstraße gebraucht wird',
    'professional',
    'medium',
    'Abrieb, Wasseraufnahme, Nähte und Reinigung prüfen.',
    'needs_supplier_data',
    '{"key":"anti_slip_cover","name":"Rutschhemmender Bezug","materialType":"cover","comfortRole":"weniger Vorrutschen, stabilere Sitzposition","bestFor":"Rutschen nach vorne, sportliches Touring, häufiges Bremsen","avoidWhen":"zu viel Bewegungsfreiheit auf Landstraße gebraucht wird","skillLevel":"professional","priceBand":"medium","durabilityNotes":"Abrieb, Wasseraufnahme, Nähte und Reinigung prüfen.","researchStatus":"needs_supplier_data"}'::jsonb,
    now()
  )
  ON CONFLICT (key) DO UPDATE SET
    name = EXCLUDED.name,
    material_type = EXCLUDED.material_type,
    comfort_role = EXCLUDED.comfort_role,
    best_for = EXCLUDED.best_for,
    avoid_when = EXCLUDED.avoid_when,
    skill_level = EXCLUDED.skill_level,
    price_band = EXCLUDED.price_band,
    durability_notes = EXCLUDED.durability_notes,
    research_status = EXCLUDED.research_status,
    source_data = EXCLUDED.source_data,
    updated_at = now();
INSERT INTO seat_materials (
    key, name, material_type, comfort_role, best_for, avoid_when,
    skill_level, price_band, durability_notes, research_status, source_data, updated_at
  )
  VALUES (
    'seat_heating_pad',
    'Sitzheizungs-Matte',
    'electrical',
    'Winterkomfort, Temperaturstabilität',
    'kalte Länder, Pendeln, lange Touren im Frühjahr/Herbst',
    'keine saubere elektrische Absicherung und Abdichtung möglich ist',
    'professional',
    'medium_to_high',
    'Elektrik, Wasserdichtigkeit und Garantie immer vorab klären.',
    'needs_safety_review',
    '{"key":"seat_heating_pad","name":"Sitzheizungs-Matte","materialType":"electrical","comfortRole":"Winterkomfort, Temperaturstabilität","bestFor":"kalte Länder, Pendeln, lange Touren im Frühjahr/Herbst","avoidWhen":"keine saubere elektrische Absicherung und Abdichtung möglich ist","skillLevel":"professional","priceBand":"medium_to_high","durabilityNotes":"Elektrik, Wasserdichtigkeit und Garantie immer vorab klären.","researchStatus":"needs_safety_review"}'::jsonb,
    now()
  )
  ON CONFLICT (key) DO UPDATE SET
    name = EXCLUDED.name,
    material_type = EXCLUDED.material_type,
    comfort_role = EXCLUDED.comfort_role,
    best_for = EXCLUDED.best_for,
    avoid_when = EXCLUDED.avoid_when,
    skill_level = EXCLUDED.skill_level,
    price_band = EXCLUDED.price_band,
    durability_notes = EXCLUDED.durability_notes,
    research_status = EXCLUDED.research_status,
    source_data = EXCLUDED.source_data,
    updated_at = now();
INSERT INTO seat_materials (
    key, name, material_type, comfort_role, best_for, avoid_when,
    skill_level, price_band, durability_notes, research_status, source_data, updated_at
  )
  VALUES (
    'latex_foam_layer',
    'Latex-Schaumlage',
    'foam',
    'elastische Komfortlage mit schneller Rückstellung',
    'Fahrer, die weiches Einsinken vermeiden und trotzdem Druckspitzen reduzieren wollen',
    'Wasserabdichtung unklar ist oder die Sitzbank sehr flach bleiben muss',
    'professional',
    'medium_to_high',
    'Feuchte, Kleberverträglichkeit und Alterung vor Einsatz klären.',
    'needs_supplier_data',
    '{"key":"latex_foam_layer","name":"Latex-Schaumlage","materialType":"foam","comfortRole":"elastische Komfortlage mit schneller Rückstellung","bestFor":"Fahrer, die weiches Einsinken vermeiden und trotzdem Druckspitzen reduzieren wollen","avoidWhen":"Wasserabdichtung unklar ist oder die Sitzbank sehr flach bleiben muss","skillLevel":"professional","priceBand":"medium_to_high","durabilityNotes":"Feuchte, Kleberverträglichkeit und Alterung vor Einsatz klären.","researchStatus":"needs_supplier_data"}'::jsonb,
    now()
  )
  ON CONFLICT (key) DO UPDATE SET
    name = EXCLUDED.name,
    material_type = EXCLUDED.material_type,
    comfort_role = EXCLUDED.comfort_role,
    best_for = EXCLUDED.best_for,
    avoid_when = EXCLUDED.avoid_when,
    skill_level = EXCLUDED.skill_level,
    price_band = EXCLUDED.price_band,
    durability_notes = EXCLUDED.durability_notes,
    research_status = EXCLUDED.research_status,
    source_data = EXCLUDED.source_data,
    updated_at = now();
INSERT INTO seat_materials (
    key, name, material_type, comfort_role, best_for, avoid_when,
    skill_level, price_band, durability_notes, research_status, source_data, updated_at
  )
  VALUES (
    'eva_closed_cell_foam',
    'EVA-/geschlossenzelliger Schaum',
    'support_foam',
    'stabile Stützlage, Kantenaufbau, Höhenkorrektur',
    'leichte Formkorrekturen, Adventure-/Offroad-Sitze, Schutz vor Durchsitzen',
    'nur weicher Komfort gesucht wird',
    'intermediate',
    'low_to_medium',
    'Kann zu hart wirken; dünn und nur gezielt einsetzen.',
    'needs_testing',
    '{"key":"eva_closed_cell_foam","name":"EVA-/geschlossenzelliger Schaum","materialType":"support_foam","comfortRole":"stabile Stützlage, Kantenaufbau, Höhenkorrektur","bestFor":"leichte Formkorrekturen, Adventure-/Offroad-Sitze, Schutz vor Durchsitzen","avoidWhen":"nur weicher Komfort gesucht wird","skillLevel":"intermediate","priceBand":"low_to_medium","durabilityNotes":"Kann zu hart wirken; dünn und nur gezielt einsetzen.","researchStatus":"needs_testing"}'::jsonb,
    now()
  )
  ON CONFLICT (key) DO UPDATE SET
    name = EXCLUDED.name,
    material_type = EXCLUDED.material_type,
    comfort_role = EXCLUDED.comfort_role,
    best_for = EXCLUDED.best_for,
    avoid_when = EXCLUDED.avoid_when,
    skill_level = EXCLUDED.skill_level,
    price_band = EXCLUDED.price_band,
    durability_notes = EXCLUDED.durability_notes,
    research_status = EXCLUDED.research_status,
    source_data = EXCLUDED.source_data,
    updated_at = now();
INSERT INTO seat_materials (
    key, name, material_type, comfort_role, best_for, avoid_when,
    skill_level, price_band, durability_notes, research_status, source_data, updated_at
  )
  VALUES (
    'rebond_foam',
    'Verbundschaum / Rebond Foam',
    'support_foam',
    'tragfähige Basis- oder Reparaturschicht',
    'schwere Fahrer, abgesessene Sitzbänke, Unterbau vor Komfortlage',
    'direkt als oberste Komfortlage verwendet werden soll',
    'professional',
    'medium',
    'Dichte und Härte müssen zur Komfortlage passen.',
    'needs_specification',
    '{"key":"rebond_foam","name":"Verbundschaum / Rebond Foam","materialType":"support_foam","comfortRole":"tragfähige Basis- oder Reparaturschicht","bestFor":"schwere Fahrer, abgesessene Sitzbänke, Unterbau vor Komfortlage","avoidWhen":"direkt als oberste Komfortlage verwendet werden soll","skillLevel":"professional","priceBand":"medium","durabilityNotes":"Dichte und Härte müssen zur Komfortlage passen.","researchStatus":"needs_specification"}'::jsonb,
    now()
  )
  ON CONFLICT (key) DO UPDATE SET
    name = EXCLUDED.name,
    material_type = EXCLUDED.material_type,
    comfort_role = EXCLUDED.comfort_role,
    best_for = EXCLUDED.best_for,
    avoid_when = EXCLUDED.avoid_when,
    skill_level = EXCLUDED.skill_level,
    price_band = EXCLUDED.price_band,
    durability_notes = EXCLUDED.durability_notes,
    research_status = EXCLUDED.research_status,
    source_data = EXCLUDED.source_data,
    updated_at = now();
INSERT INTO seat_materials (
    key, name, material_type, comfort_role, best_for, avoid_when,
    skill_level, price_band, durability_notes, research_status, source_data, updated_at
  )
  VALUES (
    'perforated_vinyl_cover',
    'Perforierter Vinyl-/Kunstlederbezug',
    'cover',
    'Oberfläche, Grip, Wärmegefühl und Optik',
    'Sitzbank-Neubezug, bessere Haptik, Design-Varianten',
    'Wasserabdichtung und Nahtführung nicht sauber gelöst sind',
    'professional',
    'medium',
    'Perforation kann Wasserwege schaffen; Membran und Nähte mitdenken.',
    'needs_supplier_data',
    '{"key":"perforated_vinyl_cover","name":"Perforierter Vinyl-/Kunstlederbezug","materialType":"cover","comfortRole":"Oberfläche, Grip, Wärmegefühl und Optik","bestFor":"Sitzbank-Neubezug, bessere Haptik, Design-Varianten","avoidWhen":"Wasserabdichtung und Nahtführung nicht sauber gelöst sind","skillLevel":"professional","priceBand":"medium","durabilityNotes":"Perforation kann Wasserwege schaffen; Membran und Nähte mitdenken.","researchStatus":"needs_supplier_data"}'::jsonb,
    now()
  )
  ON CONFLICT (key) DO UPDATE SET
    name = EXCLUDED.name,
    material_type = EXCLUDED.material_type,
    comfort_role = EXCLUDED.comfort_role,
    best_for = EXCLUDED.best_for,
    avoid_when = EXCLUDED.avoid_when,
    skill_level = EXCLUDED.skill_level,
    price_band = EXCLUDED.price_band,
    durability_notes = EXCLUDED.durability_notes,
    research_status = EXCLUDED.research_status,
    source_data = EXCLUDED.source_data,
    updated_at = now();
INSERT INTO seat_materials (
    key, name, material_type, comfort_role, best_for, avoid_when,
    skill_level, price_band, durability_notes, research_status, source_data, updated_at
  )
  VALUES (
    'memory_foam_thin_layer',
    'Dünne Memory-Foam-Komfortlage',
    'comfort_foam',
    'weiche Druckverteilung direkt unter dem Bezug',
    'kurze bis mittlere Touren, leichte Druckpunkte, Testaufbau vor großem Umbau',
    'Hitze, schwere Fahrer oder tiefe Sitzmulden das Hauptproblem sind',
    'intermediate',
    'medium',
    'Zu dick oder zu weich kann Wärme stauen und den Fahrer tiefer einsinken lassen.',
    'needs_testing',
    '{"key":"memory_foam_thin_layer","name":"Dünne Memory-Foam-Komfortlage","materialType":"comfort_foam","comfortRole":"weiche Druckverteilung direkt unter dem Bezug","bestFor":"kurze bis mittlere Touren, leichte Druckpunkte, Testaufbau vor großem Umbau","avoidWhen":"Hitze, schwere Fahrer oder tiefe Sitzmulden das Hauptproblem sind","skillLevel":"intermediate","priceBand":"medium","durabilityNotes":"Zu dick oder zu weich kann Wärme stauen und den Fahrer tiefer einsinken lassen.","researchStatus":"needs_testing"}'::jsonb,
    now()
  )
  ON CONFLICT (key) DO UPDATE SET
    name = EXCLUDED.name,
    material_type = EXCLUDED.material_type,
    comfort_role = EXCLUDED.comfort_role,
    best_for = EXCLUDED.best_for,
    avoid_when = EXCLUDED.avoid_when,
    skill_level = EXCLUDED.skill_level,
    price_band = EXCLUDED.price_band,
    durability_notes = EXCLUDED.durability_notes,
    research_status = EXCLUDED.research_status,
    source_data = EXCLUDED.source_data,
    updated_at = now();
INSERT INTO seat_materials (
    key, name, material_type, comfort_role, best_for, avoid_when,
    skill_level, price_band, durability_notes, research_status, source_data, updated_at
  )
  VALUES (
    'ventilation_spacer_fabric',
    'Abstandsgewirke / Belüftungslage',
    'ventilation_layer',
    'Luftspalt gegen Hitze und Feuchtigkeit',
    'Sommer, Stadt, Scooter, Pendeln und reversible Auflagen',
    'Sitzhöhe oder Standfestigkeit bereits kritisch ist',
    'beginner',
    'low_to_medium',
    'Kanten sauber einfassen, sonst scheuert oder wandert die Lage.',
    'needs_supplier_data',
    '{"key":"ventilation_spacer_fabric","name":"Abstandsgewirke / Belüftungslage","materialType":"ventilation_layer","comfortRole":"Luftspalt gegen Hitze und Feuchtigkeit","bestFor":"Sommer, Stadt, Scooter, Pendeln und reversible Auflagen","avoidWhen":"Sitzhöhe oder Standfestigkeit bereits kritisch ist","skillLevel":"beginner","priceBand":"low_to_medium","durabilityNotes":"Kanten sauber einfassen, sonst scheuert oder wandert die Lage.","researchStatus":"needs_supplier_data"}'::jsonb,
    now()
  )
  ON CONFLICT (key) DO UPDATE SET
    name = EXCLUDED.name,
    material_type = EXCLUDED.material_type,
    comfort_role = EXCLUDED.comfort_role,
    best_for = EXCLUDED.best_for,
    avoid_when = EXCLUDED.avoid_when,
    skill_level = EXCLUDED.skill_level,
    price_band = EXCLUDED.price_band,
    durability_notes = EXCLUDED.durability_notes,
    research_status = EXCLUDED.research_status,
    source_data = EXCLUDED.source_data,
    updated_at = now();
INSERT INTO seat_materials (
    key, name, material_type, comfort_role, best_for, avoid_when,
    skill_level, price_band, durability_notes, research_status, source_data, updated_at
  )
  VALUES (
    'waterproof_membrane_layer',
    'Wasserdichte Membranlage',
    'barrier',
    'Schutz gegen Wasser im Schaum nach Nähten oder perforiertem Bezug',
    'Neubezug, perforierte Bezüge, Ganzjahresbetrieb und Laternenparker',
    'Belüftung wichtiger ist und die Nähte ohnehin nicht geöffnet werden',
    'professional',
    'medium',
    'Falten, Nahtlöcher und Kleberverträglichkeit vorher testen.',
    'needs_specification',
    '{"key":"waterproof_membrane_layer","name":"Wasserdichte Membranlage","materialType":"barrier","comfortRole":"Schutz gegen Wasser im Schaum nach Nähten oder perforiertem Bezug","bestFor":"Neubezug, perforierte Bezüge, Ganzjahresbetrieb und Laternenparker","avoidWhen":"Belüftung wichtiger ist und die Nähte ohnehin nicht geöffnet werden","skillLevel":"professional","priceBand":"medium","durabilityNotes":"Falten, Nahtlöcher und Kleberverträglichkeit vorher testen.","researchStatus":"needs_specification"}'::jsonb,
    now()
  )
  ON CONFLICT (key) DO UPDATE SET
    name = EXCLUDED.name,
    material_type = EXCLUDED.material_type,
    comfort_role = EXCLUDED.comfort_role,
    best_for = EXCLUDED.best_for,
    avoid_when = EXCLUDED.avoid_when,
    skill_level = EXCLUDED.skill_level,
    price_band = EXCLUDED.price_band,
    durability_notes = EXCLUDED.durability_notes,
    research_status = EXCLUDED.research_status,
    source_data = EXCLUDED.source_data,
    updated_at = now();
INSERT INTO workshop_tools (
    key, name, tool_type, skill_level, used_for, risk_notes, buying_notes, source_data, updated_at
  )
  VALUES (
    'staple_remover',
    'Klammerentferner',
    'disassembly',
    'beginner',
    'alte Bezugsklammern sauber entfernen',
    'Sitzwanne nicht beschädigen, Schutzbrille verwenden.',
    'Stabiler Griff und flache Spitze sind wichtiger als ein billiges Set.',
    '{"key":"staple_remover","name":"Klammerentferner","toolType":"disassembly","skillLevel":"beginner","usedFor":"alte Bezugsklammern sauber entfernen","riskNotes":"Sitzwanne nicht beschädigen, Schutzbrille verwenden.","buyingNotes":"Stabiler Griff und flache Spitze sind wichtiger als ein billiges Set."}'::jsonb,
    now()
  )
  ON CONFLICT (key) DO UPDATE SET
    name = EXCLUDED.name,
    tool_type = EXCLUDED.tool_type,
    skill_level = EXCLUDED.skill_level,
    used_for = EXCLUDED.used_for,
    risk_notes = EXCLUDED.risk_notes,
    buying_notes = EXCLUDED.buying_notes,
    source_data = EXCLUDED.source_data,
    updated_at = now();
INSERT INTO workshop_tools (
    key, name, tool_type, skill_level, used_for, risk_notes, buying_notes, source_data, updated_at
  )
  VALUES (
    'electric_stapler',
    'Elektro- oder Drucklufttacker',
    'assembly',
    'intermediate',
    'Bezug wieder an der Sitzwanne befestigen',
    'Zu lange Klammern können Sitzwanne oder Bezug beschädigen.',
    'Vorher Klammerlänge und Material der Sitzwanne prüfen.',
    '{"key":"electric_stapler","name":"Elektro- oder Drucklufttacker","toolType":"assembly","skillLevel":"intermediate","usedFor":"Bezug wieder an der Sitzwanne befestigen","riskNotes":"Zu lange Klammern können Sitzwanne oder Bezug beschädigen.","buyingNotes":"Vorher Klammerlänge und Material der Sitzwanne prüfen."}'::jsonb,
    now()
  )
  ON CONFLICT (key) DO UPDATE SET
    name = EXCLUDED.name,
    tool_type = EXCLUDED.tool_type,
    skill_level = EXCLUDED.skill_level,
    used_for = EXCLUDED.used_for,
    risk_notes = EXCLUDED.risk_notes,
    buying_notes = EXCLUDED.buying_notes,
    source_data = EXCLUDED.source_data,
    updated_at = now();
INSERT INTO workshop_tools (
    key, name, tool_type, skill_level, used_for, risk_notes, buying_notes, source_data, updated_at
  )
  VALUES (
    'foam_knife',
    'Schaummesser / elektrisches Messer',
    'foam_shaping',
    'intermediate',
    'Schaum grob schneiden und Übergänge formen',
    'Zu viel Material ist schnell weg; immer in kleinen Schritten arbeiten.',
    'Erst an Reststücken üben.',
    '{"key":"foam_knife","name":"Schaummesser / elektrisches Messer","toolType":"foam_shaping","skillLevel":"intermediate","usedFor":"Schaum grob schneiden und Übergänge formen","riskNotes":"Zu viel Material ist schnell weg; immer in kleinen Schritten arbeiten.","buyingNotes":"Erst an Reststücken üben."}'::jsonb,
    now()
  )
  ON CONFLICT (key) DO UPDATE SET
    name = EXCLUDED.name,
    tool_type = EXCLUDED.tool_type,
    skill_level = EXCLUDED.skill_level,
    used_for = EXCLUDED.used_for,
    risk_notes = EXCLUDED.risk_notes,
    buying_notes = EXCLUDED.buying_notes,
    source_data = EXCLUDED.source_data,
    updated_at = now();
INSERT INTO workshop_tools (
    key, name, tool_type, skill_level, used_for, risk_notes, buying_notes, source_data, updated_at
  )
  VALUES (
    'spray_adhesive',
    'Kontakt- oder Sprühkleber',
    'adhesive',
    'intermediate',
    'Schaumlagen und Bezugshilfen fixieren',
    'Lüftung, Temperatur, Ablüftzeit und Materialverträglichkeit beachten.',
    'Nur Kleber verwenden, der für Schaum und Bezugsmaterial geeignet ist.',
    '{"key":"spray_adhesive","name":"Kontakt- oder Sprühkleber","toolType":"adhesive","skillLevel":"intermediate","usedFor":"Schaumlagen und Bezugshilfen fixieren","riskNotes":"Lüftung, Temperatur, Ablüftzeit und Materialverträglichkeit beachten.","buyingNotes":"Nur Kleber verwenden, der für Schaum und Bezugsmaterial geeignet ist."}'::jsonb,
    now()
  )
  ON CONFLICT (key) DO UPDATE SET
    name = EXCLUDED.name,
    tool_type = EXCLUDED.tool_type,
    skill_level = EXCLUDED.skill_level,
    used_for = EXCLUDED.used_for,
    risk_notes = EXCLUDED.risk_notes,
    buying_notes = EXCLUDED.buying_notes,
    source_data = EXCLUDED.source_data,
    updated_at = now();
INSERT INTO workshop_tools (
    key, name, tool_type, skill_level, used_for, risk_notes, buying_notes, source_data, updated_at
  )
  VALUES (
    'measuring_tape_marker',
    'Maßband und Markierstift',
    'measurement',
    'beginner',
    'Sitzbreite, Kanten, Schmerzpunkte und Änderungen dokumentieren',
    'Ohne Vorher-Nachher-Maße ist ein Umbau schwer vergleichbar.',
    'Einfaches Werkzeug, aber für reproduzierbare Tests zentral.',
    '{"key":"measuring_tape_marker","name":"Maßband und Markierstift","toolType":"measurement","skillLevel":"beginner","usedFor":"Sitzbreite, Kanten, Schmerzpunkte und Änderungen dokumentieren","riskNotes":"Ohne Vorher-Nachher-Maße ist ein Umbau schwer vergleichbar.","buyingNotes":"Einfaches Werkzeug, aber für reproduzierbare Tests zentral."}'::jsonb,
    now()
  )
  ON CONFLICT (key) DO UPDATE SET
    name = EXCLUDED.name,
    tool_type = EXCLUDED.tool_type,
    skill_level = EXCLUDED.skill_level,
    used_for = EXCLUDED.used_for,
    risk_notes = EXCLUDED.risk_notes,
    buying_notes = EXCLUDED.buying_notes,
    source_data = EXCLUDED.source_data,
    updated_at = now();
INSERT INTO workshop_tools (
    key, name, tool_type, skill_level, used_for, risk_notes, buying_notes, source_data, updated_at
  )
  VALUES (
    'heat_gun',
    'Heißluftföhn',
    'cover_work',
    'advanced',
    'Bezug vorsichtig anpassen und Falten reduzieren',
    'Überhitzung kann Bezug, Nähte oder Schaum zerstören.',
    'Nur mit Temperaturkontrolle und viel Abstand verwenden.',
    '{"key":"heat_gun","name":"Heißluftföhn","toolType":"cover_work","skillLevel":"advanced","usedFor":"Bezug vorsichtig anpassen und Falten reduzieren","riskNotes":"Überhitzung kann Bezug, Nähte oder Schaum zerstören.","buyingNotes":"Nur mit Temperaturkontrolle und viel Abstand verwenden."}'::jsonb,
    now()
  )
  ON CONFLICT (key) DO UPDATE SET
    name = EXCLUDED.name,
    tool_type = EXCLUDED.tool_type,
    skill_level = EXCLUDED.skill_level,
    used_for = EXCLUDED.used_for,
    risk_notes = EXCLUDED.risk_notes,
    buying_notes = EXCLUDED.buying_notes,
    source_data = EXCLUDED.source_data,
    updated_at = now();
INSERT INTO workshop_tools (
    key, name, tool_type, skill_level, used_for, risk_notes, buying_notes, source_data, updated_at
  )
  VALUES (
    'contour_gauge',
    'Konturenlehre',
    'measurement',
    'beginner',
    'Sitzform, Kanten und Vorher-Nachher-Profil dokumentieren',
    'Hilft nur, wenn Fotos und Maße konsequent abgelegt werden.',
    'Breite Lehre wählen; für Sitzbank besser als sehr kurze Bastelvarianten.',
    '{"key":"contour_gauge","name":"Konturenlehre","toolType":"measurement","skillLevel":"beginner","usedFor":"Sitzform, Kanten und Vorher-Nachher-Profil dokumentieren","riskNotes":"Hilft nur, wenn Fotos und Maße konsequent abgelegt werden.","buyingNotes":"Breite Lehre wählen; für Sitzbank besser als sehr kurze Bastelvarianten."}'::jsonb,
    now()
  )
  ON CONFLICT (key) DO UPDATE SET
    name = EXCLUDED.name,
    tool_type = EXCLUDED.tool_type,
    skill_level = EXCLUDED.skill_level,
    used_for = EXCLUDED.used_for,
    risk_notes = EXCLUDED.risk_notes,
    buying_notes = EXCLUDED.buying_notes,
    source_data = EXCLUDED.source_data,
    updated_at = now();
INSERT INTO workshop_tools (
    key, name, tool_type, skill_level, used_for, risk_notes, buying_notes, source_data, updated_at
  )
  VALUES (
    'digital_angle_finder',
    'Digitaler Winkelmesser',
    'measurement',
    'beginner',
    'Sitzneigung, Sitzwanne und Vergleich vor/nach Umbau messen',
    'Messpunkt markieren, sonst sind Werte nicht reproduzierbar.',
    'Magnet ist nett, aber flache Auflage und Nullfunktion sind wichtiger.',
    '{"key":"digital_angle_finder","name":"Digitaler Winkelmesser","toolType":"measurement","skillLevel":"beginner","usedFor":"Sitzneigung, Sitzwanne und Vergleich vor/nach Umbau messen","riskNotes":"Messpunkt markieren, sonst sind Werte nicht reproduzierbar.","buyingNotes":"Magnet ist nett, aber flache Auflage und Nullfunktion sind wichtiger."}'::jsonb,
    now()
  )
  ON CONFLICT (key) DO UPDATE SET
    name = EXCLUDED.name,
    tool_type = EXCLUDED.tool_type,
    skill_level = EXCLUDED.skill_level,
    used_for = EXCLUDED.used_for,
    risk_notes = EXCLUDED.risk_notes,
    buying_notes = EXCLUDED.buying_notes,
    source_data = EXCLUDED.source_data,
    updated_at = now();
INSERT INTO workshop_tools (
    key, name, tool_type, skill_level, used_for, risk_notes, buying_notes, source_data, updated_at
  )
  VALUES (
    'foam_rasp_sanding_block',
    'Schaumraspel und Schleifklotz',
    'foam_shaping',
    'intermediate',
    'Übergänge glätten und Kanten kontrolliert entschärfen',
    'Staub, Wellen und asymmetrische Form vermeiden; langsam arbeiten.',
    'Mehrere Körnungen und Reststücke zum Üben einplanen.',
    '{"key":"foam_rasp_sanding_block","name":"Schaumraspel und Schleifklotz","toolType":"foam_shaping","skillLevel":"intermediate","usedFor":"Übergänge glätten und Kanten kontrolliert entschärfen","riskNotes":"Staub, Wellen und asymmetrische Form vermeiden; langsam arbeiten.","buyingNotes":"Mehrere Körnungen und Reststücke zum Üben einplanen."}'::jsonb,
    now()
  )
  ON CONFLICT (key) DO UPDATE SET
    name = EXCLUDED.name,
    tool_type = EXCLUDED.tool_type,
    skill_level = EXCLUDED.skill_level,
    used_for = EXCLUDED.used_for,
    risk_notes = EXCLUDED.risk_notes,
    buying_notes = EXCLUDED.buying_notes,
    source_data = EXCLUDED.source_data,
    updated_at = now();
INSERT INTO workshop_tools (
    key, name, tool_type, skill_level, used_for, risk_notes, buying_notes, source_data, updated_at
  )
  VALUES (
    'industrial_walking_foot_machine',
    'Industrie-Nähmaschine mit Walking Foot',
    'cover_work',
    'professional',
    'mehrlagige Bezüge, Kunstleder, Nähte und Keder sauber verarbeiten',
    'Falsche Maschine, Nadel oder Fadenspannung ruiniert Bezug und Nähte.',
    'Nur sinnvoll, wenn regelmäßig Bezüge genäht werden oder ein Sattler damit arbeitet.',
    '{"key":"industrial_walking_foot_machine","name":"Industrie-Nähmaschine mit Walking Foot","toolType":"cover_work","skillLevel":"professional","usedFor":"mehrlagige Bezüge, Kunstleder, Nähte und Keder sauber verarbeiten","riskNotes":"Falsche Maschine, Nadel oder Fadenspannung ruiniert Bezug und Nähte.","buyingNotes":"Nur sinnvoll, wenn regelmäßig Bezüge genäht werden oder ein Sattler damit arbeitet."}'::jsonb,
    now()
  )
  ON CONFLICT (key) DO UPDATE SET
    name = EXCLUDED.name,
    tool_type = EXCLUDED.tool_type,
    skill_level = EXCLUDED.skill_level,
    used_for = EXCLUDED.used_for,
    risk_notes = EXCLUDED.risk_notes,
    buying_notes = EXCLUDED.buying_notes,
    source_data = EXCLUDED.source_data,
    updated_at = now();
INSERT INTO workshop_tools (
    key, name, tool_type, skill_level, used_for, risk_notes, buying_notes, source_data, updated_at
  )
  VALUES (
    'hot_wire_foam_cutter',
    'Heißdraht-Schneider für Schaum',
    'foam_shaping',
    'professional',
    'gerade Schnitte und kontrollierte Schaumform bei geeigneten Schäumen',
    'Dämpfe, Brandgefahr und Materialverträglichkeit beachten; nicht jeder Schaum ist geeignet.',
    'Für Einsteiger meist übertrieben; erst Reststücke und Schutzmaßnahmen klären.',
    '{"key":"hot_wire_foam_cutter","name":"Heißdraht-Schneider für Schaum","toolType":"foam_shaping","skillLevel":"professional","usedFor":"gerade Schnitte und kontrollierte Schaumform bei geeigneten Schäumen","riskNotes":"Dämpfe, Brandgefahr und Materialverträglichkeit beachten; nicht jeder Schaum ist geeignet.","buyingNotes":"Für Einsteiger meist übertrieben; erst Reststücke und Schutzmaßnahmen klären."}'::jsonb,
    now()
  )
  ON CONFLICT (key) DO UPDATE SET
    name = EXCLUDED.name,
    tool_type = EXCLUDED.tool_type,
    skill_level = EXCLUDED.skill_level,
    used_for = EXCLUDED.used_for,
    risk_notes = EXCLUDED.risk_notes,
    buying_notes = EXCLUDED.buying_notes,
    source_data = EXCLUDED.source_data,
    updated_at = now();
INSERT INTO workshop_tools (
    key, name, tool_type, skill_level, used_for, risk_notes, buying_notes, source_data, updated_at
  )
  VALUES (
    'hog_ring_pliers',
    'Hog-Ring-Zange / Polsterklammerzange',
    'cover_work',
    'intermediate',
    'Bezug, Gurte oder Unterzüge an geeigneten Sitzkonstruktionen fixieren',
    'Nur verwenden, wenn die Sitzbankkonstruktion dafür ausgelegt ist.',
    'Zange und Klammergröße zusammen wählen; rostfreie Klammern bevorzugen.',
    '{"key":"hog_ring_pliers","name":"Hog-Ring-Zange / Polsterklammerzange","toolType":"cover_work","skillLevel":"intermediate","usedFor":"Bezug, Gurte oder Unterzüge an geeigneten Sitzkonstruktionen fixieren","riskNotes":"Nur verwenden, wenn die Sitzbankkonstruktion dafür ausgelegt ist.","buyingNotes":"Zange und Klammergröße zusammen wählen; rostfreie Klammern bevorzugen."}'::jsonb,
    now()
  )
  ON CONFLICT (key) DO UPDATE SET
    name = EXCLUDED.name,
    tool_type = EXCLUDED.tool_type,
    skill_level = EXCLUDED.skill_level,
    used_for = EXCLUDED.used_for,
    risk_notes = EXCLUDED.risk_notes,
    buying_notes = EXCLUDED.buying_notes,
    source_data = EXCLUDED.source_data,
    updated_at = now();
INSERT INTO workshop_tools (
    key, name, tool_type, skill_level, used_for, risk_notes, buying_notes, source_data, updated_at
  )
  VALUES (
    'infrared_thermometer',
    'Infrarot-Thermometer',
    'measurement',
    'beginner',
    'Oberflächentemperatur von Bezug, Auflage und Sitzbank im Sommer vergleichen',
    'Messabstand und Materialoberfläche beeinflussen den Wert.',
    'Ein einfaches Gerät reicht für Vorher/Nachher-Vergleiche.',
    '{"key":"infrared_thermometer","name":"Infrarot-Thermometer","toolType":"measurement","skillLevel":"beginner","usedFor":"Oberflächentemperatur von Bezug, Auflage und Sitzbank im Sommer vergleichen","riskNotes":"Messabstand und Materialoberfläche beeinflussen den Wert.","buyingNotes":"Ein einfaches Gerät reicht für Vorher/Nachher-Vergleiche."}'::jsonb,
    now()
  )
  ON CONFLICT (key) DO UPDATE SET
    name = EXCLUDED.name,
    tool_type = EXCLUDED.tool_type,
    skill_level = EXCLUDED.skill_level,
    used_for = EXCLUDED.used_for,
    risk_notes = EXCLUDED.risk_notes,
    buying_notes = EXCLUDED.buying_notes,
    source_data = EXCLUDED.source_data,
    updated_at = now();
INSERT INTO workshop_supplies (
    key, name, supply_type, skill_level, used_for, best_for, risk_notes,
    buying_notes, source_data, updated_at
  )
  VALUES (
    'stainless_staples',
    'Edelstahl- oder rostgeschützte Klammern',
    'fastener',
    'beginner',
    'Bezug dauerhaft an der Sitzwanne befestigen',
    'Wiederbezug, Bezug straffen, alte rostige Klammern ersetzen',
    'Klammerlänge muss zur Sitzwanne passen; zu lange Klammern können Material beschädigen.',
    'Klammerhöhe, Rückenbreite und Tacker-Kompatibilität vor dem Kauf prüfen.',
    '{"key":"stainless_staples","name":"Edelstahl- oder rostgeschützte Klammern","supplyType":"fastener","skillLevel":"beginner","usedFor":"Bezug dauerhaft an der Sitzwanne befestigen","bestFor":"Wiederbezug, Bezug straffen, alte rostige Klammern ersetzen","riskNotes":"Klammerlänge muss zur Sitzwanne passen; zu lange Klammern können Material beschädigen.","buyingNotes":"Klammerhöhe, Rückenbreite und Tacker-Kompatibilität vor dem Kauf prüfen."}'::jsonb,
    now()
  )
  ON CONFLICT (key) DO UPDATE SET
    name = EXCLUDED.name,
    supply_type = EXCLUDED.supply_type,
    skill_level = EXCLUDED.skill_level,
    used_for = EXCLUDED.used_for,
    best_for = EXCLUDED.best_for,
    risk_notes = EXCLUDED.risk_notes,
    buying_notes = EXCLUDED.buying_notes,
    source_data = EXCLUDED.source_data,
    updated_at = now();
INSERT INTO workshop_supplies (
    key, name, supply_type, skill_level, used_for, best_for, risk_notes,
    buying_notes, source_data, updated_at
  )
  VALUES (
    'foam_safe_contact_adhesive',
    'Schaumverträglicher Kontaktkleber',
    'adhesive',
    'intermediate',
    'Schaumlagen, Kanten und kleine Formkorrekturen fixieren',
    'mehrlagiger Aufbau, lokale Einlagen, Bezugshilfen',
    'Falscher Kleber kann Schaum anlösen; Lüftung und Ablüftzeit ernst nehmen.',
    'Nur Kleber wählen, der ausdrücklich für Schaum/Polster geeignet ist.',
    '{"key":"foam_safe_contact_adhesive","name":"Schaumverträglicher Kontaktkleber","supplyType":"adhesive","skillLevel":"intermediate","usedFor":"Schaumlagen, Kanten und kleine Formkorrekturen fixieren","bestFor":"mehrlagiger Aufbau, lokale Einlagen, Bezugshilfen","riskNotes":"Falscher Kleber kann Schaum anlösen; Lüftung und Ablüftzeit ernst nehmen.","buyingNotes":"Nur Kleber wählen, der ausdrücklich für Schaum/Polster geeignet ist."}'::jsonb,
    now()
  )
  ON CONFLICT (key) DO UPDATE SET
    name = EXCLUDED.name,
    supply_type = EXCLUDED.supply_type,
    skill_level = EXCLUDED.skill_level,
    used_for = EXCLUDED.used_for,
    best_for = EXCLUDED.best_for,
    risk_notes = EXCLUDED.risk_notes,
    buying_notes = EXCLUDED.buying_notes,
    source_data = EXCLUDED.source_data,
    updated_at = now();
INSERT INTO workshop_supplies (
    key, name, supply_type, skill_level, used_for, best_for, risk_notes,
    buying_notes, source_data, updated_at
  )
  VALUES (
    'waterproof_barrier_film',
    'Wasserabweisende Schutzfolie / Membran',
    'waterproofing',
    'intermediate',
    'Schaum gegen eindringendes Wasser unter dem Bezug schützen',
    'Touring, Regen, Outdoor-Parken, Sitzbänke mit Nähten',
    'Falten und schlecht geführte Kanten können Druckstellen oder Wasserwege erzeugen.',
    'Flexibilität, Temperaturverhalten und Verträglichkeit mit Kleber prüfen.',
    '{"key":"waterproof_barrier_film","name":"Wasserabweisende Schutzfolie / Membran","supplyType":"waterproofing","skillLevel":"intermediate","usedFor":"Schaum gegen eindringendes Wasser unter dem Bezug schützen","bestFor":"Touring, Regen, Outdoor-Parken, Sitzbänke mit Nähten","riskNotes":"Falten und schlecht geführte Kanten können Druckstellen oder Wasserwege erzeugen.","buyingNotes":"Flexibilität, Temperaturverhalten und Verträglichkeit mit Kleber prüfen."}'::jsonb,
    now()
  )
  ON CONFLICT (key) DO UPDATE SET
    name = EXCLUDED.name,
    supply_type = EXCLUDED.supply_type,
    skill_level = EXCLUDED.skill_level,
    used_for = EXCLUDED.used_for,
    best_for = EXCLUDED.best_for,
    risk_notes = EXCLUDED.risk_notes,
    buying_notes = EXCLUDED.buying_notes,
    source_data = EXCLUDED.source_data,
    updated_at = now();
INSERT INTO workshop_supplies (
    key, name, supply_type, skill_level, used_for, best_for, risk_notes,
    buying_notes, source_data, updated_at
  )
  VALUES (
    'vinyl_leather_cleaner',
    'Vinyl-/Kunstlederreiniger',
    'care',
    'beginner',
    'Bezug reinigen, bevor Zustand, Rutschen oder Materialschäden bewertet werden',
    'Pflege, Vorher-Fotos, gebrauchte Sitzbank, Vorbereitung vor Tests',
    'Aggressive Reiniger können Beschichtung oder Nähte angreifen.',
    'Erst an unauffälliger Stelle testen; matte, rutschhemmende Bezüge nicht fettig pflegen.',
    '{"key":"vinyl_leather_cleaner","name":"Vinyl-/Kunstlederreiniger","supplyType":"care","skillLevel":"beginner","usedFor":"Bezug reinigen, bevor Zustand, Rutschen oder Materialschäden bewertet werden","bestFor":"Pflege, Vorher-Fotos, gebrauchte Sitzbank, Vorbereitung vor Tests","riskNotes":"Aggressive Reiniger können Beschichtung oder Nähte angreifen.","buyingNotes":"Erst an unauffälliger Stelle testen; matte, rutschhemmende Bezüge nicht fettig pflegen."}'::jsonb,
    now()
  )
  ON CONFLICT (key) DO UPDATE SET
    name = EXCLUDED.name,
    supply_type = EXCLUDED.supply_type,
    skill_level = EXCLUDED.skill_level,
    used_for = EXCLUDED.used_for,
    best_for = EXCLUDED.best_for,
    risk_notes = EXCLUDED.risk_notes,
    buying_notes = EXCLUDED.buying_notes,
    source_data = EXCLUDED.source_data,
    updated_at = now();
INSERT INTO workshop_supplies (
    key, name, supply_type, skill_level, used_for, best_for, risk_notes,
    buying_notes, source_data, updated_at
  )
  VALUES (
    'seam_sealer',
    'Nahtabdichtung / Seam Sealer',
    'waterproofing',
    'advanced',
    'kritische Nähte und Übergänge gegen Feuchtigkeit schützen',
    'Sattlerumbau, Sitzbank mit Ziernähten, Regenbetrieb',
    'Kann optisch auffallen; falsches Produkt kann Bezug verfärben oder steif machen.',
    'Kompatibilität mit Bezugsmaterial und UV-Beständigkeit prüfen.',
    '{"key":"seam_sealer","name":"Nahtabdichtung / Seam Sealer","supplyType":"waterproofing","skillLevel":"advanced","usedFor":"kritische Nähte und Übergänge gegen Feuchtigkeit schützen","bestFor":"Sattlerumbau, Sitzbank mit Ziernähten, Regenbetrieb","riskNotes":"Kann optisch auffallen; falsches Produkt kann Bezug verfärben oder steif machen.","buyingNotes":"Kompatibilität mit Bezugsmaterial und UV-Beständigkeit prüfen."}'::jsonb,
    now()
  )
  ON CONFLICT (key) DO UPDATE SET
    name = EXCLUDED.name,
    supply_type = EXCLUDED.supply_type,
    skill_level = EXCLUDED.skill_level,
    used_for = EXCLUDED.used_for,
    best_for = EXCLUDED.best_for,
    risk_notes = EXCLUDED.risk_notes,
    buying_notes = EXCLUDED.buying_notes,
    source_data = EXCLUDED.source_data,
    updated_at = now();
INSERT INTO workshop_supplies (
    key, name, supply_type, skill_level, used_for, best_for, risk_notes,
    buying_notes, source_data, updated_at
  )
  VALUES (
    'isopropyl_cleaner',
    'Isopropanol / Oberflächenreiniger',
    'surface_prep',
    'beginner',
    'Klebeflächen entfetten und Markierungen vor dem Aufbau vorbereiten',
    'saubere Klebeflächen, kleine Reparaturen, Vorbereitung vor Messfotos',
    'Kann manche Kunststoffe oder Beschichtungen angreifen; nicht tränken.',
    'Mit fusselfreiem Tuch sparsam verwenden und Materialverträglichkeit testen.',
    '{"key":"isopropyl_cleaner","name":"Isopropanol / Oberflächenreiniger","supplyType":"surface_prep","skillLevel":"beginner","usedFor":"Klebeflächen entfetten und Markierungen vor dem Aufbau vorbereiten","bestFor":"saubere Klebeflächen, kleine Reparaturen, Vorbereitung vor Messfotos","riskNotes":"Kann manche Kunststoffe oder Beschichtungen angreifen; nicht tränken.","buyingNotes":"Mit fusselfreiem Tuch sparsam verwenden und Materialverträglichkeit testen."}'::jsonb,
    now()
  )
  ON CONFLICT (key) DO UPDATE SET
    name = EXCLUDED.name,
    supply_type = EXCLUDED.supply_type,
    skill_level = EXCLUDED.skill_level,
    used_for = EXCLUDED.used_for,
    best_for = EXCLUDED.best_for,
    risk_notes = EXCLUDED.risk_notes,
    buying_notes = EXCLUDED.buying_notes,
    source_data = EXCLUDED.source_data,
    updated_at = now();
INSERT INTO workshop_supplies (
    key, name, supply_type, skill_level, used_for, best_for, risk_notes,
    buying_notes, source_data, updated_at
  )
  VALUES (
    'upholstery_vinyl',
    'Motorrad-geeigneter Kunstleder-/Vinylbezug',
    'cover_material',
    'professional',
    'neuen Bezug nähen oder Sitzbank neu beziehen',
    'Design, Grip, Wasserverhalten und Reparatur einer alten Sitzbank',
    'Billiges Material kann reißen, ausbleichen oder Wasser an Nähten ziehen.',
    'UV-Beständigkeit, Dehnung, Rückseite, Griff und Nahtverhalten prüfen.',
    '{"key":"upholstery_vinyl","name":"Motorrad-geeigneter Kunstleder-/Vinylbezug","supplyType":"cover_material","skillLevel":"professional","usedFor":"neuen Bezug nähen oder Sitzbank neu beziehen","bestFor":"Design, Grip, Wasserverhalten und Reparatur einer alten Sitzbank","riskNotes":"Billiges Material kann reißen, ausbleichen oder Wasser an Nähten ziehen.","buyingNotes":"UV-Beständigkeit, Dehnung, Rückseite, Griff und Nahtverhalten prüfen."}'::jsonb,
    now()
  )
  ON CONFLICT (key) DO UPDATE SET
    name = EXCLUDED.name,
    supply_type = EXCLUDED.supply_type,
    skill_level = EXCLUDED.skill_level,
    used_for = EXCLUDED.used_for,
    best_for = EXCLUDED.best_for,
    risk_notes = EXCLUDED.risk_notes,
    buying_notes = EXCLUDED.buying_notes,
    source_data = EXCLUDED.source_data,
    updated_at = now();
INSERT INTO workshop_supplies (
    key, name, supply_type, skill_level, used_for, best_for, risk_notes,
    buying_notes, source_data, updated_at
  )
  VALUES (
    'bonded_nylon_thread',
    'UV-beständiger Polsterfaden',
    'sewing',
    'professional',
    'haltbare Nähte bei Kunstleder, Vinyl und Keder',
    'Sattlerarbeit, neue Bezüge, sichtbare Ziernähte',
    'Falsche Stärke oder Nadel führt zu Fehlstichen und schwachen Nähten.',
    'Fadenstärke passend zur Maschine, Nadel und Materialdicke wählen.',
    '{"key":"bonded_nylon_thread","name":"UV-beständiger Polsterfaden","supplyType":"sewing","skillLevel":"professional","usedFor":"haltbare Nähte bei Kunstleder, Vinyl und Keder","bestFor":"Sattlerarbeit, neue Bezüge, sichtbare Ziernähte","riskNotes":"Falsche Stärke oder Nadel führt zu Fehlstichen und schwachen Nähten.","buyingNotes":"Fadenstärke passend zur Maschine, Nadel und Materialdicke wählen."}'::jsonb,
    now()
  )
  ON CONFLICT (key) DO UPDATE SET
    name = EXCLUDED.name,
    supply_type = EXCLUDED.supply_type,
    skill_level = EXCLUDED.skill_level,
    used_for = EXCLUDED.used_for,
    best_for = EXCLUDED.best_for,
    risk_notes = EXCLUDED.risk_notes,
    buying_notes = EXCLUDED.buying_notes,
    source_data = EXCLUDED.source_data,
    updated_at = now();
INSERT INTO workshop_supplies (
    key, name, supply_type, skill_level, used_for, best_for, risk_notes,
    buying_notes, source_data, updated_at
  )
  VALUES (
    'hook_loop_straps',
    'Klett-/Gurtband für reversible Auflagen',
    'mounting',
    'beginner',
    '3D-Mesh, Luftkissen oder Testauflagen ohne dauerhaften Umbau sichern',
    'erste Tests, Pendeln, Hitze, Scooter und Budget-Lösungen',
    'Darf Sitzschloss, Lack, Verkleidung und Fahrkontrolle nicht stören.',
    'Breite, Kanten, UV-Beständigkeit und einfache Demontage beachten.',
    '{"key":"hook_loop_straps","name":"Klett-/Gurtband für reversible Auflagen","supplyType":"mounting","skillLevel":"beginner","usedFor":"3D-Mesh, Luftkissen oder Testauflagen ohne dauerhaften Umbau sichern","bestFor":"erste Tests, Pendeln, Hitze, Scooter und Budget-Lösungen","riskNotes":"Darf Sitzschloss, Lack, Verkleidung und Fahrkontrolle nicht stören.","buyingNotes":"Breite, Kanten, UV-Beständigkeit und einfache Demontage beachten."}'::jsonb,
    now()
  )
  ON CONFLICT (key) DO UPDATE SET
    name = EXCLUDED.name,
    supply_type = EXCLUDED.supply_type,
    skill_level = EXCLUDED.skill_level,
    used_for = EXCLUDED.used_for,
    best_for = EXCLUDED.best_for,
    risk_notes = EXCLUDED.risk_notes,
    buying_notes = EXCLUDED.buying_notes,
    source_data = EXCLUDED.source_data,
    updated_at = now();
INSERT INTO workshop_supplies (
    key, name, supply_type, skill_level, used_for, best_for, risk_notes,
    buying_notes, source_data, updated_at
  )
  VALUES (
    'pattern_paper_transfer_film',
    'Schnittmusterpapier / Transferfolie',
    'patterning',
    'intermediate',
    'Bezugsteile, Nahtverlauf und Schaumzonen vor dem Schneiden planen',
    'Vorbereitung, Dokumentation, Sattler-Briefing, wiederholbare Umbauten',
    'Ungenaue Muster übertragen Fehler direkt auf teures Bezugsmaterial.',
    'Transparentes, reißfestes Material erleichtert das Übertragen von Konturen.',
    '{"key":"pattern_paper_transfer_film","name":"Schnittmusterpapier / Transferfolie","supplyType":"patterning","skillLevel":"intermediate","usedFor":"Bezugsteile, Nahtverlauf und Schaumzonen vor dem Schneiden planen","bestFor":"Vorbereitung, Dokumentation, Sattler-Briefing, wiederholbare Umbauten","riskNotes":"Ungenaue Muster übertragen Fehler direkt auf teures Bezugsmaterial.","buyingNotes":"Transparentes, reißfestes Material erleichtert das Übertragen von Konturen."}'::jsonb,
    now()
  )
  ON CONFLICT (key) DO UPDATE SET
    name = EXCLUDED.name,
    supply_type = EXCLUDED.supply_type,
    skill_level = EXCLUDED.skill_level,
    used_for = EXCLUDED.used_for,
    best_for = EXCLUDED.best_for,
    risk_notes = EXCLUDED.risk_notes,
    buying_notes = EXCLUDED.buying_notes,
    source_data = EXCLUDED.source_data,
    updated_at = now();
INSERT INTO workshop_supplies (
    key, name, supply_type, skill_level, used_for, best_for, risk_notes,
    buying_notes, source_data, updated_at
  )
  VALUES (
    'foam_sample_pack',
    'Schaumstoff-Musterpaket',
    'testing',
    'beginner',
    'Härte, Rückstellung und Haptik verschiedener Schäume vor dem Kauf vergleichen',
    'Einsteiger, Materialwahl, Gespräch mit Sattler oder Lieferant',
    'Kleine Muster ersetzen keinen Sitztest, helfen aber beim Aussortieren.',
    'Dichte, Stauchhärte und Materialtyp sollten angegeben sein.',
    '{"key":"foam_sample_pack","name":"Schaumstoff-Musterpaket","supplyType":"testing","skillLevel":"beginner","usedFor":"Härte, Rückstellung und Haptik verschiedener Schäume vor dem Kauf vergleichen","bestFor":"Einsteiger, Materialwahl, Gespräch mit Sattler oder Lieferant","riskNotes":"Kleine Muster ersetzen keinen Sitztest, helfen aber beim Aussortieren.","buyingNotes":"Dichte, Stauchhärte und Materialtyp sollten angegeben sein."}'::jsonb,
    now()
  )
  ON CONFLICT (key) DO UPDATE SET
    name = EXCLUDED.name,
    supply_type = EXCLUDED.supply_type,
    skill_level = EXCLUDED.skill_level,
    used_for = EXCLUDED.used_for,
    best_for = EXCLUDED.best_for,
    risk_notes = EXCLUDED.risk_notes,
    buying_notes = EXCLUDED.buying_notes,
    source_data = EXCLUDED.source_data,
    updated_at = now();
INSERT INTO workshop_supplies (
    key, name, supply_type, skill_level, used_for, best_for, risk_notes,
    buying_notes, source_data, updated_at
  )
  VALUES (
    'waterproof_seam_tape',
    'Nahtdichtband / Seam Tape',
    'sealing',
    'professional',
    'Nähte und kritische Übergänge gegen Wasser schützen',
    'perforierte Bezüge, Neubezug, Ganzjahresfahrer',
    'Temperatur, Kleber und Bezugsmaterial müssen zusammenpassen.',
    'Nur mit Teststück verwenden; manche Bänder brauchen Wärme oder Druck.',
    '{"key":"waterproof_seam_tape","name":"Nahtdichtband / Seam Tape","supplyType":"sealing","skillLevel":"professional","usedFor":"Nähte und kritische Übergänge gegen Wasser schützen","bestFor":"perforierte Bezüge, Neubezug, Ganzjahresfahrer","riskNotes":"Temperatur, Kleber und Bezugsmaterial müssen zusammenpassen.","buyingNotes":"Nur mit Teststück verwenden; manche Bänder brauchen Wärme oder Druck."}'::jsonb,
    now()
  )
  ON CONFLICT (key) DO UPDATE SET
    name = EXCLUDED.name,
    supply_type = EXCLUDED.supply_type,
    skill_level = EXCLUDED.skill_level,
    used_for = EXCLUDED.used_for,
    best_for = EXCLUDED.best_for,
    risk_notes = EXCLUDED.risk_notes,
    buying_notes = EXCLUDED.buying_notes,
    source_data = EXCLUDED.source_data,
    updated_at = now();
INSERT INTO workshop_supplies (
    key, name, supply_type, skill_level, used_for, best_for, risk_notes,
    buying_notes, source_data, updated_at
  )
  VALUES (
    'temporary_test_cover',
    'Temporärer Testbezug',
    'testing',
    'beginner',
    'neue Schaumform kurz testen, bevor der finale Bezug genäht wird',
    'DIY-Prototypen, Sattler-Briefing, Sitzform-Vergleich',
    'Nicht für Dauerbetrieb oder Nässe gedacht.',
    'Rutschfest genug wählen, aber schnell abnehmbar halten.',
    '{"key":"temporary_test_cover","name":"Temporärer Testbezug","supplyType":"testing","skillLevel":"beginner","usedFor":"neue Schaumform kurz testen, bevor der finale Bezug genäht wird","bestFor":"DIY-Prototypen, Sattler-Briefing, Sitzform-Vergleich","riskNotes":"Nicht für Dauerbetrieb oder Nässe gedacht.","buyingNotes":"Rutschfest genug wählen, aber schnell abnehmbar halten."}'::jsonb,
    now()
  )
  ON CONFLICT (key) DO UPDATE SET
    name = EXCLUDED.name,
    supply_type = EXCLUDED.supply_type,
    skill_level = EXCLUDED.skill_level,
    used_for = EXCLUDED.used_for,
    best_for = EXCLUDED.best_for,
    risk_notes = EXCLUDED.risk_notes,
    buying_notes = EXCLUDED.buying_notes,
    source_data = EXCLUDED.source_data,
    updated_at = now();
INSERT INTO buying_channels (
    key, name, channel_type, country_code, best_for, affiliate_potential,
    trust_level, notes, source_data, updated_at
  )
  VALUES (
    'suzuki_dealer_de',
    'Suzuki Vertragshändler',
    'oem_dealer',
    'de',
    'OEM Zubehör, Teilenummern, Passformklärung, Garantiefragen',
    'low',
    4,
    'Wichtig für Premium-Sitz und offizielle Zubehörteile.',
    '{"key":"suzuki_dealer_de","name":"Suzuki Vertragshändler","channelType":"oem_dealer","country":"DE","bestFor":"OEM Zubehör, Teilenummern, Passformklärung, Garantiefragen","affiliatePotential":"low","trustLevel":4,"notes":"Wichtig für Premium-Sitz und offizielle Zubehörteile."}'::jsonb,
    now()
  )
  ON CONFLICT (key) DO UPDATE SET
    name = EXCLUDED.name,
    channel_type = EXCLUDED.channel_type,
    country_code = EXCLUDED.country_code,
    best_for = EXCLUDED.best_for,
    affiliate_potential = EXCLUDED.affiliate_potential,
    trust_level = EXCLUDED.trust_level,
    notes = EXCLUDED.notes,
    source_data = EXCLUDED.source_data,
    updated_at = now();
INSERT INTO buying_channels (
    key, name, channel_type, country_code, best_for, affiliate_potential,
    trust_level, notes, source_data, updated_at
  )
  VALUES (
    'amazon_de',
    'Amazon.de',
    'marketplace',
    'de',
    '3D-Mesh, einfache Auflagen, Werkzeug, schnelle Rückgabe',
    'high',
    3,
    'Gut für reversible Tests, aber Produktqualität stark prüfen.',
    '{"key":"amazon_de","name":"Amazon.de","channelType":"marketplace","country":"DE","bestFor":"3D-Mesh, einfache Auflagen, Werkzeug, schnelle Rückgabe","affiliatePotential":"high","trustLevel":3,"notes":"Gut für reversible Tests, aber Produktqualität stark prüfen."}'::jsonb,
    now()
  )
  ON CONFLICT (key) DO UPDATE SET
    name = EXCLUDED.name,
    channel_type = EXCLUDED.channel_type,
    country_code = EXCLUDED.country_code,
    best_for = EXCLUDED.best_for,
    affiliate_potential = EXCLUDED.affiliate_potential,
    trust_level = EXCLUDED.trust_level,
    notes = EXCLUDED.notes,
    source_data = EXCLUDED.source_data,
    updated_at = now();
INSERT INTO buying_channels (
    key, name, channel_type, country_code, best_for, affiliate_potential,
    trust_level, notes, source_data, updated_at
  )
  VALUES (
    'louis_de',
    'Louis',
    'motorcycle_retailer',
    'de',
    'Motorradzubehör, Auflagen, Werkzeug, Filialberatung',
    'medium',
    4,
    'Relevanter deutscher Händler für spätere Produktkarten.',
    '{"key":"louis_de","name":"Louis","channelType":"motorcycle_retailer","country":"DE","bestFor":"Motorradzubehör, Auflagen, Werkzeug, Filialberatung","affiliatePotential":"medium","trustLevel":4,"notes":"Relevanter deutscher Händler für spätere Produktkarten."}'::jsonb,
    now()
  )
  ON CONFLICT (key) DO UPDATE SET
    name = EXCLUDED.name,
    channel_type = EXCLUDED.channel_type,
    country_code = EXCLUDED.country_code,
    best_for = EXCLUDED.best_for,
    affiliate_potential = EXCLUDED.affiliate_potential,
    trust_level = EXCLUDED.trust_level,
    notes = EXCLUDED.notes,
    source_data = EXCLUDED.source_data,
    updated_at = now();
INSERT INTO buying_channels (
    key, name, channel_type, country_code, best_for, affiliate_potential,
    trust_level, notes, source_data, updated_at
  )
  VALUES (
    'polo_de',
    'Polo Motorrad',
    'motorcycle_retailer',
    'de',
    'Motorradzubehör, Werkzeug, Bekleidung und Komforttests',
    'medium',
    4,
    'Interessant für Preisvergleiche und stationären Kauf.',
    '{"key":"polo_de","name":"Polo Motorrad","channelType":"motorcycle_retailer","country":"DE","bestFor":"Motorradzubehör, Werkzeug, Bekleidung und Komforttests","affiliatePotential":"medium","trustLevel":4,"notes":"Interessant für Preisvergleiche und stationären Kauf."}'::jsonb,
    now()
  )
  ON CONFLICT (key) DO UPDATE SET
    name = EXCLUDED.name,
    channel_type = EXCLUDED.channel_type,
    country_code = EXCLUDED.country_code,
    best_for = EXCLUDED.best_for,
    affiliate_potential = EXCLUDED.affiliate_potential,
    trust_level = EXCLUDED.trust_level,
    notes = EXCLUDED.notes,
    source_data = EXCLUDED.source_data,
    updated_at = now();
INSERT INTO buying_channels (
    key, name, channel_type, country_code, best_for, affiliate_potential,
    trust_level, notes, source_data, updated_at
  )
  VALUES (
    'local_upholsterer_de',
    'Lokaler Sitzbank-Sattler',
    'service_provider',
    'de',
    'individuelle Form, Schaumaufbau, Bezug, Sitzheizung',
    'service_directory',
    3,
    'Später als kuratiertes Verzeichnis mit Fotos, Regionen und Spezialisierung.',
    '{"key":"local_upholsterer_de","name":"Lokaler Sitzbank-Sattler","channelType":"service_provider","country":"DE","bestFor":"individuelle Form, Schaumaufbau, Bezug, Sitzheizung","affiliatePotential":"service_directory","trustLevel":3,"notes":"Später als kuratiertes Verzeichnis mit Fotos, Regionen und Spezialisierung."}'::jsonb,
    now()
  )
  ON CONFLICT (key) DO UPDATE SET
    name = EXCLUDED.name,
    channel_type = EXCLUDED.channel_type,
    country_code = EXCLUDED.country_code,
    best_for = EXCLUDED.best_for,
    affiliate_potential = EXCLUDED.affiliate_potential,
    trust_level = EXCLUDED.trust_level,
    notes = EXCLUDED.notes,
    source_data = EXCLUDED.source_data,
    updated_at = now();
DELETE FROM content_media_links;
DELETE FROM media_assets;
INSERT INTO media_assets (
    key, title, description, local_path, download_url, source_page_url,
    source_name, creator, license_name, license_code, license_url, rights_status,
    attribution_required, share_alike_required, modification_allowed,
    commercial_use_allowed, endorsement_warning, credit_line, alt, caption,
    dominant_color, aspect_ratio, object_position, recommended_usage, notes, status,
    source_data, updated_at
  )
  VALUES (
    'motorcycle_seats_camden_commons',
    'Motorcycle seats at Camden Town',
    'General motorcycle seat and aftermarket seat visual for buying and category pages.',
    '/assets/media/m01-camden.jpg',
    'https://commons.wikimedia.org/wiki/Special:Redirect/file/Motorcycle_seats_at_Camden_Town_(6418524669).jpg',
    'https://commons.wikimedia.org/wiki/File:Motorcycle_seats_at_Camden_Town_(6418524669).jpg',
    'Wikimedia Commons',
    'Shadowgate',
    'Creative Commons Attribution 2.0 Generic',
    'CC BY 2.0',
    'https://creativecommons.org/licenses/by/2.0/',
    'usable_with_attribution',
    true,
    false,
    true,
    true,
    true,
    'Photo: Shadowgate, CC BY 2.0, via Wikimedia Commons',
    'Several motorcycle seats displayed at a market stall',
    'Aftermarket seats and used parts are useful for comparison, but fitment still needs model-year checks.',
    '#4b4037',
    '3 / 2',
    'center',
    '["card","section","buying"]'::jsonb,
    'Use with visible attribution on pages where the image appears.',
    'active',
    '{"key":"motorcycle_seats_camden_commons","title":"Motorcycle seats at Camden Town","description":"General motorcycle seat and aftermarket seat visual for buying and category pages.","localPath":"/assets/media/m01-camden.jpg","downloadUrl":"https://commons.wikimedia.org/wiki/Special:Redirect/file/Motorcycle_seats_at_Camden_Town_(6418524669).jpg","sourcePageUrl":"https://commons.wikimedia.org/wiki/File:Motorcycle_seats_at_Camden_Town_(6418524669).jpg","sourceName":"Wikimedia Commons","creator":"Shadowgate","licenseName":"Creative Commons Attribution 2.0 Generic","licenseCode":"CC BY 2.0","licenseUrl":"https://creativecommons.org/licenses/by/2.0/","rightsStatus":"usable_with_attribution","attributionRequired":true,"shareAlikeRequired":false,"modificationAllowed":true,"commercialUseAllowed":true,"endorsementWarning":true,"creditLine":"Photo: Shadowgate, CC BY 2.0, via Wikimedia Commons","alt":"Several motorcycle seats displayed at a market stall","caption":"Aftermarket seats and used parts are useful for comparison, but fitment still needs model-year checks.","dominantColor":"#4b4037","aspectRatio":"3 / 2","objectPosition":"center","recommendedUsage":["card","section","buying"],"links":[{"entityType":"buying_channel","entityKey":"local_upholsterer_de","usage":"card","priority":1},{"entityType":"product_category","entityKey":"aftermarket_seat","usage":"card","priority":1},{"entityType":"workshop_tool","entityKey":"staple_remover","usage":"card","priority":2},{"entityType":"workshop_tool","entityKey":"electric_stapler","usage":"card","priority":2},{"entityType":"workshop_supply","entityKey":"stainless_staples","usage":"card","priority":2},{"entityType":"solution_path","entityKey":"oem_comfort_seat","usage":"card","priority":1},{"entityType":"product_category","entityKey":"oem_comfort_seat","usage":"card","priority":1},{"entityType":"page_section","entityKey":"home_seat_options","usage":"card","priority":1}],"status":"active","notes":"Use with visible attribution on pages where the image appears."}'::jsonb,
    now()
  )
  ON CONFLICT (key) DO UPDATE SET
    title = EXCLUDED.title,
    description = EXCLUDED.description,
    local_path = EXCLUDED.local_path,
    download_url = EXCLUDED.download_url,
    source_page_url = EXCLUDED.source_page_url,
    source_name = EXCLUDED.source_name,
    creator = EXCLUDED.creator,
    license_name = EXCLUDED.license_name,
    license_code = EXCLUDED.license_code,
    license_url = EXCLUDED.license_url,
    rights_status = EXCLUDED.rights_status,
    attribution_required = EXCLUDED.attribution_required,
    share_alike_required = EXCLUDED.share_alike_required,
    modification_allowed = EXCLUDED.modification_allowed,
    commercial_use_allowed = EXCLUDED.commercial_use_allowed,
    endorsement_warning = EXCLUDED.endorsement_warning,
    credit_line = EXCLUDED.credit_line,
    alt = EXCLUDED.alt,
    caption = EXCLUDED.caption,
    dominant_color = EXCLUDED.dominant_color,
    aspect_ratio = EXCLUDED.aspect_ratio,
    object_position = EXCLUDED.object_position,
    recommended_usage = EXCLUDED.recommended_usage,
    notes = EXCLUDED.notes,
    status = EXCLUDED.status,
    source_data = EXCLUDED.source_data,
    updated_at = now();
INSERT INTO content_media_links (
      media_key, entity_type, entity_key, usage, priority
    )
    VALUES (
      'motorcycle_seats_camden_commons',
      'buying_channel',
      'local_upholsterer_de',
      'card',
      1
    )
    ON CONFLICT (media_key, entity_type, entity_key, usage) DO UPDATE SET
      priority = EXCLUDED.priority;
INSERT INTO content_media_links (
      media_key, entity_type, entity_key, usage, priority
    )
    VALUES (
      'motorcycle_seats_camden_commons',
      'product_category',
      'aftermarket_seat',
      'card',
      1
    )
    ON CONFLICT (media_key, entity_type, entity_key, usage) DO UPDATE SET
      priority = EXCLUDED.priority;
INSERT INTO content_media_links (
      media_key, entity_type, entity_key, usage, priority
    )
    VALUES (
      'motorcycle_seats_camden_commons',
      'workshop_tool',
      'staple_remover',
      'card',
      2
    )
    ON CONFLICT (media_key, entity_type, entity_key, usage) DO UPDATE SET
      priority = EXCLUDED.priority;
INSERT INTO content_media_links (
      media_key, entity_type, entity_key, usage, priority
    )
    VALUES (
      'motorcycle_seats_camden_commons',
      'workshop_tool',
      'electric_stapler',
      'card',
      2
    )
    ON CONFLICT (media_key, entity_type, entity_key, usage) DO UPDATE SET
      priority = EXCLUDED.priority;
INSERT INTO content_media_links (
      media_key, entity_type, entity_key, usage, priority
    )
    VALUES (
      'motorcycle_seats_camden_commons',
      'workshop_supply',
      'stainless_staples',
      'card',
      2
    )
    ON CONFLICT (media_key, entity_type, entity_key, usage) DO UPDATE SET
      priority = EXCLUDED.priority;
INSERT INTO content_media_links (
      media_key, entity_type, entity_key, usage, priority
    )
    VALUES (
      'motorcycle_seats_camden_commons',
      'solution_path',
      'oem_comfort_seat',
      'card',
      1
    )
    ON CONFLICT (media_key, entity_type, entity_key, usage) DO UPDATE SET
      priority = EXCLUDED.priority;
INSERT INTO content_media_links (
      media_key, entity_type, entity_key, usage, priority
    )
    VALUES (
      'motorcycle_seats_camden_commons',
      'product_category',
      'oem_comfort_seat',
      'card',
      1
    )
    ON CONFLICT (media_key, entity_type, entity_key, usage) DO UPDATE SET
      priority = EXCLUDED.priority;
INSERT INTO content_media_links (
      media_key, entity_type, entity_key, usage, priority
    )
    VALUES (
      'motorcycle_seats_camden_commons',
      'page_section',
      'home_seat_options',
      'card',
      1
    )
    ON CONFLICT (media_key, entity_type, entity_key, usage) DO UPDATE SET
      priority = EXCLUDED.priority;
INSERT INTO media_assets (
    key, title, description, local_path, download_url, source_page_url,
    source_name, creator, license_name, license_code, license_url, rights_status,
    attribution_required, share_alike_required, modification_allowed,
    commercial_use_allowed, endorsement_warning, credit_line, alt, caption,
    dominant_color, aspect_ratio, object_position, recommended_usage, notes, status,
    source_data, updated_at
  )
  VALUES (
    'touring_seat_goldwing_commons',
    'Honda Goldwing 1800 F6B detail',
    'Touring motorcycle seat detail for long-distance comfort context.',
    '/assets/media/m02-goldwing.jpg',
    'https://commons.wikimedia.org/wiki/Special:Redirect/file/Honda_Goldwing_1800_F6B_detail.jpg',
    'https://commons.wikimedia.org/wiki/File:Honda_Goldwing_1800_F6B_detail.jpg',
    'Wikimedia Commons',
    'Addvisor',
    'Creative Commons Attribution-ShareAlike 4.0 International',
    'CC BY-SA 4.0',
    'https://creativecommons.org/licenses/by-sa/4.0/',
    'usable_with_attribution_sharealike',
    true,
    true,
    true,
    true,
    true,
    'Photo: Addvisor, CC BY-SA 4.0, via Wikimedia Commons',
    'Large touring motorcycle seat detail on a Honda Goldwing',
    'Touring seats solve different problems than short city or sporty weekend seats.',
    '#202125',
    '4 / 3',
    'center',
    '["card","section","touring"]'::jsonb,
    'Avoid implying Honda, Addvisor, or Wikimedia endorse Moto Seat Lab.',
    'active',
    '{"key":"touring_seat_goldwing_commons","title":"Honda Goldwing 1800 F6B detail","description":"Touring motorcycle seat detail for long-distance comfort context.","localPath":"/assets/media/m02-goldwing.jpg","downloadUrl":"https://commons.wikimedia.org/wiki/Special:Redirect/file/Honda_Goldwing_1800_F6B_detail.jpg","sourcePageUrl":"https://commons.wikimedia.org/wiki/File:Honda_Goldwing_1800_F6B_detail.jpg","sourceName":"Wikimedia Commons","creator":"Addvisor","licenseName":"Creative Commons Attribution-ShareAlike 4.0 International","licenseCode":"CC BY-SA 4.0","licenseUrl":"https://creativecommons.org/licenses/by-sa/4.0/","rightsStatus":"usable_with_attribution_sharealike","attributionRequired":true,"shareAlikeRequired":true,"modificationAllowed":true,"commercialUseAllowed":true,"endorsementWarning":true,"creditLine":"Photo: Addvisor, CC BY-SA 4.0, via Wikimedia Commons","alt":"Large touring motorcycle seat detail on a Honda Goldwing","caption":"Touring seats solve different problems than short city or sporty weekend seats.","dominantColor":"#202125","aspectRatio":"4 / 3","objectPosition":"center","recommendedUsage":["card","section","touring"],"links":[{"entityType":"motorcycle_profile","entityKey":"bmw-r-1300-gs","usage":"card","priority":3},{"entityType":"motorcycle_profile","entityKey":"bmw-r-1250-gs","usage":"card","priority":3},{"entityType":"motorcycle_profile","entityKey":"suzuki-v-strom-1050","usage":"card","priority":3},{"entityType":"motorcycle_profile","entityKey":"kawasaki-versys-1000","usage":"card","priority":3},{"entityType":"solution_path","entityKey":"upholsterer_rebuild","usage":"section","priority":2},{"entityType":"solution_path","entityKey":"professional_upholsterer","usage":"card","priority":1},{"entityType":"product_category","entityKey":"professional_upholstery","usage":"card","priority":1},{"entityType":"page_section","entityKey":"solutions_hero_story","usage":"section","priority":1}],"status":"active","notes":"Avoid implying Honda, Addvisor, or Wikimedia endorse Moto Seat Lab."}'::jsonb,
    now()
  )
  ON CONFLICT (key) DO UPDATE SET
    title = EXCLUDED.title,
    description = EXCLUDED.description,
    local_path = EXCLUDED.local_path,
    download_url = EXCLUDED.download_url,
    source_page_url = EXCLUDED.source_page_url,
    source_name = EXCLUDED.source_name,
    creator = EXCLUDED.creator,
    license_name = EXCLUDED.license_name,
    license_code = EXCLUDED.license_code,
    license_url = EXCLUDED.license_url,
    rights_status = EXCLUDED.rights_status,
    attribution_required = EXCLUDED.attribution_required,
    share_alike_required = EXCLUDED.share_alike_required,
    modification_allowed = EXCLUDED.modification_allowed,
    commercial_use_allowed = EXCLUDED.commercial_use_allowed,
    endorsement_warning = EXCLUDED.endorsement_warning,
    credit_line = EXCLUDED.credit_line,
    alt = EXCLUDED.alt,
    caption = EXCLUDED.caption,
    dominant_color = EXCLUDED.dominant_color,
    aspect_ratio = EXCLUDED.aspect_ratio,
    object_position = EXCLUDED.object_position,
    recommended_usage = EXCLUDED.recommended_usage,
    notes = EXCLUDED.notes,
    status = EXCLUDED.status,
    source_data = EXCLUDED.source_data,
    updated_at = now();
INSERT INTO content_media_links (
      media_key, entity_type, entity_key, usage, priority
    )
    VALUES (
      'touring_seat_goldwing_commons',
      'motorcycle_profile',
      'bmw-r-1300-gs',
      'card',
      3
    )
    ON CONFLICT (media_key, entity_type, entity_key, usage) DO UPDATE SET
      priority = EXCLUDED.priority;
INSERT INTO content_media_links (
      media_key, entity_type, entity_key, usage, priority
    )
    VALUES (
      'touring_seat_goldwing_commons',
      'motorcycle_profile',
      'bmw-r-1250-gs',
      'card',
      3
    )
    ON CONFLICT (media_key, entity_type, entity_key, usage) DO UPDATE SET
      priority = EXCLUDED.priority;
INSERT INTO content_media_links (
      media_key, entity_type, entity_key, usage, priority
    )
    VALUES (
      'touring_seat_goldwing_commons',
      'motorcycle_profile',
      'suzuki-v-strom-1050',
      'card',
      3
    )
    ON CONFLICT (media_key, entity_type, entity_key, usage) DO UPDATE SET
      priority = EXCLUDED.priority;
INSERT INTO content_media_links (
      media_key, entity_type, entity_key, usage, priority
    )
    VALUES (
      'touring_seat_goldwing_commons',
      'motorcycle_profile',
      'kawasaki-versys-1000',
      'card',
      3
    )
    ON CONFLICT (media_key, entity_type, entity_key, usage) DO UPDATE SET
      priority = EXCLUDED.priority;
INSERT INTO content_media_links (
      media_key, entity_type, entity_key, usage, priority
    )
    VALUES (
      'touring_seat_goldwing_commons',
      'solution_path',
      'upholsterer_rebuild',
      'section',
      2
    )
    ON CONFLICT (media_key, entity_type, entity_key, usage) DO UPDATE SET
      priority = EXCLUDED.priority;
INSERT INTO content_media_links (
      media_key, entity_type, entity_key, usage, priority
    )
    VALUES (
      'touring_seat_goldwing_commons',
      'solution_path',
      'professional_upholsterer',
      'card',
      1
    )
    ON CONFLICT (media_key, entity_type, entity_key, usage) DO UPDATE SET
      priority = EXCLUDED.priority;
INSERT INTO content_media_links (
      media_key, entity_type, entity_key, usage, priority
    )
    VALUES (
      'touring_seat_goldwing_commons',
      'product_category',
      'professional_upholstery',
      'card',
      1
    )
    ON CONFLICT (media_key, entity_type, entity_key, usage) DO UPDATE SET
      priority = EXCLUDED.priority;
INSERT INTO content_media_links (
      media_key, entity_type, entity_key, usage, priority
    )
    VALUES (
      'touring_seat_goldwing_commons',
      'page_section',
      'solutions_hero_story',
      'section',
      1
    )
    ON CONFLICT (media_key, entity_type, entity_key, usage) DO UPDATE SET
      priority = EXCLUDED.priority;
INSERT INTO media_assets (
    key, title, description, local_path, download_url, source_page_url,
    source_name, creator, license_name, license_code, license_url, rights_status,
    attribution_required, share_alike_required, modification_allowed,
    commercial_use_allowed, endorsement_warning, credit_line, alt, caption,
    dominant_color, aspect_ratio, object_position, recommended_usage, notes, status,
    source_data, updated_at
  )
  VALUES (
    'leather_sample_commons',
    'Leather material sample',
    'Leather and upholstery material texture for seat-cover discussions.',
    '/assets/media/m03-leather.jpg',
    'https://commons.wikimedia.org/wiki/Special:Redirect/file/Cuero_Muestra_material.JPG',
    'https://commons.wikimedia.org/wiki/File:Cuero_Muestra_material.JPG',
    'Wikimedia Commons',
    'Imapar Ltda',
    'Creative Commons Attribution-ShareAlike 3.0 Unported',
    'CC BY-SA 3.0',
    'https://creativecommons.org/licenses/by-sa/3.0/',
    'usable_with_attribution_sharealike',
    true,
    true,
    true,
    true,
    true,
    'Photo: Imapar Ltda, CC BY-SA 3.0, via Wikimedia Commons',
    'Close-up sample of leather upholstery material',
    'Cover material affects grip, water behavior, cleaning and heat feeling.',
    '#6f4f3c',
    '4 / 3',
    'center',
    '["card","material","section"]'::jsonb,
    'Use as generic material texture, not as a specific motorcycle-seat cover product.',
    'active',
    '{"key":"leather_sample_commons","title":"Leather material sample","description":"Leather and upholstery material texture for seat-cover discussions.","localPath":"/assets/media/m03-leather.jpg","downloadUrl":"https://commons.wikimedia.org/wiki/Special:Redirect/file/Cuero_Muestra_material.JPG","sourcePageUrl":"https://commons.wikimedia.org/wiki/File:Cuero_Muestra_material.JPG","sourceName":"Wikimedia Commons","creator":"Imapar Ltda","licenseName":"Creative Commons Attribution-ShareAlike 3.0 Unported","licenseCode":"CC BY-SA 3.0","licenseUrl":"https://creativecommons.org/licenses/by-sa/3.0/","rightsStatus":"usable_with_attribution_sharealike","attributionRequired":true,"shareAlikeRequired":true,"modificationAllowed":true,"commercialUseAllowed":true,"endorsementWarning":true,"creditLine":"Photo: Imapar Ltda, CC BY-SA 3.0, via Wikimedia Commons","alt":"Close-up sample of leather upholstery material","caption":"Cover material affects grip, water behavior, cleaning and heat feeling.","dominantColor":"#6f4f3c","aspectRatio":"4 / 3","objectPosition":"center","recommendedUsage":["card","material","section"],"links":[{"entityType":"seat_material","entityKey":"anti_slip_cover","usage":"card","priority":1},{"entityType":"workshop_supply","entityKey":"vinyl_leather_cleaner","usage":"card","priority":1},{"entityType":"workshop_supply","entityKey":"isopropyl_cleaner","usage":"card","priority":2},{"entityType":"workshop_supply","entityKey":"seam_sealer","usage":"card","priority":2},{"entityType":"seat_material","entityKey":"perforated_vinyl_cover","usage":"card","priority":1}],"status":"active","notes":"Use as generic material texture, not as a specific motorcycle-seat cover product."}'::jsonb,
    now()
  )
  ON CONFLICT (key) DO UPDATE SET
    title = EXCLUDED.title,
    description = EXCLUDED.description,
    local_path = EXCLUDED.local_path,
    download_url = EXCLUDED.download_url,
    source_page_url = EXCLUDED.source_page_url,
    source_name = EXCLUDED.source_name,
    creator = EXCLUDED.creator,
    license_name = EXCLUDED.license_name,
    license_code = EXCLUDED.license_code,
    license_url = EXCLUDED.license_url,
    rights_status = EXCLUDED.rights_status,
    attribution_required = EXCLUDED.attribution_required,
    share_alike_required = EXCLUDED.share_alike_required,
    modification_allowed = EXCLUDED.modification_allowed,
    commercial_use_allowed = EXCLUDED.commercial_use_allowed,
    endorsement_warning = EXCLUDED.endorsement_warning,
    credit_line = EXCLUDED.credit_line,
    alt = EXCLUDED.alt,
    caption = EXCLUDED.caption,
    dominant_color = EXCLUDED.dominant_color,
    aspect_ratio = EXCLUDED.aspect_ratio,
    object_position = EXCLUDED.object_position,
    recommended_usage = EXCLUDED.recommended_usage,
    notes = EXCLUDED.notes,
    status = EXCLUDED.status,
    source_data = EXCLUDED.source_data,
    updated_at = now();
INSERT INTO content_media_links (
      media_key, entity_type, entity_key, usage, priority
    )
    VALUES (
      'leather_sample_commons',
      'seat_material',
      'anti_slip_cover',
      'card',
      1
    )
    ON CONFLICT (media_key, entity_type, entity_key, usage) DO UPDATE SET
      priority = EXCLUDED.priority;
INSERT INTO content_media_links (
      media_key, entity_type, entity_key, usage, priority
    )
    VALUES (
      'leather_sample_commons',
      'workshop_supply',
      'vinyl_leather_cleaner',
      'card',
      1
    )
    ON CONFLICT (media_key, entity_type, entity_key, usage) DO UPDATE SET
      priority = EXCLUDED.priority;
INSERT INTO content_media_links (
      media_key, entity_type, entity_key, usage, priority
    )
    VALUES (
      'leather_sample_commons',
      'workshop_supply',
      'isopropyl_cleaner',
      'card',
      2
    )
    ON CONFLICT (media_key, entity_type, entity_key, usage) DO UPDATE SET
      priority = EXCLUDED.priority;
INSERT INTO content_media_links (
      media_key, entity_type, entity_key, usage, priority
    )
    VALUES (
      'leather_sample_commons',
      'workshop_supply',
      'seam_sealer',
      'card',
      2
    )
    ON CONFLICT (media_key, entity_type, entity_key, usage) DO UPDATE SET
      priority = EXCLUDED.priority;
INSERT INTO content_media_links (
      media_key, entity_type, entity_key, usage, priority
    )
    VALUES (
      'leather_sample_commons',
      'seat_material',
      'perforated_vinyl_cover',
      'card',
      1
    )
    ON CONFLICT (media_key, entity_type, entity_key, usage) DO UPDATE SET
      priority = EXCLUDED.priority;
INSERT INTO media_assets (
    key, title, description, local_path, download_url, source_page_url,
    source_name, creator, license_name, license_code, license_url, rights_status,
    attribution_required, share_alike_required, modification_allowed,
    commercial_use_allowed, endorsement_warning, credit_line, alt, caption,
    dominant_color, aspect_ratio, object_position, recommended_usage, notes, status,
    source_data, updated_at
  )
  VALUES (
    'pexels_forest_curve_motorcyclist',
    'Motorcyclist on curved forest road',
    'Atmospheric riding image for touring and country-road context.',
    '/assets/media/m04-curve.jpg',
    'https://images.pexels.com/photos/31621763/pexels-photo-31621763.jpeg?auto=compress&cs=tinysrgb&w=1600',
    'https://www.pexels.com/photo/motorcyclist-on-curved-road-in-forest-setting-31621763/',
    'Pexels',
    'Tiwi Riders',
    'Pexels License',
    'PEXELS',
    'https://www.pexels.com/license/',
    'usable_without_required_attribution',
    false,
    false,
    true,
    true,
    true,
    'Photo: Tiwi Riders / Pexels',
    'Motorcyclist riding through a curve on a forest road',
    'Country-road posture, wind pressure and seat angle change the comfort problem.',
    '#26352f',
    '16 / 9',
    'center',
    '["hero","section","touring"]'::jsonb,
    'Attribution is not required by Pexels, but the credit line can be shown in an asset register.',
    'active',
    '{"key":"pexels_forest_curve_motorcyclist","title":"Motorcyclist on curved forest road","description":"Atmospheric riding image for touring and country-road context.","localPath":"/assets/media/m04-curve.jpg","downloadUrl":"https://images.pexels.com/photos/31621763/pexels-photo-31621763.jpeg?auto=compress&cs=tinysrgb&w=1600","sourcePageUrl":"https://www.pexels.com/photo/motorcyclist-on-curved-road-in-forest-setting-31621763/","sourceName":"Pexels","creator":"Tiwi Riders","licenseName":"Pexels License","licenseCode":"PEXELS","licenseUrl":"https://www.pexels.com/license/","rightsStatus":"usable_without_required_attribution","attributionRequired":false,"shareAlikeRequired":false,"modificationAllowed":true,"commercialUseAllowed":true,"endorsementWarning":true,"creditLine":"Photo: Tiwi Riders / Pexels","alt":"Motorcyclist riding through a curve on a forest road","caption":"Country-road posture, wind pressure and seat angle change the comfort problem.","dominantColor":"#26352f","aspectRatio":"16 / 9","objectPosition":"center","recommendedUsage":["hero","section","touring"],"links":[{"entityType":"motorcycle_profile","entityKey":"suzuki-gsx-s1000gx","usage":"hero","priority":2},{"entityType":"motorcycle_profile","entityKey":"suzuki-gsx-s1000gx","usage":"card","priority":2},{"entityType":"motorcycle_profile","entityKey":"yamaha-tracer-9-9-gt","usage":"card","priority":2},{"entityType":"motorcycle_profile","entityKey":"honda-nc750x","usage":"card","priority":2},{"entityType":"page_section","entityKey":"home_hero_story","usage":"section","priority":1}],"status":"active","notes":"Attribution is not required by Pexels, but the credit line can be shown in an asset register."}'::jsonb,
    now()
  )
  ON CONFLICT (key) DO UPDATE SET
    title = EXCLUDED.title,
    description = EXCLUDED.description,
    local_path = EXCLUDED.local_path,
    download_url = EXCLUDED.download_url,
    source_page_url = EXCLUDED.source_page_url,
    source_name = EXCLUDED.source_name,
    creator = EXCLUDED.creator,
    license_name = EXCLUDED.license_name,
    license_code = EXCLUDED.license_code,
    license_url = EXCLUDED.license_url,
    rights_status = EXCLUDED.rights_status,
    attribution_required = EXCLUDED.attribution_required,
    share_alike_required = EXCLUDED.share_alike_required,
    modification_allowed = EXCLUDED.modification_allowed,
    commercial_use_allowed = EXCLUDED.commercial_use_allowed,
    endorsement_warning = EXCLUDED.endorsement_warning,
    credit_line = EXCLUDED.credit_line,
    alt = EXCLUDED.alt,
    caption = EXCLUDED.caption,
    dominant_color = EXCLUDED.dominant_color,
    aspect_ratio = EXCLUDED.aspect_ratio,
    object_position = EXCLUDED.object_position,
    recommended_usage = EXCLUDED.recommended_usage,
    notes = EXCLUDED.notes,
    status = EXCLUDED.status,
    source_data = EXCLUDED.source_data,
    updated_at = now();
INSERT INTO content_media_links (
      media_key, entity_type, entity_key, usage, priority
    )
    VALUES (
      'pexels_forest_curve_motorcyclist',
      'motorcycle_profile',
      'suzuki-gsx-s1000gx',
      'hero',
      2
    )
    ON CONFLICT (media_key, entity_type, entity_key, usage) DO UPDATE SET
      priority = EXCLUDED.priority;
INSERT INTO content_media_links (
      media_key, entity_type, entity_key, usage, priority
    )
    VALUES (
      'pexels_forest_curve_motorcyclist',
      'motorcycle_profile',
      'suzuki-gsx-s1000gx',
      'card',
      2
    )
    ON CONFLICT (media_key, entity_type, entity_key, usage) DO UPDATE SET
      priority = EXCLUDED.priority;
INSERT INTO content_media_links (
      media_key, entity_type, entity_key, usage, priority
    )
    VALUES (
      'pexels_forest_curve_motorcyclist',
      'motorcycle_profile',
      'yamaha-tracer-9-9-gt',
      'card',
      2
    )
    ON CONFLICT (media_key, entity_type, entity_key, usage) DO UPDATE SET
      priority = EXCLUDED.priority;
INSERT INTO content_media_links (
      media_key, entity_type, entity_key, usage, priority
    )
    VALUES (
      'pexels_forest_curve_motorcyclist',
      'motorcycle_profile',
      'honda-nc750x',
      'card',
      2
    )
    ON CONFLICT (media_key, entity_type, entity_key, usage) DO UPDATE SET
      priority = EXCLUDED.priority;
INSERT INTO content_media_links (
      media_key, entity_type, entity_key, usage, priority
    )
    VALUES (
      'pexels_forest_curve_motorcyclist',
      'page_section',
      'home_hero_story',
      'section',
      1
    )
    ON CONFLICT (media_key, entity_type, entity_key, usage) DO UPDATE SET
      priority = EXCLUDED.priority;
INSERT INTO media_assets (
    key, title, description, local_path, download_url, source_page_url,
    source_name, creator, license_name, license_code, license_url, rights_status,
    attribution_required, share_alike_required, modification_allowed,
    commercial_use_allowed, endorsement_warning, credit_line, alt, caption,
    dominant_color, aspect_ratio, object_position, recommended_usage, notes, status,
    source_data, updated_at
  )
  VALUES (
    'unsplash_touring_motorcycle_road',
    'Touring motorcycle beside farm road',
    'Road-trip motorcycle image for long-distance and travel context.',
    '/assets/media/m05-road.jpg',
    'https://unsplash.com/photos/sFiNwoqjwrI/download?force=true&w=1600',
    'https://unsplash.com/photos/touring-motorcycle-beside-farm-road-sFiNwoqjwrI',
    'Unsplash',
    'Donald Giannatti',
    'Unsplash License',
    'UNSPLASH',
    'https://unsplash.com/license',
    'usable_without_required_attribution',
    false,
    false,
    true,
    true,
    true,
    'Photo: Donald Giannatti / Unsplash',
    'Touring motorcycle parked beside an open road',
    'Long rides need a different seat decision than short commutes.',
    '#8d8170',
    '16 / 9',
    'center',
    '["hero","section","touring"]'::jsonb,
    'Do not use in a way that implies the photographer endorses the site.',
    'active',
    '{"key":"unsplash_touring_motorcycle_road","title":"Touring motorcycle beside farm road","description":"Road-trip motorcycle image for long-distance and travel context.","localPath":"/assets/media/m05-road.jpg","downloadUrl":"https://unsplash.com/photos/sFiNwoqjwrI/download?force=true&w=1600","sourcePageUrl":"https://unsplash.com/photos/touring-motorcycle-beside-farm-road-sFiNwoqjwrI","sourceName":"Unsplash","creator":"Donald Giannatti","licenseName":"Unsplash License","licenseCode":"UNSPLASH","licenseUrl":"https://unsplash.com/license","rightsStatus":"usable_without_required_attribution","attributionRequired":false,"shareAlikeRequired":false,"modificationAllowed":true,"commercialUseAllowed":true,"endorsementWarning":true,"creditLine":"Photo: Donald Giannatti / Unsplash","alt":"Touring motorcycle parked beside an open road","caption":"Long rides need a different seat decision than short commutes.","dominantColor":"#8d8170","aspectRatio":"16 / 9","objectPosition":"center","recommendedUsage":["hero","section","touring"],"links":[{"entityType":"solution_path","entityKey":"premium_touring_seat","usage":"section","priority":2},{"entityType":"motorcycle_profile","entityKey":"honda-crf1100l-africa-twin","usage":"card","priority":2},{"entityType":"motorcycle_profile","entityKey":"ducati-multistrada-v4","usage":"card","priority":2},{"entityType":"workshop_supply","entityKey":"waterproof_barrier_film","usage":"card","priority":3},{"entityType":"workshop_supply","entityKey":"foam_safe_contact_adhesive","usage":"card","priority":3},{"entityType":"solution_path","entityKey":"aftermarket_seat","usage":"card","priority":1},{"entityType":"product_category","entityKey":"aftermarket_seat","usage":"card","priority":1},{"entityType":"page_section","entityKey":"buying_hero_story","usage":"section","priority":1}],"status":"active","notes":"Do not use in a way that implies the photographer endorses the site."}'::jsonb,
    now()
  )
  ON CONFLICT (key) DO UPDATE SET
    title = EXCLUDED.title,
    description = EXCLUDED.description,
    local_path = EXCLUDED.local_path,
    download_url = EXCLUDED.download_url,
    source_page_url = EXCLUDED.source_page_url,
    source_name = EXCLUDED.source_name,
    creator = EXCLUDED.creator,
    license_name = EXCLUDED.license_name,
    license_code = EXCLUDED.license_code,
    license_url = EXCLUDED.license_url,
    rights_status = EXCLUDED.rights_status,
    attribution_required = EXCLUDED.attribution_required,
    share_alike_required = EXCLUDED.share_alike_required,
    modification_allowed = EXCLUDED.modification_allowed,
    commercial_use_allowed = EXCLUDED.commercial_use_allowed,
    endorsement_warning = EXCLUDED.endorsement_warning,
    credit_line = EXCLUDED.credit_line,
    alt = EXCLUDED.alt,
    caption = EXCLUDED.caption,
    dominant_color = EXCLUDED.dominant_color,
    aspect_ratio = EXCLUDED.aspect_ratio,
    object_position = EXCLUDED.object_position,
    recommended_usage = EXCLUDED.recommended_usage,
    notes = EXCLUDED.notes,
    status = EXCLUDED.status,
    source_data = EXCLUDED.source_data,
    updated_at = now();
INSERT INTO content_media_links (
      media_key, entity_type, entity_key, usage, priority
    )
    VALUES (
      'unsplash_touring_motorcycle_road',
      'solution_path',
      'premium_touring_seat',
      'section',
      2
    )
    ON CONFLICT (media_key, entity_type, entity_key, usage) DO UPDATE SET
      priority = EXCLUDED.priority;
INSERT INTO content_media_links (
      media_key, entity_type, entity_key, usage, priority
    )
    VALUES (
      'unsplash_touring_motorcycle_road',
      'motorcycle_profile',
      'honda-crf1100l-africa-twin',
      'card',
      2
    )
    ON CONFLICT (media_key, entity_type, entity_key, usage) DO UPDATE SET
      priority = EXCLUDED.priority;
INSERT INTO content_media_links (
      media_key, entity_type, entity_key, usage, priority
    )
    VALUES (
      'unsplash_touring_motorcycle_road',
      'motorcycle_profile',
      'ducati-multistrada-v4',
      'card',
      2
    )
    ON CONFLICT (media_key, entity_type, entity_key, usage) DO UPDATE SET
      priority = EXCLUDED.priority;
INSERT INTO content_media_links (
      media_key, entity_type, entity_key, usage, priority
    )
    VALUES (
      'unsplash_touring_motorcycle_road',
      'workshop_supply',
      'waterproof_barrier_film',
      'card',
      3
    )
    ON CONFLICT (media_key, entity_type, entity_key, usage) DO UPDATE SET
      priority = EXCLUDED.priority;
INSERT INTO content_media_links (
      media_key, entity_type, entity_key, usage, priority
    )
    VALUES (
      'unsplash_touring_motorcycle_road',
      'workshop_supply',
      'foam_safe_contact_adhesive',
      'card',
      3
    )
    ON CONFLICT (media_key, entity_type, entity_key, usage) DO UPDATE SET
      priority = EXCLUDED.priority;
INSERT INTO content_media_links (
      media_key, entity_type, entity_key, usage, priority
    )
    VALUES (
      'unsplash_touring_motorcycle_road',
      'solution_path',
      'aftermarket_seat',
      'card',
      1
    )
    ON CONFLICT (media_key, entity_type, entity_key, usage) DO UPDATE SET
      priority = EXCLUDED.priority;
INSERT INTO content_media_links (
      media_key, entity_type, entity_key, usage, priority
    )
    VALUES (
      'unsplash_touring_motorcycle_road',
      'product_category',
      'aftermarket_seat',
      'card',
      1
    )
    ON CONFLICT (media_key, entity_type, entity_key, usage) DO UPDATE SET
      priority = EXCLUDED.priority;
INSERT INTO content_media_links (
      media_key, entity_type, entity_key, usage, priority
    )
    VALUES (
      'unsplash_touring_motorcycle_road',
      'page_section',
      'buying_hero_story',
      'section',
      1
    )
    ON CONFLICT (media_key, entity_type, entity_key, usage) DO UPDATE SET
      priority = EXCLUDED.priority;
INSERT INTO media_assets (
    key, title, description, local_path, download_url, source_page_url,
    source_name, creator, license_name, license_code, license_url, rights_status,
    attribution_required, share_alike_required, modification_allowed,
    commercial_use_allowed, endorsement_warning, credit_line, alt, caption,
    dominant_color, aspect_ratio, object_position, recommended_usage, notes, status,
    source_data, updated_at
  )
  VALUES (
    'suzuki_premium_seat_permission_needed',
    'Suzuki Premium-Sitz Set official product image',
    'Planned official Suzuki OEM product photo for the GSX-S1000GX premium seat.',
    '/assets/options/comfort-seat.svg',
    NULL,
    'https://motorrad.suzuki.de/modelle/street/gsx-s1000gx/zubehoer/premium-sitz',
    'Suzuki Deutschland',
    'Suzuki / rights holder unknown',
    'Permission needed before public reuse',
    'PERMISSION_NEEDED',
    'https://motorrad.suzuki.de/',
    'permission_needed',
    true,
    false,
    false,
    false,
    true,
    'Image permission required from Suzuki before public use',
    'Placeholder for Suzuki premium seat product image',
    'Official product photo is tracked but not approved for public display yet.',
    '#202125',
    '16 / 9',
    'center',
    '["product","card"]'::jsonb,
    'Use only after written permission, press-kit terms, or an affiliate/product API license is documented.',
    'permission_needed',
    '{"key":"suzuki_premium_seat_permission_needed","title":"Suzuki Premium-Sitz Set official product image","description":"Planned official Suzuki OEM product photo for the GSX-S1000GX premium seat.","localPath":"/assets/options/comfort-seat.svg","downloadUrl":"","sourcePageUrl":"https://motorrad.suzuki.de/modelle/street/gsx-s1000gx/zubehoer/premium-sitz","sourceName":"Suzuki Deutschland","creator":"Suzuki / rights holder unknown","licenseName":"Permission needed before public reuse","licenseCode":"PERMISSION_NEEDED","licenseUrl":"https://motorrad.suzuki.de/","rightsStatus":"permission_needed","attributionRequired":true,"shareAlikeRequired":false,"modificationAllowed":false,"commercialUseAllowed":false,"endorsementWarning":true,"creditLine":"Image permission required from Suzuki before public use","alt":"Placeholder for Suzuki premium seat product image","caption":"Official product photo is tracked but not approved for public display yet.","dominantColor":"#202125","aspectRatio":"16 / 9","objectPosition":"center","recommendedUsage":["product","card"],"links":[{"entityType":"seat_option","entityKey":"suzuki-premium-seat-de","usage":"planned_product_image","priority":1}],"status":"permission_needed","notes":"Use only after written permission, press-kit terms, or an affiliate/product API license is documented."}'::jsonb,
    now()
  )
  ON CONFLICT (key) DO UPDATE SET
    title = EXCLUDED.title,
    description = EXCLUDED.description,
    local_path = EXCLUDED.local_path,
    download_url = EXCLUDED.download_url,
    source_page_url = EXCLUDED.source_page_url,
    source_name = EXCLUDED.source_name,
    creator = EXCLUDED.creator,
    license_name = EXCLUDED.license_name,
    license_code = EXCLUDED.license_code,
    license_url = EXCLUDED.license_url,
    rights_status = EXCLUDED.rights_status,
    attribution_required = EXCLUDED.attribution_required,
    share_alike_required = EXCLUDED.share_alike_required,
    modification_allowed = EXCLUDED.modification_allowed,
    commercial_use_allowed = EXCLUDED.commercial_use_allowed,
    endorsement_warning = EXCLUDED.endorsement_warning,
    credit_line = EXCLUDED.credit_line,
    alt = EXCLUDED.alt,
    caption = EXCLUDED.caption,
    dominant_color = EXCLUDED.dominant_color,
    aspect_ratio = EXCLUDED.aspect_ratio,
    object_position = EXCLUDED.object_position,
    recommended_usage = EXCLUDED.recommended_usage,
    notes = EXCLUDED.notes,
    status = EXCLUDED.status,
    source_data = EXCLUDED.source_data,
    updated_at = now();
INSERT INTO content_media_links (
      media_key, entity_type, entity_key, usage, priority
    )
    VALUES (
      'suzuki_premium_seat_permission_needed',
      'seat_option',
      'suzuki-premium-seat-de',
      'planned_product_image',
      1
    )
    ON CONFLICT (media_key, entity_type, entity_key, usage) DO UPDATE SET
      priority = EXCLUDED.priority;
INSERT INTO media_assets (
    key, title, description, local_path, download_url, source_page_url,
    source_name, creator, license_name, license_code, license_url, rights_status,
    attribution_required, share_alike_required, modification_allowed,
    commercial_use_allowed, endorsement_warning, credit_line, alt, caption,
    dominant_color, aspect_ratio, object_position, recommended_usage, notes, status,
    source_data, updated_at
  )
  VALUES (
    'sargent_world_sport_permission_needed',
    'Sargent World Sport official product image',
    'Planned official Sargent product photo for the GSX-S1000GX World Sport front seat.',
    '/assets/options/comfort-seat.svg',
    NULL,
    'https://www.sargentcycle.com/seats/suzuki/gsxs1000/gsxs1000gx?order=relevance%3Adesc&show=24',
    'Sargent Cycle',
    'Sargent Cycle / rights holder unknown',
    'Permission needed before public reuse',
    'PERMISSION_NEEDED',
    'https://www.sargentcycle.com/',
    'permission_needed',
    true,
    false,
    false,
    false,
    true,
    'Image permission required from Sargent Cycle before public use',
    'Placeholder for Sargent World Sport product image',
    'Official product photo is tracked but not approved for public display yet.',
    '#202125',
    '16 / 9',
    'center',
    '["product","card"]'::jsonb,
    'Use only after written permission, press-kit terms, or an affiliate/product API license is documented.',
    'permission_needed',
    '{"key":"sargent_world_sport_permission_needed","title":"Sargent World Sport official product image","description":"Planned official Sargent product photo for the GSX-S1000GX World Sport front seat.","localPath":"/assets/options/comfort-seat.svg","downloadUrl":"","sourcePageUrl":"https://www.sargentcycle.com/seats/suzuki/gsxs1000/gsxs1000gx?order=relevance%3Adesc&show=24","sourceName":"Sargent Cycle","creator":"Sargent Cycle / rights holder unknown","licenseName":"Permission needed before public reuse","licenseCode":"PERMISSION_NEEDED","licenseUrl":"https://www.sargentcycle.com/","rightsStatus":"permission_needed","attributionRequired":true,"shareAlikeRequired":false,"modificationAllowed":false,"commercialUseAllowed":false,"endorsementWarning":true,"creditLine":"Image permission required from Sargent Cycle before public use","alt":"Placeholder for Sargent World Sport product image","caption":"Official product photo is tracked but not approved for public display yet.","dominantColor":"#202125","aspectRatio":"16 / 9","objectPosition":"center","recommendedUsage":["product","card"],"links":[{"entityType":"seat_option","entityKey":"sargent-world-sport-front","usage":"planned_product_image","priority":1}],"status":"permission_needed","notes":"Use only after written permission, press-kit terms, or an affiliate/product API license is documented."}'::jsonb,
    now()
  )
  ON CONFLICT (key) DO UPDATE SET
    title = EXCLUDED.title,
    description = EXCLUDED.description,
    local_path = EXCLUDED.local_path,
    download_url = EXCLUDED.download_url,
    source_page_url = EXCLUDED.source_page_url,
    source_name = EXCLUDED.source_name,
    creator = EXCLUDED.creator,
    license_name = EXCLUDED.license_name,
    license_code = EXCLUDED.license_code,
    license_url = EXCLUDED.license_url,
    rights_status = EXCLUDED.rights_status,
    attribution_required = EXCLUDED.attribution_required,
    share_alike_required = EXCLUDED.share_alike_required,
    modification_allowed = EXCLUDED.modification_allowed,
    commercial_use_allowed = EXCLUDED.commercial_use_allowed,
    endorsement_warning = EXCLUDED.endorsement_warning,
    credit_line = EXCLUDED.credit_line,
    alt = EXCLUDED.alt,
    caption = EXCLUDED.caption,
    dominant_color = EXCLUDED.dominant_color,
    aspect_ratio = EXCLUDED.aspect_ratio,
    object_position = EXCLUDED.object_position,
    recommended_usage = EXCLUDED.recommended_usage,
    notes = EXCLUDED.notes,
    status = EXCLUDED.status,
    source_data = EXCLUDED.source_data,
    updated_at = now();
INSERT INTO content_media_links (
      media_key, entity_type, entity_key, usage, priority
    )
    VALUES (
      'sargent_world_sport_permission_needed',
      'seat_option',
      'sargent-world-sport-front',
      'planned_product_image',
      1
    )
    ON CONFLICT (media_key, entity_type, entity_key, usage) DO UPDATE SET
      priority = EXCLUDED.priority;
INSERT INTO media_assets (
    key, title, description, local_path, download_url, source_page_url,
    source_name, creator, license_name, license_code, license_url, rights_status,
    attribution_required, share_alike_required, modification_allowed,
    commercial_use_allowed, endorsement_warning, credit_line, alt, caption,
    dominant_color, aspect_ratio, object_position, recommended_usage, notes, status,
    source_data, updated_at
  )
  VALUES (
    'bmw_r1300gs_trophy_commons',
    'BMW R 1300 GS Trophy',
    'BMW R 1300 GS reference image for the German BMW comfort guide.',
    '/assets/media/m06-bmw-r1300gs.jpg',
    'https://commons.wikimedia.org/wiki/Special:Redirect/file/BMW_R1300_GS_Trophy.jpg',
    'https://commons.wikimedia.org/wiki/File:BMW_R1300_GS_Trophy.jpg',
    'Wikimedia Commons',
    'AVMOTO',
    'Creative Commons Attribution-ShareAlike 4.0 International',
    'CC BY-SA 4.0',
    'https://creativecommons.org/licenses/by-sa/4.0/',
    'usable_with_attribution_sharealike',
    true,
    true,
    true,
    true,
    true,
    'Photo: AVMOTO, CC BY-SA 4.0, via Wikimedia Commons',
    'BMW R 1300 GS Trophy motorcycle',
    'BMW GS riders in Germany should usually test reversible relief first, then compare German/DACH touring seats.',
    '#293039',
    '4 / 3',
    'center',
    '["card","section","motorcycle_profile"]'::jsonb,
    'Use with visible attribution and avoid implying BMW or the photographer endorses Moto Seat Lab.',
    'active',
    '{"key":"bmw_r1300gs_trophy_commons","title":"BMW R 1300 GS Trophy","description":"BMW R 1300 GS reference image for the German BMW comfort guide.","localPath":"/assets/media/m06-bmw-r1300gs.jpg","downloadUrl":"https://commons.wikimedia.org/wiki/Special:Redirect/file/BMW_R1300_GS_Trophy.jpg","sourcePageUrl":"https://commons.wikimedia.org/wiki/File:BMW_R1300_GS_Trophy.jpg","sourceName":"Wikimedia Commons","creator":"AVMOTO","licenseName":"Creative Commons Attribution-ShareAlike 4.0 International","licenseCode":"CC BY-SA 4.0","licenseUrl":"https://creativecommons.org/licenses/by-sa/4.0/","rightsStatus":"usable_with_attribution_sharealike","attributionRequired":true,"shareAlikeRequired":true,"modificationAllowed":true,"commercialUseAllowed":true,"endorsementWarning":true,"creditLine":"Photo: AVMOTO, CC BY-SA 4.0, via Wikimedia Commons","alt":"BMW R 1300 GS Trophy motorcycle","caption":"BMW GS riders in Germany should usually test reversible relief first, then compare German/DACH touring seats.","dominantColor":"#293039","aspectRatio":"4 / 3","objectPosition":"center","recommendedUsage":["card","section","motorcycle_profile"],"links":[{"entityType":"motorcycle_profile","entityKey":"bmw-r-1300-gs","usage":"hero","priority":1},{"entityType":"seat_option","entityKey":"wunderlich-aktivkomfort-r1300gs","usage":"context","priority":2},{"entityType":"seat_option","entityKey":"touratech-fresh-touch-r1300gs","usage":"context","priority":2}],"status":"active","notes":"Use with visible attribution and avoid implying BMW or the photographer endorses Moto Seat Lab."}'::jsonb,
    now()
  )
  ON CONFLICT (key) DO UPDATE SET
    title = EXCLUDED.title,
    description = EXCLUDED.description,
    local_path = EXCLUDED.local_path,
    download_url = EXCLUDED.download_url,
    source_page_url = EXCLUDED.source_page_url,
    source_name = EXCLUDED.source_name,
    creator = EXCLUDED.creator,
    license_name = EXCLUDED.license_name,
    license_code = EXCLUDED.license_code,
    license_url = EXCLUDED.license_url,
    rights_status = EXCLUDED.rights_status,
    attribution_required = EXCLUDED.attribution_required,
    share_alike_required = EXCLUDED.share_alike_required,
    modification_allowed = EXCLUDED.modification_allowed,
    commercial_use_allowed = EXCLUDED.commercial_use_allowed,
    endorsement_warning = EXCLUDED.endorsement_warning,
    credit_line = EXCLUDED.credit_line,
    alt = EXCLUDED.alt,
    caption = EXCLUDED.caption,
    dominant_color = EXCLUDED.dominant_color,
    aspect_ratio = EXCLUDED.aspect_ratio,
    object_position = EXCLUDED.object_position,
    recommended_usage = EXCLUDED.recommended_usage,
    notes = EXCLUDED.notes,
    status = EXCLUDED.status,
    source_data = EXCLUDED.source_data,
    updated_at = now();
INSERT INTO content_media_links (
      media_key, entity_type, entity_key, usage, priority
    )
    VALUES (
      'bmw_r1300gs_trophy_commons',
      'motorcycle_profile',
      'bmw-r-1300-gs',
      'hero',
      1
    )
    ON CONFLICT (media_key, entity_type, entity_key, usage) DO UPDATE SET
      priority = EXCLUDED.priority;
INSERT INTO content_media_links (
      media_key, entity_type, entity_key, usage, priority
    )
    VALUES (
      'bmw_r1300gs_trophy_commons',
      'seat_option',
      'wunderlich-aktivkomfort-r1300gs',
      'context',
      2
    )
    ON CONFLICT (media_key, entity_type, entity_key, usage) DO UPDATE SET
      priority = EXCLUDED.priority;
INSERT INTO content_media_links (
      media_key, entity_type, entity_key, usage, priority
    )
    VALUES (
      'bmw_r1300gs_trophy_commons',
      'seat_option',
      'touratech-fresh-touch-r1300gs',
      'context',
      2
    )
    ON CONFLICT (media_key, entity_type, entity_key, usage) DO UPDATE SET
      priority = EXCLUDED.priority;
INSERT INTO media_assets (
    key, title, description, local_path, download_url, source_page_url,
    source_name, creator, license_name, license_code, license_url, rights_status,
    attribution_required, share_alike_required, modification_allowed,
    commercial_use_allowed, endorsement_warning, credit_line, alt, caption,
    dominant_color, aspect_ratio, object_position, recommended_usage, notes, status,
    source_data, updated_at
  )
  VALUES (
    'bmw_r1250gs_commons',
    'BMW R 1250 GS',
    'BMW R 1250 GS reference image for the German BMW comfort guide and used-market comparison.',
    '/assets/media/m07-bmw-r1250gs.jpg',
    'https://commons.wikimedia.org/wiki/Special:Redirect/file/BMW_R_1250_GS_(1).jpg',
    'https://commons.wikimedia.org/wiki/File:BMW_R_1250_GS_(1).jpg',
    'Wikimedia Commons',
    'Cjp24',
    'Creative Commons Attribution-ShareAlike 4.0 International',
    'CC BY-SA 4.0',
    'https://creativecommons.org/licenses/by-sa/4.0/',
    'usable_with_attribution_sharealike',
    true,
    true,
    true,
    true,
    true,
    'Photo: Cjp24, CC BY-SA 4.0, via Wikimedia Commons',
    'BMW R 1250 GS motorcycle',
    'The R 1250 GS is a strong used-market reference for BMW seat comfort research.',
    '#31332f',
    '4 / 3',
    'center',
    '["card","section","motorcycle_profile"]'::jsonb,
    'Use with visible attribution and avoid implying BMW or the photographer endorses Moto Seat Lab.',
    'active',
    '{"key":"bmw_r1250gs_commons","title":"BMW R 1250 GS","description":"BMW R 1250 GS reference image for the German BMW comfort guide and used-market comparison.","localPath":"/assets/media/m07-bmw-r1250gs.jpg","downloadUrl":"https://commons.wikimedia.org/wiki/Special:Redirect/file/BMW_R_1250_GS_(1).jpg","sourcePageUrl":"https://commons.wikimedia.org/wiki/File:BMW_R_1250_GS_(1).jpg","sourceName":"Wikimedia Commons","creator":"Cjp24","licenseName":"Creative Commons Attribution-ShareAlike 4.0 International","licenseCode":"CC BY-SA 4.0","licenseUrl":"https://creativecommons.org/licenses/by-sa/4.0/","rightsStatus":"usable_with_attribution_sharealike","attributionRequired":true,"shareAlikeRequired":true,"modificationAllowed":true,"commercialUseAllowed":true,"endorsementWarning":true,"creditLine":"Photo: Cjp24, CC BY-SA 4.0, via Wikimedia Commons","alt":"BMW R 1250 GS motorcycle","caption":"The R 1250 GS is a strong used-market reference for BMW seat comfort research.","dominantColor":"#31332f","aspectRatio":"4 / 3","objectPosition":"center","recommendedUsage":["card","section","motorcycle_profile"],"links":[{"entityType":"motorcycle_profile","entityKey":"bmw-r-1250-gs","usage":"hero","priority":1},{"entityType":"seat_option","entityKey":"sargent-world-sport-bmw-gs","usage":"context","priority":2},{"entityType":"seat_option","entityKey":"bmw-fast-relief-seat-pad","usage":"context","priority":1}],"status":"active","notes":"Use with visible attribution and avoid implying BMW or the photographer endorses Moto Seat Lab."}'::jsonb,
    now()
  )
  ON CONFLICT (key) DO UPDATE SET
    title = EXCLUDED.title,
    description = EXCLUDED.description,
    local_path = EXCLUDED.local_path,
    download_url = EXCLUDED.download_url,
    source_page_url = EXCLUDED.source_page_url,
    source_name = EXCLUDED.source_name,
    creator = EXCLUDED.creator,
    license_name = EXCLUDED.license_name,
    license_code = EXCLUDED.license_code,
    license_url = EXCLUDED.license_url,
    rights_status = EXCLUDED.rights_status,
    attribution_required = EXCLUDED.attribution_required,
    share_alike_required = EXCLUDED.share_alike_required,
    modification_allowed = EXCLUDED.modification_allowed,
    commercial_use_allowed = EXCLUDED.commercial_use_allowed,
    endorsement_warning = EXCLUDED.endorsement_warning,
    credit_line = EXCLUDED.credit_line,
    alt = EXCLUDED.alt,
    caption = EXCLUDED.caption,
    dominant_color = EXCLUDED.dominant_color,
    aspect_ratio = EXCLUDED.aspect_ratio,
    object_position = EXCLUDED.object_position,
    recommended_usage = EXCLUDED.recommended_usage,
    notes = EXCLUDED.notes,
    status = EXCLUDED.status,
    source_data = EXCLUDED.source_data,
    updated_at = now();
INSERT INTO content_media_links (
      media_key, entity_type, entity_key, usage, priority
    )
    VALUES (
      'bmw_r1250gs_commons',
      'motorcycle_profile',
      'bmw-r-1250-gs',
      'hero',
      1
    )
    ON CONFLICT (media_key, entity_type, entity_key, usage) DO UPDATE SET
      priority = EXCLUDED.priority;
INSERT INTO content_media_links (
      media_key, entity_type, entity_key, usage, priority
    )
    VALUES (
      'bmw_r1250gs_commons',
      'seat_option',
      'sargent-world-sport-bmw-gs',
      'context',
      2
    )
    ON CONFLICT (media_key, entity_type, entity_key, usage) DO UPDATE SET
      priority = EXCLUDED.priority;
INSERT INTO content_media_links (
      media_key, entity_type, entity_key, usage, priority
    )
    VALUES (
      'bmw_r1250gs_commons',
      'seat_option',
      'bmw-fast-relief-seat-pad',
      'context',
      1
    )
    ON CONFLICT (media_key, entity_type, entity_key, usage) DO UPDATE SET
      priority = EXCLUDED.priority;
INSERT INTO media_assets (
    key, title, description, local_path, download_url, source_page_url,
    source_name, creator, license_name, license_code, license_url, rights_status,
    attribution_required, share_alike_required, modification_allowed,
    commercial_use_allowed, endorsement_warning, credit_line, alt, caption,
    dominant_color, aspect_ratio, object_position, recommended_usage, notes, status,
    source_data, updated_at
  )
  VALUES (
    'bmw_fast_relief_mesh_project',
    '3D mesh seat pad illustration',
    'Project-owned illustration for reversible fast-relief seat pad recommendations.',
    '/assets/options/mesh-pad.svg',
    NULL,
    '/de/admin/assets/',
    'Moto Seat Lab',
    'Moto Seat Lab',
    'Project-owned illustration',
    'OWNED',
    '/de/admin/assets/',
    'project_owned',
    false,
    false,
    true,
    true,
    false,
    'Illustration: Moto Seat Lab',
    'Illustration einer 3D-Mesh Sitzauflage',
    'A reversible pad is the safest first experiment before buying a full aftermarket seat.',
    '#24443e',
    '16 / 9',
    'center',
    '["product","card","quick_relief"]'::jsonb,
    'Use as a generic category illustration, not as a specific manufacturer product image.',
    'active',
    '{"key":"bmw_fast_relief_mesh_project","title":"3D mesh seat pad illustration","description":"Project-owned illustration for reversible fast-relief seat pad recommendations.","localPath":"/assets/options/mesh-pad.svg","downloadUrl":"","sourcePageUrl":"/de/admin/assets/","sourceName":"Moto Seat Lab","creator":"Moto Seat Lab","licenseName":"Project-owned illustration","licenseCode":"OWNED","licenseUrl":"/de/admin/assets/","rightsStatus":"project_owned","attributionRequired":false,"shareAlikeRequired":false,"modificationAllowed":true,"commercialUseAllowed":true,"endorsementWarning":false,"creditLine":"Illustration: Moto Seat Lab","alt":"Illustration einer 3D-Mesh Sitzauflage","caption":"A reversible pad is the safest first experiment before buying a full aftermarket seat.","dominantColor":"#24443e","aspectRatio":"16 / 9","objectPosition":"center","recommendedUsage":["product","card","quick_relief"],"links":[{"entityType":"seat_option","entityKey":"bmw-fast-relief-seat-pad","usage":"product","priority":1},{"entityType":"product_category","entityKey":"mesh_or_air_pad","usage":"card","priority":1},{"entityType":"solution_path","entityKey":"reversible_addon","usage":"card","priority":1},{"entityType":"product_category","entityKey":"3d_mesh_cover","usage":"card","priority":1},{"entityType":"product_category","entityKey":"air_cushion","usage":"card","priority":2}],"status":"active","notes":"Use as a generic category illustration, not as a specific manufacturer product image."}'::jsonb,
    now()
  )
  ON CONFLICT (key) DO UPDATE SET
    title = EXCLUDED.title,
    description = EXCLUDED.description,
    local_path = EXCLUDED.local_path,
    download_url = EXCLUDED.download_url,
    source_page_url = EXCLUDED.source_page_url,
    source_name = EXCLUDED.source_name,
    creator = EXCLUDED.creator,
    license_name = EXCLUDED.license_name,
    license_code = EXCLUDED.license_code,
    license_url = EXCLUDED.license_url,
    rights_status = EXCLUDED.rights_status,
    attribution_required = EXCLUDED.attribution_required,
    share_alike_required = EXCLUDED.share_alike_required,
    modification_allowed = EXCLUDED.modification_allowed,
    commercial_use_allowed = EXCLUDED.commercial_use_allowed,
    endorsement_warning = EXCLUDED.endorsement_warning,
    credit_line = EXCLUDED.credit_line,
    alt = EXCLUDED.alt,
    caption = EXCLUDED.caption,
    dominant_color = EXCLUDED.dominant_color,
    aspect_ratio = EXCLUDED.aspect_ratio,
    object_position = EXCLUDED.object_position,
    recommended_usage = EXCLUDED.recommended_usage,
    notes = EXCLUDED.notes,
    status = EXCLUDED.status,
    source_data = EXCLUDED.source_data,
    updated_at = now();
INSERT INTO content_media_links (
      media_key, entity_type, entity_key, usage, priority
    )
    VALUES (
      'bmw_fast_relief_mesh_project',
      'seat_option',
      'bmw-fast-relief-seat-pad',
      'product',
      1
    )
    ON CONFLICT (media_key, entity_type, entity_key, usage) DO UPDATE SET
      priority = EXCLUDED.priority;
INSERT INTO content_media_links (
      media_key, entity_type, entity_key, usage, priority
    )
    VALUES (
      'bmw_fast_relief_mesh_project',
      'product_category',
      'mesh_or_air_pad',
      'card',
      1
    )
    ON CONFLICT (media_key, entity_type, entity_key, usage) DO UPDATE SET
      priority = EXCLUDED.priority;
INSERT INTO content_media_links (
      media_key, entity_type, entity_key, usage, priority
    )
    VALUES (
      'bmw_fast_relief_mesh_project',
      'solution_path',
      'reversible_addon',
      'card',
      1
    )
    ON CONFLICT (media_key, entity_type, entity_key, usage) DO UPDATE SET
      priority = EXCLUDED.priority;
INSERT INTO content_media_links (
      media_key, entity_type, entity_key, usage, priority
    )
    VALUES (
      'bmw_fast_relief_mesh_project',
      'product_category',
      '3d_mesh_cover',
      'card',
      1
    )
    ON CONFLICT (media_key, entity_type, entity_key, usage) DO UPDATE SET
      priority = EXCLUDED.priority;
INSERT INTO content_media_links (
      media_key, entity_type, entity_key, usage, priority
    )
    VALUES (
      'bmw_fast_relief_mesh_project',
      'product_category',
      'air_cushion',
      'card',
      2
    )
    ON CONFLICT (media_key, entity_type, entity_key, usage) DO UPDATE SET
      priority = EXCLUDED.priority;
INSERT INTO media_assets (
    key, title, description, local_path, download_url, source_page_url,
    source_name, creator, license_name, license_code, license_url, rights_status,
    attribution_required, share_alike_required, modification_allowed,
    commercial_use_allowed, endorsement_warning, credit_line, alt, caption,
    dominant_color, aspect_ratio, object_position, recommended_usage, notes, status,
    source_data, updated_at
  )
  VALUES (
    'wunderlich_aktivkomfort_permission_needed',
    'Wunderlich AKTIVKOMFORT product image placeholder',
    'Tracked official product image need for Wunderlich BMW comfort-seat options.',
    '/assets/options/comfort-seat.svg',
    NULL,
    'https://www.wunderlich.de/en/wunderlich-aktivkomfort-rider-seat-r-1300-gs-13100-002',
    'Wunderlich',
    'Wunderlich / rights holder unknown',
    'Permission needed before public reuse',
    'PERMISSION_NEEDED',
    'https://www.wunderlich.de/',
    'permission_needed',
    true,
    false,
    false,
    false,
    true,
    'Image permission required from Wunderlich before public use',
    'Placeholder for Wunderlich AKTIVKOMFORT product image',
    'Official product photo is tracked but not approved for public display yet.',
    '#202125',
    '16 / 9',
    'center',
    '["product","card"]'::jsonb,
    'Use only after written permission, press-kit terms, or an affiliate/product API license is documented.',
    'permission_needed',
    '{"key":"wunderlich_aktivkomfort_permission_needed","title":"Wunderlich AKTIVKOMFORT product image placeholder","description":"Tracked official product image need for Wunderlich BMW comfort-seat options.","localPath":"/assets/options/comfort-seat.svg","downloadUrl":"","sourcePageUrl":"https://www.wunderlich.de/en/wunderlich-aktivkomfort-rider-seat-r-1300-gs-13100-002","sourceName":"Wunderlich","creator":"Wunderlich / rights holder unknown","licenseName":"Permission needed before public reuse","licenseCode":"PERMISSION_NEEDED","licenseUrl":"https://www.wunderlich.de/","rightsStatus":"permission_needed","attributionRequired":true,"shareAlikeRequired":false,"modificationAllowed":false,"commercialUseAllowed":false,"endorsementWarning":true,"creditLine":"Image permission required from Wunderlich before public use","alt":"Placeholder for Wunderlich AKTIVKOMFORT product image","caption":"Official product photo is tracked but not approved for public display yet.","dominantColor":"#202125","aspectRatio":"16 / 9","objectPosition":"center","recommendedUsage":["product","card"],"links":[{"entityType":"seat_option","entityKey":"wunderlich-aktivkomfort-r1300gs","usage":"planned_product_image","priority":1}],"status":"permission_needed","notes":"Use only after written permission, press-kit terms, or an affiliate/product API license is documented."}'::jsonb,
    now()
  )
  ON CONFLICT (key) DO UPDATE SET
    title = EXCLUDED.title,
    description = EXCLUDED.description,
    local_path = EXCLUDED.local_path,
    download_url = EXCLUDED.download_url,
    source_page_url = EXCLUDED.source_page_url,
    source_name = EXCLUDED.source_name,
    creator = EXCLUDED.creator,
    license_name = EXCLUDED.license_name,
    license_code = EXCLUDED.license_code,
    license_url = EXCLUDED.license_url,
    rights_status = EXCLUDED.rights_status,
    attribution_required = EXCLUDED.attribution_required,
    share_alike_required = EXCLUDED.share_alike_required,
    modification_allowed = EXCLUDED.modification_allowed,
    commercial_use_allowed = EXCLUDED.commercial_use_allowed,
    endorsement_warning = EXCLUDED.endorsement_warning,
    credit_line = EXCLUDED.credit_line,
    alt = EXCLUDED.alt,
    caption = EXCLUDED.caption,
    dominant_color = EXCLUDED.dominant_color,
    aspect_ratio = EXCLUDED.aspect_ratio,
    object_position = EXCLUDED.object_position,
    recommended_usage = EXCLUDED.recommended_usage,
    notes = EXCLUDED.notes,
    status = EXCLUDED.status,
    source_data = EXCLUDED.source_data,
    updated_at = now();
INSERT INTO content_media_links (
      media_key, entity_type, entity_key, usage, priority
    )
    VALUES (
      'wunderlich_aktivkomfort_permission_needed',
      'seat_option',
      'wunderlich-aktivkomfort-r1300gs',
      'planned_product_image',
      1
    )
    ON CONFLICT (media_key, entity_type, entity_key, usage) DO UPDATE SET
      priority = EXCLUDED.priority;
INSERT INTO media_assets (
    key, title, description, local_path, download_url, source_page_url,
    source_name, creator, license_name, license_code, license_url, rights_status,
    attribution_required, share_alike_required, modification_allowed,
    commercial_use_allowed, endorsement_warning, credit_line, alt, caption,
    dominant_color, aspect_ratio, object_position, recommended_usage, notes, status,
    source_data, updated_at
  )
  VALUES (
    'touratech_fresh_touch_permission_needed',
    'Touratech Fresh Touch product image placeholder',
    'Tracked official product image need for Touratech BMW comfort-seat options.',
    '/assets/options/comfort-seat.svg',
    NULL,
    'https://www.touratech.com/en/comfort-seat-rider-fresh-touch-for-bmw-r1300gs.html',
    'Touratech',
    'Touratech / rights holder unknown',
    'Permission needed before public reuse',
    'PERMISSION_NEEDED',
    'https://www.touratech.com/',
    'permission_needed',
    true,
    false,
    false,
    false,
    true,
    'Image permission required from Touratech before public use',
    'Placeholder for Touratech Fresh Touch product image',
    'Official product photo is tracked but not approved for public display yet.',
    '#202125',
    '16 / 9',
    'center',
    '["product","card"]'::jsonb,
    'Use only after written permission, press-kit terms, or an affiliate/product API license is documented.',
    'permission_needed',
    '{"key":"touratech_fresh_touch_permission_needed","title":"Touratech Fresh Touch product image placeholder","description":"Tracked official product image need for Touratech BMW comfort-seat options.","localPath":"/assets/options/comfort-seat.svg","downloadUrl":"","sourcePageUrl":"https://www.touratech.com/en/comfort-seat-rider-fresh-touch-for-bmw-r1300gs.html","sourceName":"Touratech","creator":"Touratech / rights holder unknown","licenseName":"Permission needed before public reuse","licenseCode":"PERMISSION_NEEDED","licenseUrl":"https://www.touratech.com/","rightsStatus":"permission_needed","attributionRequired":true,"shareAlikeRequired":false,"modificationAllowed":false,"commercialUseAllowed":false,"endorsementWarning":true,"creditLine":"Image permission required from Touratech before public use","alt":"Placeholder for Touratech Fresh Touch product image","caption":"Official product photo is tracked but not approved for public display yet.","dominantColor":"#202125","aspectRatio":"16 / 9","objectPosition":"center","recommendedUsage":["product","card"],"links":[{"entityType":"seat_option","entityKey":"touratech-fresh-touch-r1300gs","usage":"planned_product_image","priority":1}],"status":"permission_needed","notes":"Use only after written permission, press-kit terms, or an affiliate/product API license is documented."}'::jsonb,
    now()
  )
  ON CONFLICT (key) DO UPDATE SET
    title = EXCLUDED.title,
    description = EXCLUDED.description,
    local_path = EXCLUDED.local_path,
    download_url = EXCLUDED.download_url,
    source_page_url = EXCLUDED.source_page_url,
    source_name = EXCLUDED.source_name,
    creator = EXCLUDED.creator,
    license_name = EXCLUDED.license_name,
    license_code = EXCLUDED.license_code,
    license_url = EXCLUDED.license_url,
    rights_status = EXCLUDED.rights_status,
    attribution_required = EXCLUDED.attribution_required,
    share_alike_required = EXCLUDED.share_alike_required,
    modification_allowed = EXCLUDED.modification_allowed,
    commercial_use_allowed = EXCLUDED.commercial_use_allowed,
    endorsement_warning = EXCLUDED.endorsement_warning,
    credit_line = EXCLUDED.credit_line,
    alt = EXCLUDED.alt,
    caption = EXCLUDED.caption,
    dominant_color = EXCLUDED.dominant_color,
    aspect_ratio = EXCLUDED.aspect_ratio,
    object_position = EXCLUDED.object_position,
    recommended_usage = EXCLUDED.recommended_usage,
    notes = EXCLUDED.notes,
    status = EXCLUDED.status,
    source_data = EXCLUDED.source_data,
    updated_at = now();
INSERT INTO content_media_links (
      media_key, entity_type, entity_key, usage, priority
    )
    VALUES (
      'touratech_fresh_touch_permission_needed',
      'seat_option',
      'touratech-fresh-touch-r1300gs',
      'planned_product_image',
      1
    )
    ON CONFLICT (media_key, entity_type, entity_key, usage) DO UPDATE SET
      priority = EXCLUDED.priority;
INSERT INTO media_assets (
    key, title, description, local_path, download_url, source_page_url,
    source_name, creator, license_name, license_code, license_url, rights_status,
    attribution_required, share_alike_required, modification_allowed,
    commercial_use_allowed, endorsement_warning, credit_line, alt, caption,
    dominant_color, aspect_ratio, object_position, recommended_usage, notes, status,
    source_data, updated_at
  )
  VALUES (
    'ktm_1290_super_adventure_commons',
    'KTM 1290 Super Adventure',
    'KTM 1290 Super Adventure reference image for DACH adventure-touring seat research.',
    '/assets/media/m08-ktm-1290-super-adventure.jpg',
    'https://commons.wikimedia.org/wiki/Special:Redirect/file/KTM_1290_Super_Adventure.jpeg',
    'https://commons.wikimedia.org/wiki/File:KTM_1290_Super_Adventure.jpeg',
    'Wikimedia Commons',
    'San Andreas',
    'Creative Commons Attribution-ShareAlike 3.0 Unported',
    'CC BY-SA 3.0',
    'https://creativecommons.org/licenses/by-sa/3.0/',
    'usable_with_attribution_sharealike',
    true,
    true,
    true,
    true,
    true,
    'Photo: San Andreas, CC BY-SA 3.0, via Wikimedia Commons',
    'KTM 1290 Super Adventure motorcycle',
    'Sporty adventure seats need separate checks for heat, height, standing transition and long-distance pressure.',
    '#2d2f2b',
    '4 / 3',
    'center',
    '["card","section","motorcycle_profile"]'::jsonb,
    'Use with visible attribution and avoid implying KTM or the creator endorses Moto Seat Lab.',
    'active',
    '{"key":"ktm_1290_super_adventure_commons","title":"KTM 1290 Super Adventure","description":"KTM 1290 Super Adventure reference image for DACH adventure-touring seat research.","localPath":"/assets/media/m08-ktm-1290-super-adventure.jpg","downloadUrl":"https://commons.wikimedia.org/wiki/Special:Redirect/file/KTM_1290_Super_Adventure.jpeg","sourcePageUrl":"https://commons.wikimedia.org/wiki/File:KTM_1290_Super_Adventure.jpeg","sourceName":"Wikimedia Commons","creator":"San Andreas","licenseName":"Creative Commons Attribution-ShareAlike 3.0 Unported","licenseCode":"CC BY-SA 3.0","licenseUrl":"https://creativecommons.org/licenses/by-sa/3.0/","rightsStatus":"usable_with_attribution_sharealike","attributionRequired":true,"shareAlikeRequired":true,"modificationAllowed":true,"commercialUseAllowed":true,"endorsementWarning":true,"creditLine":"Photo: San Andreas, CC BY-SA 3.0, via Wikimedia Commons","alt":"KTM 1290 Super Adventure motorcycle","caption":"Sporty adventure seats need separate checks for heat, height, standing transition and long-distance pressure.","dominantColor":"#2d2f2b","aspectRatio":"4 / 3","objectPosition":"center","recommendedUsage":["card","section","motorcycle_profile"],"links":[{"entityType":"motorcycle_profile","entityKey":"ktm-1290-super-adventure","usage":"hero","priority":1}],"status":"active","notes":"Use with visible attribution and avoid implying KTM or the creator endorses Moto Seat Lab."}'::jsonb,
    now()
  )
  ON CONFLICT (key) DO UPDATE SET
    title = EXCLUDED.title,
    description = EXCLUDED.description,
    local_path = EXCLUDED.local_path,
    download_url = EXCLUDED.download_url,
    source_page_url = EXCLUDED.source_page_url,
    source_name = EXCLUDED.source_name,
    creator = EXCLUDED.creator,
    license_name = EXCLUDED.license_name,
    license_code = EXCLUDED.license_code,
    license_url = EXCLUDED.license_url,
    rights_status = EXCLUDED.rights_status,
    attribution_required = EXCLUDED.attribution_required,
    share_alike_required = EXCLUDED.share_alike_required,
    modification_allowed = EXCLUDED.modification_allowed,
    commercial_use_allowed = EXCLUDED.commercial_use_allowed,
    endorsement_warning = EXCLUDED.endorsement_warning,
    credit_line = EXCLUDED.credit_line,
    alt = EXCLUDED.alt,
    caption = EXCLUDED.caption,
    dominant_color = EXCLUDED.dominant_color,
    aspect_ratio = EXCLUDED.aspect_ratio,
    object_position = EXCLUDED.object_position,
    recommended_usage = EXCLUDED.recommended_usage,
    notes = EXCLUDED.notes,
    status = EXCLUDED.status,
    source_data = EXCLUDED.source_data,
    updated_at = now();
INSERT INTO content_media_links (
      media_key, entity_type, entity_key, usage, priority
    )
    VALUES (
      'ktm_1290_super_adventure_commons',
      'motorcycle_profile',
      'ktm-1290-super-adventure',
      'hero',
      1
    )
    ON CONFLICT (media_key, entity_type, entity_key, usage) DO UPDATE SET
      priority = EXCLUDED.priority;
INSERT INTO media_assets (
    key, title, description, local_path, download_url, source_page_url,
    source_name, creator, license_name, license_code, license_url, rights_status,
    attribution_required, share_alike_required, modification_allowed,
    commercial_use_allowed, endorsement_warning, credit_line, alt, caption,
    dominant_color, aspect_ratio, object_position, recommended_usage, notes, status,
    source_data, updated_at
  )
  VALUES (
    'triumph_tiger_1200_commons',
    'Triumph Tiger 1200 Rally Pro',
    'Triumph Tiger 1200 Rally Pro reference image for large adventure-touring comparison.',
    '/assets/media/m09-triumph-tiger-1200.jpg',
    'https://commons.wikimedia.org/wiki/Special:Redirect/file/2023_Triumph_Tiger_1200_Rally_Pro.jpg',
    'https://commons.wikimedia.org/wiki/File:2023_Triumph_Tiger_1200_Rally_Pro.jpg',
    'Wikimedia Commons',
    'Tasjamescullen',
    'Creative Commons Attribution-ShareAlike 4.0 International',
    'CC BY-SA 4.0',
    'https://creativecommons.org/licenses/by-sa/4.0/',
    'usable_with_attribution_sharealike',
    true,
    true,
    true,
    true,
    true,
    'Photo: Tasjamescullen, CC BY-SA 4.0, via Wikimedia Commons',
    'Triumph Tiger 1200 Rally Pro motorcycle',
    'Large adventure touring bikes often need separate rider and passenger comfort decisions.',
    '#42433c',
    '4 / 3',
    'center',
    '["card","section","motorcycle_profile"]'::jsonb,
    'Use with visible attribution and avoid implying Triumph or the creator endorses Moto Seat Lab.',
    'active',
    '{"key":"triumph_tiger_1200_commons","title":"Triumph Tiger 1200 Rally Pro","description":"Triumph Tiger 1200 Rally Pro reference image for large adventure-touring comparison.","localPath":"/assets/media/m09-triumph-tiger-1200.jpg","downloadUrl":"https://commons.wikimedia.org/wiki/Special:Redirect/file/2023_Triumph_Tiger_1200_Rally_Pro.jpg","sourcePageUrl":"https://commons.wikimedia.org/wiki/File:2023_Triumph_Tiger_1200_Rally_Pro.jpg","sourceName":"Wikimedia Commons","creator":"Tasjamescullen","licenseName":"Creative Commons Attribution-ShareAlike 4.0 International","licenseCode":"CC BY-SA 4.0","licenseUrl":"https://creativecommons.org/licenses/by-sa/4.0/","rightsStatus":"usable_with_attribution_sharealike","attributionRequired":true,"shareAlikeRequired":true,"modificationAllowed":true,"commercialUseAllowed":true,"endorsementWarning":true,"creditLine":"Photo: Tasjamescullen, CC BY-SA 4.0, via Wikimedia Commons","alt":"Triumph Tiger 1200 Rally Pro motorcycle","caption":"Large adventure touring bikes often need separate rider and passenger comfort decisions.","dominantColor":"#42433c","aspectRatio":"4 / 3","objectPosition":"center","recommendedUsage":["card","section","motorcycle_profile"],"links":[{"entityType":"motorcycle_profile","entityKey":"triumph-tiger-1200-rally-pro","usage":"hero","priority":1}],"status":"active","notes":"Use with visible attribution and avoid implying Triumph or the creator endorses Moto Seat Lab."}'::jsonb,
    now()
  )
  ON CONFLICT (key) DO UPDATE SET
    title = EXCLUDED.title,
    description = EXCLUDED.description,
    local_path = EXCLUDED.local_path,
    download_url = EXCLUDED.download_url,
    source_page_url = EXCLUDED.source_page_url,
    source_name = EXCLUDED.source_name,
    creator = EXCLUDED.creator,
    license_name = EXCLUDED.license_name,
    license_code = EXCLUDED.license_code,
    license_url = EXCLUDED.license_url,
    rights_status = EXCLUDED.rights_status,
    attribution_required = EXCLUDED.attribution_required,
    share_alike_required = EXCLUDED.share_alike_required,
    modification_allowed = EXCLUDED.modification_allowed,
    commercial_use_allowed = EXCLUDED.commercial_use_allowed,
    endorsement_warning = EXCLUDED.endorsement_warning,
    credit_line = EXCLUDED.credit_line,
    alt = EXCLUDED.alt,
    caption = EXCLUDED.caption,
    dominant_color = EXCLUDED.dominant_color,
    aspect_ratio = EXCLUDED.aspect_ratio,
    object_position = EXCLUDED.object_position,
    recommended_usage = EXCLUDED.recommended_usage,
    notes = EXCLUDED.notes,
    status = EXCLUDED.status,
    source_data = EXCLUDED.source_data,
    updated_at = now();
INSERT INTO content_media_links (
      media_key, entity_type, entity_key, usage, priority
    )
    VALUES (
      'triumph_tiger_1200_commons',
      'motorcycle_profile',
      'triumph-tiger-1200-rally-pro',
      'hero',
      1
    )
    ON CONFLICT (media_key, entity_type, entity_key, usage) DO UPDATE SET
      priority = EXCLUDED.priority;
INSERT INTO media_assets (
    key, title, description, local_path, download_url, source_page_url,
    source_name, creator, license_name, license_code, license_url, rights_status,
    attribution_required, share_alike_required, modification_allowed,
    commercial_use_allowed, endorsement_warning, credit_line, alt, caption,
    dominant_color, aspect_ratio, object_position, recommended_usage, notes, status,
    source_data, updated_at
  )
  VALUES (
    'moto_guzzi_v85tt_commons',
    'Moto Guzzi V85 TT',
    'Moto Guzzi V85 TT reference image for middleweight retro-adventure seat research.',
    '/assets/media/m10-moto-guzzi-v85tt.jpg',
    'https://commons.wikimedia.org/wiki/Special:Redirect/file/Moto_Guzzi_V85TT.jpg',
    'https://commons.wikimedia.org/wiki/File:Moto_Guzzi_V85TT.jpg',
    'Wikimedia Commons',
    'Corvettec6r',
    'Creative Commons Attribution-ShareAlike 4.0 International',
    'CC BY-SA 4.0',
    'https://creativecommons.org/licenses/by-sa/4.0/',
    'usable_with_attribution_sharealike',
    true,
    true,
    true,
    true,
    true,
    'Photo: Corvettec6r, CC BY-SA 4.0, via Wikimedia Commons',
    'Moto Guzzi V85 TT motorcycle',
    'Retro-adventure seats are useful for comparing upright posture and classic seat shapes.',
    '#4a4940',
    '4 / 3',
    'center',
    '["card","section","motorcycle_profile"]'::jsonb,
    'Use with visible attribution and avoid implying Moto Guzzi or the creator endorses Moto Seat Lab.',
    'active',
    '{"key":"moto_guzzi_v85tt_commons","title":"Moto Guzzi V85 TT","description":"Moto Guzzi V85 TT reference image for middleweight retro-adventure seat research.","localPath":"/assets/media/m10-moto-guzzi-v85tt.jpg","downloadUrl":"https://commons.wikimedia.org/wiki/Special:Redirect/file/Moto_Guzzi_V85TT.jpg","sourcePageUrl":"https://commons.wikimedia.org/wiki/File:Moto_Guzzi_V85TT.jpg","sourceName":"Wikimedia Commons","creator":"Corvettec6r","licenseName":"Creative Commons Attribution-ShareAlike 4.0 International","licenseCode":"CC BY-SA 4.0","licenseUrl":"https://creativecommons.org/licenses/by-sa/4.0/","rightsStatus":"usable_with_attribution_sharealike","attributionRequired":true,"shareAlikeRequired":true,"modificationAllowed":true,"commercialUseAllowed":true,"endorsementWarning":true,"creditLine":"Photo: Corvettec6r, CC BY-SA 4.0, via Wikimedia Commons","alt":"Moto Guzzi V85 TT motorcycle","caption":"Retro-adventure seats are useful for comparing upright posture and classic seat shapes.","dominantColor":"#4a4940","aspectRatio":"4 / 3","objectPosition":"center","recommendedUsage":["card","section","motorcycle_profile"],"links":[{"entityType":"motorcycle_profile","entityKey":"moto-guzzi-v85-tt","usage":"hero","priority":1}],"status":"active","notes":"Use with visible attribution and avoid implying Moto Guzzi or the creator endorses Moto Seat Lab."}'::jsonb,
    now()
  )
  ON CONFLICT (key) DO UPDATE SET
    title = EXCLUDED.title,
    description = EXCLUDED.description,
    local_path = EXCLUDED.local_path,
    download_url = EXCLUDED.download_url,
    source_page_url = EXCLUDED.source_page_url,
    source_name = EXCLUDED.source_name,
    creator = EXCLUDED.creator,
    license_name = EXCLUDED.license_name,
    license_code = EXCLUDED.license_code,
    license_url = EXCLUDED.license_url,
    rights_status = EXCLUDED.rights_status,
    attribution_required = EXCLUDED.attribution_required,
    share_alike_required = EXCLUDED.share_alike_required,
    modification_allowed = EXCLUDED.modification_allowed,
    commercial_use_allowed = EXCLUDED.commercial_use_allowed,
    endorsement_warning = EXCLUDED.endorsement_warning,
    credit_line = EXCLUDED.credit_line,
    alt = EXCLUDED.alt,
    caption = EXCLUDED.caption,
    dominant_color = EXCLUDED.dominant_color,
    aspect_ratio = EXCLUDED.aspect_ratio,
    object_position = EXCLUDED.object_position,
    recommended_usage = EXCLUDED.recommended_usage,
    notes = EXCLUDED.notes,
    status = EXCLUDED.status,
    source_data = EXCLUDED.source_data,
    updated_at = now();
INSERT INTO content_media_links (
      media_key, entity_type, entity_key, usage, priority
    )
    VALUES (
      'moto_guzzi_v85tt_commons',
      'motorcycle_profile',
      'moto-guzzi-v85-tt',
      'hero',
      1
    )
    ON CONFLICT (media_key, entity_type, entity_key, usage) DO UPDATE SET
      priority = EXCLUDED.priority;
INSERT INTO media_assets (
    key, title, description, local_path, download_url, source_page_url,
    source_name, creator, license_name, license_code, license_url, rights_status,
    attribution_required, share_alike_required, modification_allowed,
    commercial_use_allowed, endorsement_warning, credit_line, alt, caption,
    dominant_color, aspect_ratio, object_position, recommended_usage, notes, status,
    source_data, updated_at
  )
  VALUES (
    'royal_enfield_himalayan_commons',
    'Royal Enfield Himalayan',
    'Royal Enfield Himalayan reference image for budget adventure and Asia-market seat research.',
    '/assets/media/m11-royal-enfield-himalayan.jpg',
    'https://commons.wikimedia.org/wiki/Special:Redirect/file/Royal_Enfield_Himalayan_DB2K5442.jpg',
    'https://commons.wikimedia.org/wiki/File:Royal_Enfield_Himalayan_DB2K5442.jpg',
    'Wikimedia Commons',
    'Ashley Pomeroy',
    'Creative Commons CC0 1.0 Universal Public Domain Dedication',
    'CC0',
    'https://creativecommons.org/publicdomain/zero/1.0/',
    'public_domain_dedication',
    false,
    false,
    true,
    true,
    true,
    'Photo: Ashley Pomeroy, CC0, via Wikimedia Commons',
    'Royal Enfield Himalayan motorcycle',
    'Budget adventure bikes need low-cost pads, local repairability and practical touring comfort.',
    '#555043',
    '16 / 9',
    'center',
    '["card","section","motorcycle_profile"]'::jsonb,
    'CC0 asset; credit can still be shown in the asset register as courtesy.',
    'active',
    '{"key":"royal_enfield_himalayan_commons","title":"Royal Enfield Himalayan","description":"Royal Enfield Himalayan reference image for budget adventure and Asia-market seat research.","localPath":"/assets/media/m11-royal-enfield-himalayan.jpg","downloadUrl":"https://commons.wikimedia.org/wiki/Special:Redirect/file/Royal_Enfield_Himalayan_DB2K5442.jpg","sourcePageUrl":"https://commons.wikimedia.org/wiki/File:Royal_Enfield_Himalayan_DB2K5442.jpg","sourceName":"Wikimedia Commons","creator":"Ashley Pomeroy","licenseName":"Creative Commons CC0 1.0 Universal Public Domain Dedication","licenseCode":"CC0","licenseUrl":"https://creativecommons.org/publicdomain/zero/1.0/","rightsStatus":"public_domain_dedication","attributionRequired":false,"shareAlikeRequired":false,"modificationAllowed":true,"commercialUseAllowed":true,"endorsementWarning":true,"creditLine":"Photo: Ashley Pomeroy, CC0, via Wikimedia Commons","alt":"Royal Enfield Himalayan motorcycle","caption":"Budget adventure bikes need low-cost pads, local repairability and practical touring comfort.","dominantColor":"#555043","aspectRatio":"16 / 9","objectPosition":"center","recommendedUsage":["card","section","motorcycle_profile"],"links":[{"entityType":"motorcycle_profile","entityKey":"royal-enfield-himalayan","usage":"hero","priority":1}],"status":"active","notes":"CC0 asset; credit can still be shown in the asset register as courtesy."}'::jsonb,
    now()
  )
  ON CONFLICT (key) DO UPDATE SET
    title = EXCLUDED.title,
    description = EXCLUDED.description,
    local_path = EXCLUDED.local_path,
    download_url = EXCLUDED.download_url,
    source_page_url = EXCLUDED.source_page_url,
    source_name = EXCLUDED.source_name,
    creator = EXCLUDED.creator,
    license_name = EXCLUDED.license_name,
    license_code = EXCLUDED.license_code,
    license_url = EXCLUDED.license_url,
    rights_status = EXCLUDED.rights_status,
    attribution_required = EXCLUDED.attribution_required,
    share_alike_required = EXCLUDED.share_alike_required,
    modification_allowed = EXCLUDED.modification_allowed,
    commercial_use_allowed = EXCLUDED.commercial_use_allowed,
    endorsement_warning = EXCLUDED.endorsement_warning,
    credit_line = EXCLUDED.credit_line,
    alt = EXCLUDED.alt,
    caption = EXCLUDED.caption,
    dominant_color = EXCLUDED.dominant_color,
    aspect_ratio = EXCLUDED.aspect_ratio,
    object_position = EXCLUDED.object_position,
    recommended_usage = EXCLUDED.recommended_usage,
    notes = EXCLUDED.notes,
    status = EXCLUDED.status,
    source_data = EXCLUDED.source_data,
    updated_at = now();
INSERT INTO content_media_links (
      media_key, entity_type, entity_key, usage, priority
    )
    VALUES (
      'royal_enfield_himalayan_commons',
      'motorcycle_profile',
      'royal-enfield-himalayan',
      'hero',
      1
    )
    ON CONFLICT (media_key, entity_type, entity_key, usage) DO UPDATE SET
      priority = EXCLUDED.priority;
INSERT INTO media_assets (
    key, title, description, local_path, download_url, source_page_url,
    source_name, creator, license_name, license_code, license_url, rights_status,
    attribution_required, share_alike_required, modification_allowed,
    commercial_use_allowed, endorsement_warning, credit_line, alt, caption,
    dominant_color, aspect_ratio, object_position, recommended_usage, notes, status,
    source_data, updated_at
  )
  VALUES (
    'honda_africa_twin_crf1100l_commons',
    'Honda CRF1100L Africa Twin',
    'Honda CRF1100L Africa Twin reference image for adventure and mixed-road seat comfort research.',
    '/assets/media/m18-honda-africa-twin.jpg',
    'https://commons.wikimedia.org/wiki/Special:Redirect/file/2020_Honda_CRF1100L_Africa_Twin_MT.jpg',
    'https://commons.wikimedia.org/wiki/File:2020_Honda_CRF1100L_Africa_Twin_MT.jpg',
    'Wikimedia Commons',
    'Chanokchon',
    'Creative Commons Attribution-ShareAlike 4.0 International',
    'CC BY-SA 4.0',
    'https://creativecommons.org/licenses/by-sa/4.0/',
    'usable_with_attribution_sharealike',
    true,
    true,
    true,
    true,
    true,
    'Photo: Chanokchon, CC BY-SA 4.0, via Wikimedia Commons',
    'Honda CRF1100L Africa Twin motorcycle',
    'Adventure seats need a balance between touring support, seat height and standing/off-road movement.',
    '#4b4d43',
    '1 / 1',
    'center',
    '["card","section","motorcycle_profile"]'::jsonb,
    'Use with visible attribution and avoid implying Honda or the creator endorses Moto Seat Lab.',
    'active',
    '{"key":"honda_africa_twin_crf1100l_commons","title":"Honda CRF1100L Africa Twin","description":"Honda CRF1100L Africa Twin reference image for adventure and mixed-road seat comfort research.","localPath":"/assets/media/m18-honda-africa-twin.jpg","downloadUrl":"https://commons.wikimedia.org/wiki/Special:Redirect/file/2020_Honda_CRF1100L_Africa_Twin_MT.jpg","sourcePageUrl":"https://commons.wikimedia.org/wiki/File:2020_Honda_CRF1100L_Africa_Twin_MT.jpg","sourceName":"Wikimedia Commons","creator":"Chanokchon","licenseName":"Creative Commons Attribution-ShareAlike 4.0 International","licenseCode":"CC BY-SA 4.0","licenseUrl":"https://creativecommons.org/licenses/by-sa/4.0/","rightsStatus":"usable_with_attribution_sharealike","attributionRequired":true,"shareAlikeRequired":true,"modificationAllowed":true,"commercialUseAllowed":true,"endorsementWarning":true,"creditLine":"Photo: Chanokchon, CC BY-SA 4.0, via Wikimedia Commons","alt":"Honda CRF1100L Africa Twin motorcycle","caption":"Adventure seats need a balance between touring support, seat height and standing/off-road movement.","dominantColor":"#4b4d43","aspectRatio":"1 / 1","objectPosition":"center","recommendedUsage":["card","section","motorcycle_profile"],"links":[{"entityType":"motorcycle_profile","entityKey":"honda-crf1100l-africa-twin","usage":"hero","priority":1}],"status":"active","notes":"Use with visible attribution and avoid implying Honda or the creator endorses Moto Seat Lab."}'::jsonb,
    now()
  )
  ON CONFLICT (key) DO UPDATE SET
    title = EXCLUDED.title,
    description = EXCLUDED.description,
    local_path = EXCLUDED.local_path,
    download_url = EXCLUDED.download_url,
    source_page_url = EXCLUDED.source_page_url,
    source_name = EXCLUDED.source_name,
    creator = EXCLUDED.creator,
    license_name = EXCLUDED.license_name,
    license_code = EXCLUDED.license_code,
    license_url = EXCLUDED.license_url,
    rights_status = EXCLUDED.rights_status,
    attribution_required = EXCLUDED.attribution_required,
    share_alike_required = EXCLUDED.share_alike_required,
    modification_allowed = EXCLUDED.modification_allowed,
    commercial_use_allowed = EXCLUDED.commercial_use_allowed,
    endorsement_warning = EXCLUDED.endorsement_warning,
    credit_line = EXCLUDED.credit_line,
    alt = EXCLUDED.alt,
    caption = EXCLUDED.caption,
    dominant_color = EXCLUDED.dominant_color,
    aspect_ratio = EXCLUDED.aspect_ratio,
    object_position = EXCLUDED.object_position,
    recommended_usage = EXCLUDED.recommended_usage,
    notes = EXCLUDED.notes,
    status = EXCLUDED.status,
    source_data = EXCLUDED.source_data,
    updated_at = now();
INSERT INTO content_media_links (
      media_key, entity_type, entity_key, usage, priority
    )
    VALUES (
      'honda_africa_twin_crf1100l_commons',
      'motorcycle_profile',
      'honda-crf1100l-africa-twin',
      'hero',
      1
    )
    ON CONFLICT (media_key, entity_type, entity_key, usage) DO UPDATE SET
      priority = EXCLUDED.priority;
INSERT INTO media_assets (
    key, title, description, local_path, download_url, source_page_url,
    source_name, creator, license_name, license_code, license_url, rights_status,
    attribution_required, share_alike_required, modification_allowed,
    commercial_use_allowed, endorsement_warning, credit_line, alt, caption,
    dominant_color, aspect_ratio, object_position, recommended_usage, notes, status,
    source_data, updated_at
  )
  VALUES (
    'suzuki_vstrom_1050_commons',
    'Suzuki V-Strom 1050',
    'Suzuki V-Strom 1050 reference image for Suzuki adventure-touring comparison.',
    '/assets/media/m19-suzuki-v-strom-1050.jpg',
    'https://commons.wikimedia.org/wiki/Special:Redirect/file/Suzuki_V-Strom_1050.jpg',
    'https://commons.wikimedia.org/wiki/File:Suzuki_V-Strom_1050.jpg',
    'Wikimedia Commons',
    'ShunyaIshiwatari',
    'Creative Commons Attribution-ShareAlike 4.0 International',
    'CC BY-SA 4.0',
    'https://creativecommons.org/licenses/by-sa/4.0/',
    'usable_with_attribution_sharealike',
    true,
    true,
    true,
    true,
    true,
    'Photo: ShunyaIshiwatari, CC BY-SA 4.0, via Wikimedia Commons',
    'Suzuki V-Strom 1050 motorcycle',
    'The V-Strom 1050 is a useful Suzuki comparison for adjustable touring ergonomics and seat height.',
    '#46433d',
    '16 / 9',
    'center',
    '["card","section","motorcycle_profile"]'::jsonb,
    'Use with visible attribution and avoid implying Suzuki or the creator endorses Moto Seat Lab.',
    'active',
    '{"key":"suzuki_vstrom_1050_commons","title":"Suzuki V-Strom 1050","description":"Suzuki V-Strom 1050 reference image for Suzuki adventure-touring comparison.","localPath":"/assets/media/m19-suzuki-v-strom-1050.jpg","downloadUrl":"https://commons.wikimedia.org/wiki/Special:Redirect/file/Suzuki_V-Strom_1050.jpg","sourcePageUrl":"https://commons.wikimedia.org/wiki/File:Suzuki_V-Strom_1050.jpg","sourceName":"Wikimedia Commons","creator":"ShunyaIshiwatari","licenseName":"Creative Commons Attribution-ShareAlike 4.0 International","licenseCode":"CC BY-SA 4.0","licenseUrl":"https://creativecommons.org/licenses/by-sa/4.0/","rightsStatus":"usable_with_attribution_sharealike","attributionRequired":true,"shareAlikeRequired":true,"modificationAllowed":true,"commercialUseAllowed":true,"endorsementWarning":true,"creditLine":"Photo: ShunyaIshiwatari, CC BY-SA 4.0, via Wikimedia Commons","alt":"Suzuki V-Strom 1050 motorcycle","caption":"The V-Strom 1050 is a useful Suzuki comparison for adjustable touring ergonomics and seat height.","dominantColor":"#46433d","aspectRatio":"16 / 9","objectPosition":"center","recommendedUsage":["card","section","motorcycle_profile"],"links":[{"entityType":"motorcycle_profile","entityKey":"suzuki-v-strom-1050","usage":"hero","priority":1}],"status":"active","notes":"Use with visible attribution and avoid implying Suzuki or the creator endorses Moto Seat Lab."}'::jsonb,
    now()
  )
  ON CONFLICT (key) DO UPDATE SET
    title = EXCLUDED.title,
    description = EXCLUDED.description,
    local_path = EXCLUDED.local_path,
    download_url = EXCLUDED.download_url,
    source_page_url = EXCLUDED.source_page_url,
    source_name = EXCLUDED.source_name,
    creator = EXCLUDED.creator,
    license_name = EXCLUDED.license_name,
    license_code = EXCLUDED.license_code,
    license_url = EXCLUDED.license_url,
    rights_status = EXCLUDED.rights_status,
    attribution_required = EXCLUDED.attribution_required,
    share_alike_required = EXCLUDED.share_alike_required,
    modification_allowed = EXCLUDED.modification_allowed,
    commercial_use_allowed = EXCLUDED.commercial_use_allowed,
    endorsement_warning = EXCLUDED.endorsement_warning,
    credit_line = EXCLUDED.credit_line,
    alt = EXCLUDED.alt,
    caption = EXCLUDED.caption,
    dominant_color = EXCLUDED.dominant_color,
    aspect_ratio = EXCLUDED.aspect_ratio,
    object_position = EXCLUDED.object_position,
    recommended_usage = EXCLUDED.recommended_usage,
    notes = EXCLUDED.notes,
    status = EXCLUDED.status,
    source_data = EXCLUDED.source_data,
    updated_at = now();
INSERT INTO content_media_links (
      media_key, entity_type, entity_key, usage, priority
    )
    VALUES (
      'suzuki_vstrom_1050_commons',
      'motorcycle_profile',
      'suzuki-v-strom-1050',
      'hero',
      1
    )
    ON CONFLICT (media_key, entity_type, entity_key, usage) DO UPDATE SET
      priority = EXCLUDED.priority;
INSERT INTO media_assets (
    key, title, description, local_path, download_url, source_page_url,
    source_name, creator, license_name, license_code, license_url, rights_status,
    attribution_required, share_alike_required, modification_allowed,
    commercial_use_allowed, endorsement_warning, credit_line, alt, caption,
    dominant_color, aspect_ratio, object_position, recommended_usage, notes, status,
    source_data, updated_at
  )
  VALUES (
    'yamaha_mt07_commons',
    'Yamaha MT-07',
    'Yamaha MT-07 reference image for naked-bike and budget comfort research.',
    '/assets/media/m23-yamaha-mt-07.jpg',
    'https://commons.wikimedia.org/wiki/Special:Redirect/file/Yamaha_MT-07.jpg',
    'https://commons.wikimedia.org/wiki/File:Yamaha_MT-07.jpg',
    'Wikimedia Commons',
    'Na-Thur',
    'Creative Commons Attribution-ShareAlike 3.0 Unported',
    'CC BY-SA 3.0',
    'https://creativecommons.org/licenses/by-sa/3.0/',
    'usable_with_attribution_sharealike',
    true,
    true,
    true,
    true,
    true,
    'Photo: Na-Thur, CC BY-SA 3.0, via Wikimedia Commons',
    'Yamaha MT-07 motorcycle',
    'Naked-bike seats often need budget-friendly short-ride relief before expensive custom work.',
    '#34332e',
    '4 / 3',
    'center',
    '["card","section","motorcycle_profile"]'::jsonb,
    'Use with visible attribution and avoid implying Yamaha or the creator endorses Moto Seat Lab.',
    'active',
    '{"key":"yamaha_mt07_commons","title":"Yamaha MT-07","description":"Yamaha MT-07 reference image for naked-bike and budget comfort research.","localPath":"/assets/media/m23-yamaha-mt-07.jpg","downloadUrl":"https://commons.wikimedia.org/wiki/Special:Redirect/file/Yamaha_MT-07.jpg","sourcePageUrl":"https://commons.wikimedia.org/wiki/File:Yamaha_MT-07.jpg","sourceName":"Wikimedia Commons","creator":"Na-Thur","licenseName":"Creative Commons Attribution-ShareAlike 3.0 Unported","licenseCode":"CC BY-SA 3.0","licenseUrl":"https://creativecommons.org/licenses/by-sa/3.0/","rightsStatus":"usable_with_attribution_sharealike","attributionRequired":true,"shareAlikeRequired":true,"modificationAllowed":true,"commercialUseAllowed":true,"endorsementWarning":true,"creditLine":"Photo: Na-Thur, CC BY-SA 3.0, via Wikimedia Commons","alt":"Yamaha MT-07 motorcycle","caption":"Naked-bike seats often need budget-friendly short-ride relief before expensive custom work.","dominantColor":"#34332e","aspectRatio":"4 / 3","objectPosition":"center","recommendedUsage":["card","section","motorcycle_profile"],"links":[{"entityType":"motorcycle_profile","entityKey":"yamaha-mt-07","usage":"hero","priority":1}],"status":"active","notes":"Use with visible attribution and avoid implying Yamaha or the creator endorses Moto Seat Lab."}'::jsonb,
    now()
  )
  ON CONFLICT (key) DO UPDATE SET
    title = EXCLUDED.title,
    description = EXCLUDED.description,
    local_path = EXCLUDED.local_path,
    download_url = EXCLUDED.download_url,
    source_page_url = EXCLUDED.source_page_url,
    source_name = EXCLUDED.source_name,
    creator = EXCLUDED.creator,
    license_name = EXCLUDED.license_name,
    license_code = EXCLUDED.license_code,
    license_url = EXCLUDED.license_url,
    rights_status = EXCLUDED.rights_status,
    attribution_required = EXCLUDED.attribution_required,
    share_alike_required = EXCLUDED.share_alike_required,
    modification_allowed = EXCLUDED.modification_allowed,
    commercial_use_allowed = EXCLUDED.commercial_use_allowed,
    endorsement_warning = EXCLUDED.endorsement_warning,
    credit_line = EXCLUDED.credit_line,
    alt = EXCLUDED.alt,
    caption = EXCLUDED.caption,
    dominant_color = EXCLUDED.dominant_color,
    aspect_ratio = EXCLUDED.aspect_ratio,
    object_position = EXCLUDED.object_position,
    recommended_usage = EXCLUDED.recommended_usage,
    notes = EXCLUDED.notes,
    status = EXCLUDED.status,
    source_data = EXCLUDED.source_data,
    updated_at = now();
INSERT INTO content_media_links (
      media_key, entity_type, entity_key, usage, priority
    )
    VALUES (
      'yamaha_mt07_commons',
      'motorcycle_profile',
      'yamaha-mt-07',
      'hero',
      1
    )
    ON CONFLICT (media_key, entity_type, entity_key, usage) DO UPDATE SET
      priority = EXCLUDED.priority;
INSERT INTO media_assets (
    key, title, description, local_path, download_url, source_page_url,
    source_name, creator, license_name, license_code, license_url, rights_status,
    attribution_required, share_alike_required, modification_allowed,
    commercial_use_allowed, endorsement_warning, credit_line, alt, caption,
    dominant_color, aspect_ratio, object_position, recommended_usage, notes, status,
    source_data, updated_at
  )
  VALUES (
    'kawasaki_versys_1000_commons',
    'Kawasaki Versys 1000',
    'Kawasaki Versys 1000 reference image for crossover touring comfort research.',
    '/assets/media/m20-kawasaki-versys-1000.jpg',
    'https://commons.wikimedia.org/wiki/Special:Redirect/file/Kawasaki_Versys_1000_DSCF0396.jpg',
    'https://commons.wikimedia.org/wiki/File:Kawasaki_Versys_1000_DSCF0396.jpg',
    'Wikimedia Commons',
    'Addvisor',
    'Creative Commons Attribution-ShareAlike 4.0 International',
    'CC BY-SA 4.0',
    'https://creativecommons.org/licenses/by-sa/4.0/',
    'usable_with_attribution_sharealike',
    true,
    true,
    true,
    true,
    true,
    'Photo: Addvisor, CC BY-SA 4.0, via Wikimedia Commons',
    'Kawasaki Versys 1000 motorcycle',
    'The Versys 1000 is a crossover-tourer where legroom, seat width and long stints matter.',
    '#303b2e',
    '4 / 3',
    'center',
    '["card","section","motorcycle_profile"]'::jsonb,
    'License and source verified; activate after local file download succeeds and visual crop is reviewed.',
    'active',
    '{"key":"kawasaki_versys_1000_commons","title":"Kawasaki Versys 1000","description":"Kawasaki Versys 1000 reference image for crossover touring comfort research.","localPath":"/assets/media/m20-kawasaki-versys-1000.jpg","downloadUrl":"https://commons.wikimedia.org/wiki/Special:Redirect/file/Kawasaki_Versys_1000_DSCF0396.jpg","sourcePageUrl":"https://commons.wikimedia.org/wiki/File:Kawasaki_Versys_1000_DSCF0396.jpg","sourceName":"Wikimedia Commons","creator":"Addvisor","licenseName":"Creative Commons Attribution-ShareAlike 4.0 International","licenseCode":"CC BY-SA 4.0","licenseUrl":"https://creativecommons.org/licenses/by-sa/4.0/","rightsStatus":"usable_with_attribution_sharealike","attributionRequired":true,"shareAlikeRequired":true,"modificationAllowed":true,"commercialUseAllowed":true,"endorsementWarning":true,"creditLine":"Photo: Addvisor, CC BY-SA 4.0, via Wikimedia Commons","alt":"Kawasaki Versys 1000 motorcycle","caption":"The Versys 1000 is a crossover-tourer where legroom, seat width and long stints matter.","dominantColor":"#303b2e","aspectRatio":"4 / 3","objectPosition":"center","recommendedUsage":["card","section","motorcycle_profile"],"links":[{"entityType":"motorcycle_profile","entityKey":"kawasaki-versys-1000","usage":"hero","priority":1}],"status":"active","notes":"License and source verified; activate after local file download succeeds and visual crop is reviewed."}'::jsonb,
    now()
  )
  ON CONFLICT (key) DO UPDATE SET
    title = EXCLUDED.title,
    description = EXCLUDED.description,
    local_path = EXCLUDED.local_path,
    download_url = EXCLUDED.download_url,
    source_page_url = EXCLUDED.source_page_url,
    source_name = EXCLUDED.source_name,
    creator = EXCLUDED.creator,
    license_name = EXCLUDED.license_name,
    license_code = EXCLUDED.license_code,
    license_url = EXCLUDED.license_url,
    rights_status = EXCLUDED.rights_status,
    attribution_required = EXCLUDED.attribution_required,
    share_alike_required = EXCLUDED.share_alike_required,
    modification_allowed = EXCLUDED.modification_allowed,
    commercial_use_allowed = EXCLUDED.commercial_use_allowed,
    endorsement_warning = EXCLUDED.endorsement_warning,
    credit_line = EXCLUDED.credit_line,
    alt = EXCLUDED.alt,
    caption = EXCLUDED.caption,
    dominant_color = EXCLUDED.dominant_color,
    aspect_ratio = EXCLUDED.aspect_ratio,
    object_position = EXCLUDED.object_position,
    recommended_usage = EXCLUDED.recommended_usage,
    notes = EXCLUDED.notes,
    status = EXCLUDED.status,
    source_data = EXCLUDED.source_data,
    updated_at = now();
INSERT INTO content_media_links (
      media_key, entity_type, entity_key, usage, priority
    )
    VALUES (
      'kawasaki_versys_1000_commons',
      'motorcycle_profile',
      'kawasaki-versys-1000',
      'hero',
      1
    )
    ON CONFLICT (media_key, entity_type, entity_key, usage) DO UPDATE SET
      priority = EXCLUDED.priority;
INSERT INTO media_assets (
    key, title, description, local_path, download_url, source_page_url,
    source_name, creator, license_name, license_code, license_url, rights_status,
    attribution_required, share_alike_required, modification_allowed,
    commercial_use_allowed, endorsement_warning, credit_line, alt, caption,
    dominant_color, aspect_ratio, object_position, recommended_usage, notes, status,
    source_data, updated_at
  )
  VALUES (
    'ducati_multistrada_v4_commons',
    'Ducati Multistrada V4 S',
    'Ducati Multistrada V4 S reference image for premium adventure-touring comparison.',
    '/assets/media/m21-ducati-multistrada-v4.jpg',
    'https://commons.wikimedia.org/wiki/Special:Redirect/file/Ducati_Multistrada_V4_S_-_EICMA_2024.jpg',
    'https://commons.wikimedia.org/wiki/File:Ducati_Multistrada_V4_S_-_EICMA_2024.jpg',
    'Wikimedia Commons',
    'Saggittarius A',
    'Creative Commons Attribution 4.0 International',
    'CC BY 4.0',
    'https://creativecommons.org/licenses/by/4.0/',
    'usable_with_attribution',
    true,
    false,
    true,
    true,
    true,
    'Photo: Saggittarius A, CC BY 4.0, via Wikimedia Commons',
    'Ducati Multistrada V4 S motorcycle',
    'Premium adventure bikes need separate checks for heat, seat height, rider/passenger seats and OEM comfort packages.',
    '#5a4a42',
    '4 / 5',
    'center',
    '["card","section","motorcycle_profile"]'::jsonb,
    'License and source verified; activate after local file download succeeds and visual crop is reviewed.',
    'active',
    '{"key":"ducati_multistrada_v4_commons","title":"Ducati Multistrada V4 S","description":"Ducati Multistrada V4 S reference image for premium adventure-touring comparison.","localPath":"/assets/media/m21-ducati-multistrada-v4.jpg","downloadUrl":"https://commons.wikimedia.org/wiki/Special:Redirect/file/Ducati_Multistrada_V4_S_-_EICMA_2024.jpg","sourcePageUrl":"https://commons.wikimedia.org/wiki/File:Ducati_Multistrada_V4_S_-_EICMA_2024.jpg","sourceName":"Wikimedia Commons","creator":"Saggittarius A","licenseName":"Creative Commons Attribution 4.0 International","licenseCode":"CC BY 4.0","licenseUrl":"https://creativecommons.org/licenses/by/4.0/","rightsStatus":"usable_with_attribution","attributionRequired":true,"shareAlikeRequired":false,"modificationAllowed":true,"commercialUseAllowed":true,"endorsementWarning":true,"creditLine":"Photo: Saggittarius A, CC BY 4.0, via Wikimedia Commons","alt":"Ducati Multistrada V4 S motorcycle","caption":"Premium adventure bikes need separate checks for heat, seat height, rider/passenger seats and OEM comfort packages.","dominantColor":"#5a4a42","aspectRatio":"4 / 5","objectPosition":"center","recommendedUsage":["card","section","motorcycle_profile"],"links":[{"entityType":"motorcycle_profile","entityKey":"ducati-multistrada-v4","usage":"hero","priority":1}],"status":"active","notes":"License and source verified; activate after local file download succeeds and visual crop is reviewed."}'::jsonb,
    now()
  )
  ON CONFLICT (key) DO UPDATE SET
    title = EXCLUDED.title,
    description = EXCLUDED.description,
    local_path = EXCLUDED.local_path,
    download_url = EXCLUDED.download_url,
    source_page_url = EXCLUDED.source_page_url,
    source_name = EXCLUDED.source_name,
    creator = EXCLUDED.creator,
    license_name = EXCLUDED.license_name,
    license_code = EXCLUDED.license_code,
    license_url = EXCLUDED.license_url,
    rights_status = EXCLUDED.rights_status,
    attribution_required = EXCLUDED.attribution_required,
    share_alike_required = EXCLUDED.share_alike_required,
    modification_allowed = EXCLUDED.modification_allowed,
    commercial_use_allowed = EXCLUDED.commercial_use_allowed,
    endorsement_warning = EXCLUDED.endorsement_warning,
    credit_line = EXCLUDED.credit_line,
    alt = EXCLUDED.alt,
    caption = EXCLUDED.caption,
    dominant_color = EXCLUDED.dominant_color,
    aspect_ratio = EXCLUDED.aspect_ratio,
    object_position = EXCLUDED.object_position,
    recommended_usage = EXCLUDED.recommended_usage,
    notes = EXCLUDED.notes,
    status = EXCLUDED.status,
    source_data = EXCLUDED.source_data,
    updated_at = now();
INSERT INTO content_media_links (
      media_key, entity_type, entity_key, usage, priority
    )
    VALUES (
      'ducati_multistrada_v4_commons',
      'motorcycle_profile',
      'ducati-multistrada-v4',
      'hero',
      1
    )
    ON CONFLICT (media_key, entity_type, entity_key, usage) DO UPDATE SET
      priority = EXCLUDED.priority;
INSERT INTO media_assets (
    key, title, description, local_path, download_url, source_page_url,
    source_name, creator, license_name, license_code, license_url, rights_status,
    attribution_required, share_alike_required, modification_allowed,
    commercial_use_allowed, endorsement_warning, credit_line, alt, caption,
    dominant_color, aspect_ratio, object_position, recommended_usage, notes, status,
    source_data, updated_at
  )
  VALUES (
    'honda_nc750x_commons',
    'Honda NC750X',
    'Honda NC750X reference image for commuting and practical crossover comfort research.',
    '/assets/media/m22-honda-nc750x.jpg',
    'https://commons.wikimedia.org/wiki/Special:Redirect/file/Nc750x.jpg',
    'https://commons.wikimedia.org/wiki/File:Nc750x.jpg',
    'Wikimedia Commons',
    'ウェルワィ',
    'Creative Commons Attribution 3.0 Unported',
    'CC BY 3.0',
    'https://creativecommons.org/licenses/by/3.0/',
    'usable_with_attribution',
    true,
    false,
    true,
    true,
    true,
    'Photo: ウェルワィ, CC BY 3.0, via Wikimedia Commons',
    'Honda NC750X motorcycle',
    'Practical crossover bikes need commuting comfort, medium-distance relief and budget-safe upgrades.',
    '#51534f',
    '4 / 3',
    'center',
    '["card","section","motorcycle_profile"]'::jsonb,
    'License and source verified; activate after local file download succeeds and visual crop is reviewed.',
    'active',
    '{"key":"honda_nc750x_commons","title":"Honda NC750X","description":"Honda NC750X reference image for commuting and practical crossover comfort research.","localPath":"/assets/media/m22-honda-nc750x.jpg","downloadUrl":"https://commons.wikimedia.org/wiki/Special:Redirect/file/Nc750x.jpg","sourcePageUrl":"https://commons.wikimedia.org/wiki/File:Nc750x.jpg","sourceName":"Wikimedia Commons","creator":"ウェルワィ","licenseName":"Creative Commons Attribution 3.0 Unported","licenseCode":"CC BY 3.0","licenseUrl":"https://creativecommons.org/licenses/by/3.0/","rightsStatus":"usable_with_attribution","attributionRequired":true,"shareAlikeRequired":false,"modificationAllowed":true,"commercialUseAllowed":true,"endorsementWarning":true,"creditLine":"Photo: ウェルワィ, CC BY 3.0, via Wikimedia Commons","alt":"Honda NC750X motorcycle","caption":"Practical crossover bikes need commuting comfort, medium-distance relief and budget-safe upgrades.","dominantColor":"#51534f","aspectRatio":"4 / 3","objectPosition":"center","recommendedUsage":["card","section","motorcycle_profile"],"links":[{"entityType":"motorcycle_profile","entityKey":"honda-nc750x","usage":"hero","priority":1}],"status":"active","notes":"License and source verified; activate after local file download succeeds and visual crop is reviewed."}'::jsonb,
    now()
  )
  ON CONFLICT (key) DO UPDATE SET
    title = EXCLUDED.title,
    description = EXCLUDED.description,
    local_path = EXCLUDED.local_path,
    download_url = EXCLUDED.download_url,
    source_page_url = EXCLUDED.source_page_url,
    source_name = EXCLUDED.source_name,
    creator = EXCLUDED.creator,
    license_name = EXCLUDED.license_name,
    license_code = EXCLUDED.license_code,
    license_url = EXCLUDED.license_url,
    rights_status = EXCLUDED.rights_status,
    attribution_required = EXCLUDED.attribution_required,
    share_alike_required = EXCLUDED.share_alike_required,
    modification_allowed = EXCLUDED.modification_allowed,
    commercial_use_allowed = EXCLUDED.commercial_use_allowed,
    endorsement_warning = EXCLUDED.endorsement_warning,
    credit_line = EXCLUDED.credit_line,
    alt = EXCLUDED.alt,
    caption = EXCLUDED.caption,
    dominant_color = EXCLUDED.dominant_color,
    aspect_ratio = EXCLUDED.aspect_ratio,
    object_position = EXCLUDED.object_position,
    recommended_usage = EXCLUDED.recommended_usage,
    notes = EXCLUDED.notes,
    status = EXCLUDED.status,
    source_data = EXCLUDED.source_data,
    updated_at = now();
INSERT INTO content_media_links (
      media_key, entity_type, entity_key, usage, priority
    )
    VALUES (
      'honda_nc750x_commons',
      'motorcycle_profile',
      'honda-nc750x',
      'hero',
      1
    )
    ON CONFLICT (media_key, entity_type, entity_key, usage) DO UPDATE SET
      priority = EXCLUDED.priority;
INSERT INTO media_assets (
    key, title, description, local_path, download_url, source_page_url,
    source_name, creator, license_name, license_code, license_url, rights_status,
    attribution_required, share_alike_required, modification_allowed,
    commercial_use_allowed, endorsement_warning, credit_line, alt, caption,
    dominant_color, aspect_ratio, object_position, recommended_usage, notes, status,
    source_data, updated_at
  )
  VALUES (
    'kawasaki_z900_commons',
    'Kawasaki Z900',
    'Kawasaki Z900 reference image for naked-bike comfort and sporty road posture research.',
    '/assets/media/m24-kawasaki-z900.jpg',
    'https://commons.wikimedia.org/wiki/Special:Redirect/file/KawasakiZ900.jpg',
    'https://commons.wikimedia.org/wiki/File:KawasakiZ900.jpg',
    'Wikimedia Commons',
    'T.doi.z900',
    'Creative Commons Attribution-ShareAlike 4.0 International',
    'CC BY-SA 4.0',
    'https://creativecommons.org/licenses/by-sa/4.0/',
    'usable_with_attribution_sharealike',
    true,
    true,
    true,
    true,
    true,
    'Photo: T.doi.z900, CC BY-SA 4.0, via Wikimedia Commons',
    'Kawasaki Z900 motorcycle',
    'Sporty naked bikes need different seat advice than touring machines: short pressure, sliding and knee angle dominate.',
    '#313830',
    '3 / 2',
    'center',
    '["card","section","motorcycle_profile"]'::jsonb,
    'License and source verified; activate after local file download succeeds and visual crop is reviewed.',
    'active',
    '{"key":"kawasaki_z900_commons","title":"Kawasaki Z900","description":"Kawasaki Z900 reference image for naked-bike comfort and sporty road posture research.","localPath":"/assets/media/m24-kawasaki-z900.jpg","downloadUrl":"https://commons.wikimedia.org/wiki/Special:Redirect/file/KawasakiZ900.jpg","sourcePageUrl":"https://commons.wikimedia.org/wiki/File:KawasakiZ900.jpg","sourceName":"Wikimedia Commons","creator":"T.doi.z900","licenseName":"Creative Commons Attribution-ShareAlike 4.0 International","licenseCode":"CC BY-SA 4.0","licenseUrl":"https://creativecommons.org/licenses/by-sa/4.0/","rightsStatus":"usable_with_attribution_sharealike","attributionRequired":true,"shareAlikeRequired":true,"modificationAllowed":true,"commercialUseAllowed":true,"endorsementWarning":true,"creditLine":"Photo: T.doi.z900, CC BY-SA 4.0, via Wikimedia Commons","alt":"Kawasaki Z900 motorcycle","caption":"Sporty naked bikes need different seat advice than touring machines: short pressure, sliding and knee angle dominate.","dominantColor":"#313830","aspectRatio":"3 / 2","objectPosition":"center","recommendedUsage":["card","section","motorcycle_profile"],"links":[{"entityType":"motorcycle_profile","entityKey":"kawasaki-z900","usage":"hero","priority":1}],"status":"active","notes":"License and source verified; activate after local file download succeeds and visual crop is reviewed."}'::jsonb,
    now()
  )
  ON CONFLICT (key) DO UPDATE SET
    title = EXCLUDED.title,
    description = EXCLUDED.description,
    local_path = EXCLUDED.local_path,
    download_url = EXCLUDED.download_url,
    source_page_url = EXCLUDED.source_page_url,
    source_name = EXCLUDED.source_name,
    creator = EXCLUDED.creator,
    license_name = EXCLUDED.license_name,
    license_code = EXCLUDED.license_code,
    license_url = EXCLUDED.license_url,
    rights_status = EXCLUDED.rights_status,
    attribution_required = EXCLUDED.attribution_required,
    share_alike_required = EXCLUDED.share_alike_required,
    modification_allowed = EXCLUDED.modification_allowed,
    commercial_use_allowed = EXCLUDED.commercial_use_allowed,
    endorsement_warning = EXCLUDED.endorsement_warning,
    credit_line = EXCLUDED.credit_line,
    alt = EXCLUDED.alt,
    caption = EXCLUDED.caption,
    dominant_color = EXCLUDED.dominant_color,
    aspect_ratio = EXCLUDED.aspect_ratio,
    object_position = EXCLUDED.object_position,
    recommended_usage = EXCLUDED.recommended_usage,
    notes = EXCLUDED.notes,
    status = EXCLUDED.status,
    source_data = EXCLUDED.source_data,
    updated_at = now();
INSERT INTO content_media_links (
      media_key, entity_type, entity_key, usage, priority
    )
    VALUES (
      'kawasaki_z900_commons',
      'motorcycle_profile',
      'kawasaki-z900',
      'hero',
      1
    )
    ON CONFLICT (media_key, entity_type, entity_key, usage) DO UPDATE SET
      priority = EXCLUDED.priority;
INSERT INTO media_assets (
    key, title, description, local_path, download_url, source_page_url,
    source_name, creator, license_name, license_code, license_url, rights_status,
    attribution_required, share_alike_required, modification_allowed,
    commercial_use_allowed, endorsement_warning, credit_line, alt, caption,
    dominant_color, aspect_ratio, object_position, recommended_usage, notes, status,
    source_data, updated_at
  )
  VALUES (
    'honda_forza_350_commons',
    'Honda Forza 350',
    'Honda Forza 350 reference image for scooter and Southeast Asia comfort research.',
    '/assets/media/m12-honda-forza-350.jpg',
    'https://upload.wikimedia.org/wikipedia/commons/thumb/2/21/2020_Honda_Forza_350.jpg/621px-2020_Honda_Forza_350.jpg',
    'https://commons.wikimedia.org/wiki/File:2020_Honda_Forza_350.jpg',
    'Wikimedia Commons',
    'Chanokchon',
    'Creative Commons Attribution-ShareAlike 4.0 International',
    'CC BY-SA 4.0',
    'https://creativecommons.org/licenses/by-sa/4.0/',
    'usable_with_attribution_sharealike',
    true,
    true,
    true,
    true,
    true,
    'Photo: Chanokchon, CC BY-SA 4.0, via Wikimedia Commons',
    'Honda Forza 350 scooter',
    'Scooter seats shift the problem toward heat, commuting, wide seat shape and affordable pads.',
    '#3c4652',
    '1 / 1',
    'center',
    '["card","section","motorcycle_profile"]'::jsonb,
    'Source and license are verified, but local download hit Wikimedia thumbnail restrictions. Local download is managed by scripts/download-media-assets.ps1.',
    'active',
    '{"key":"honda_forza_350_commons","title":"Honda Forza 350","description":"Honda Forza 350 reference image for scooter and Southeast Asia comfort research.","localPath":"/assets/media/m12-honda-forza-350.jpg","downloadUrl":"https://upload.wikimedia.org/wikipedia/commons/thumb/2/21/2020_Honda_Forza_350.jpg/621px-2020_Honda_Forza_350.jpg","sourcePageUrl":"https://commons.wikimedia.org/wiki/File:2020_Honda_Forza_350.jpg","sourceName":"Wikimedia Commons","creator":"Chanokchon","licenseName":"Creative Commons Attribution-ShareAlike 4.0 International","licenseCode":"CC BY-SA 4.0","licenseUrl":"https://creativecommons.org/licenses/by-sa/4.0/","rightsStatus":"usable_with_attribution_sharealike","attributionRequired":true,"shareAlikeRequired":true,"modificationAllowed":true,"commercialUseAllowed":true,"endorsementWarning":true,"creditLine":"Photo: Chanokchon, CC BY-SA 4.0, via Wikimedia Commons","alt":"Honda Forza 350 scooter","caption":"Scooter seats shift the problem toward heat, commuting, wide seat shape and affordable pads.","dominantColor":"#3c4652","aspectRatio":"1 / 1","objectPosition":"center","recommendedUsage":["card","section","motorcycle_profile"],"links":[{"entityType":"motorcycle_profile","entityKey":"honda-forza-350","usage":"hero","priority":1}],"status":"active","notes":"Source and license are verified, but local download hit Wikimedia thumbnail restrictions. Local download is managed by scripts/download-media-assets.ps1."}'::jsonb,
    now()
  )
  ON CONFLICT (key) DO UPDATE SET
    title = EXCLUDED.title,
    description = EXCLUDED.description,
    local_path = EXCLUDED.local_path,
    download_url = EXCLUDED.download_url,
    source_page_url = EXCLUDED.source_page_url,
    source_name = EXCLUDED.source_name,
    creator = EXCLUDED.creator,
    license_name = EXCLUDED.license_name,
    license_code = EXCLUDED.license_code,
    license_url = EXCLUDED.license_url,
    rights_status = EXCLUDED.rights_status,
    attribution_required = EXCLUDED.attribution_required,
    share_alike_required = EXCLUDED.share_alike_required,
    modification_allowed = EXCLUDED.modification_allowed,
    commercial_use_allowed = EXCLUDED.commercial_use_allowed,
    endorsement_warning = EXCLUDED.endorsement_warning,
    credit_line = EXCLUDED.credit_line,
    alt = EXCLUDED.alt,
    caption = EXCLUDED.caption,
    dominant_color = EXCLUDED.dominant_color,
    aspect_ratio = EXCLUDED.aspect_ratio,
    object_position = EXCLUDED.object_position,
    recommended_usage = EXCLUDED.recommended_usage,
    notes = EXCLUDED.notes,
    status = EXCLUDED.status,
    source_data = EXCLUDED.source_data,
    updated_at = now();
INSERT INTO content_media_links (
      media_key, entity_type, entity_key, usage, priority
    )
    VALUES (
      'honda_forza_350_commons',
      'motorcycle_profile',
      'honda-forza-350',
      'hero',
      1
    )
    ON CONFLICT (media_key, entity_type, entity_key, usage) DO UPDATE SET
      priority = EXCLUDED.priority;
INSERT INTO media_assets (
    key, title, description, local_path, download_url, source_page_url,
    source_name, creator, license_name, license_code, license_url, rights_status,
    attribution_required, share_alike_required, modification_allowed,
    commercial_use_allowed, endorsement_warning, credit_line, alt, caption,
    dominant_color, aspect_ratio, object_position, recommended_usage, notes, status,
    source_data, updated_at
  )
  VALUES (
    'foam_rubber_swatches_commons',
    'Foam rubber colour swatches',
    'Foam material reference image for seat-material and DIY pages.',
    '/assets/media/m13-foam-rubber-swatches.jpg',
    'https://upload.wikimedia.org/wikipedia/commons/thumb/6/69/20200901_Moosgummi_Farbf%C3%A4cher.jpg/561px-20200901_Moosgummi_Farbf%C3%A4cher.jpg',
    'https://commons.wikimedia.org/wiki/File:20200901_Moosgummi_Farbf%C3%A4cher.jpg',
    'Wikimedia Commons',
    'Zinnmann',
    'Creative Commons Attribution-ShareAlike 3.0 Unported',
    'CC BY-SA 3.0',
    'https://creativecommons.org/licenses/by-sa/3.0/',
    'usable_with_attribution_sharealike',
    true,
    true,
    true,
    true,
    true,
    'Photo: Zinnmann, CC BY-SA 3.0, via Wikimedia Commons',
    'Foam rubber sheets in different colours',
    'Foam class, density and layer role matter more than colour or marketing names.',
    '#66704c',
    '4 / 3',
    'center',
    '["material","card","section"]'::jsonb,
    'Source and license are verified, but local download hit Wikimedia thumbnail restrictions. Local download is managed by scripts/download-media-assets.ps1. Local file missing; not rendered until download succeeds.',
    'download_pending',
    '{"key":"foam_rubber_swatches_commons","title":"Foam rubber colour swatches","description":"Foam material reference image for seat-material and DIY pages.","localPath":"/assets/media/m13-foam-rubber-swatches.jpg","downloadUrl":"https://upload.wikimedia.org/wikipedia/commons/thumb/6/69/20200901_Moosgummi_Farbf%C3%A4cher.jpg/561px-20200901_Moosgummi_Farbf%C3%A4cher.jpg","sourcePageUrl":"https://commons.wikimedia.org/wiki/File:20200901_Moosgummi_Farbf%C3%A4cher.jpg","sourceName":"Wikimedia Commons","creator":"Zinnmann","licenseName":"Creative Commons Attribution-ShareAlike 3.0 Unported","licenseCode":"CC BY-SA 3.0","licenseUrl":"https://creativecommons.org/licenses/by-sa/3.0/","rightsStatus":"usable_with_attribution_sharealike","attributionRequired":true,"shareAlikeRequired":true,"modificationAllowed":true,"commercialUseAllowed":true,"endorsementWarning":true,"creditLine":"Photo: Zinnmann, CC BY-SA 3.0, via Wikimedia Commons","alt":"Foam rubber sheets in different colours","caption":"Foam class, density and layer role matter more than colour or marketing names.","dominantColor":"#66704c","aspectRatio":"4 / 3","objectPosition":"center","recommendedUsage":["material","card","section"],"links":[{"entityType":"seat_material","entityKey":"eva_closed_cell_foam","usage":"card","priority":1},{"entityType":"seat_material","entityKey":"rebond_foam","usage":"card","priority":2},{"entityType":"seat_material","entityKey":"latex_foam_layer","usage":"card","priority":2}],"status":"download_pending","notes":"Source and license are verified, but local download hit Wikimedia thumbnail restrictions. Local download is managed by scripts/download-media-assets.ps1. Local file missing; not rendered until download succeeds."}'::jsonb,
    now()
  )
  ON CONFLICT (key) DO UPDATE SET
    title = EXCLUDED.title,
    description = EXCLUDED.description,
    local_path = EXCLUDED.local_path,
    download_url = EXCLUDED.download_url,
    source_page_url = EXCLUDED.source_page_url,
    source_name = EXCLUDED.source_name,
    creator = EXCLUDED.creator,
    license_name = EXCLUDED.license_name,
    license_code = EXCLUDED.license_code,
    license_url = EXCLUDED.license_url,
    rights_status = EXCLUDED.rights_status,
    attribution_required = EXCLUDED.attribution_required,
    share_alike_required = EXCLUDED.share_alike_required,
    modification_allowed = EXCLUDED.modification_allowed,
    commercial_use_allowed = EXCLUDED.commercial_use_allowed,
    endorsement_warning = EXCLUDED.endorsement_warning,
    credit_line = EXCLUDED.credit_line,
    alt = EXCLUDED.alt,
    caption = EXCLUDED.caption,
    dominant_color = EXCLUDED.dominant_color,
    aspect_ratio = EXCLUDED.aspect_ratio,
    object_position = EXCLUDED.object_position,
    recommended_usage = EXCLUDED.recommended_usage,
    notes = EXCLUDED.notes,
    status = EXCLUDED.status,
    source_data = EXCLUDED.source_data,
    updated_at = now();
INSERT INTO content_media_links (
      media_key, entity_type, entity_key, usage, priority
    )
    VALUES (
      'foam_rubber_swatches_commons',
      'seat_material',
      'eva_closed_cell_foam',
      'card',
      1
    )
    ON CONFLICT (media_key, entity_type, entity_key, usage) DO UPDATE SET
      priority = EXCLUDED.priority;
INSERT INTO content_media_links (
      media_key, entity_type, entity_key, usage, priority
    )
    VALUES (
      'foam_rubber_swatches_commons',
      'seat_material',
      'rebond_foam',
      'card',
      2
    )
    ON CONFLICT (media_key, entity_type, entity_key, usage) DO UPDATE SET
      priority = EXCLUDED.priority;
INSERT INTO content_media_links (
      media_key, entity_type, entity_key, usage, priority
    )
    VALUES (
      'foam_rubber_swatches_commons',
      'seat_material',
      'latex_foam_layer',
      'card',
      2
    )
    ON CONFLICT (media_key, entity_type, entity_key, usage) DO UPDATE SET
      priority = EXCLUDED.priority;
INSERT INTO media_assets (
    key, title, description, local_path, download_url, source_page_url,
    source_name, creator, license_name, license_code, license_url, rights_status,
    attribution_required, share_alike_required, modification_allowed,
    commercial_use_allowed, endorsement_warning, credit_line, alt, caption,
    dominant_color, aspect_ratio, object_position, recommended_usage, notes, status,
    source_data, updated_at
  )
  VALUES (
    'staple_gun_tacker_commons',
    'Staple gun tacker',
    'Staple gun reference image for upholstery tool cards.',
    '/assets/media/m14-staple-gun.jpg',
    'https://upload.wikimedia.org/wikipedia/commons/thumb/3/3b/Staple_Gun_Tacker.jpg/268px-Staple_Gun_Tacker.jpg',
    'https://commons.wikimedia.org/wiki/File:Staple_Gun_Tacker.jpg',
    'Wikimedia Commons',
    'Jpquidores',
    'Creative Commons Attribution 3.0 Unported',
    'CC BY 3.0',
    'https://creativecommons.org/licenses/by/3.0/',
    'usable_with_attribution',
    true,
    false,
    true,
    true,
    true,
    'Photo: Jpquidores, CC BY 3.0, via Wikimedia Commons',
    'Red staple gun tacker',
    'Staple length and seat-pan material matter more than buying the strongest tool.',
    '#b63f32',
    '4 / 3',
    'center',
    '["tool","card"]'::jsonb,
    'Source and license are verified, but local download hit Wikimedia thumbnail restrictions. Local download is managed by scripts/download-media-assets.ps1.',
    'active',
    '{"key":"staple_gun_tacker_commons","title":"Staple gun tacker","description":"Staple gun reference image for upholstery tool cards.","localPath":"/assets/media/m14-staple-gun.jpg","downloadUrl":"https://upload.wikimedia.org/wikipedia/commons/thumb/3/3b/Staple_Gun_Tacker.jpg/268px-Staple_Gun_Tacker.jpg","sourcePageUrl":"https://commons.wikimedia.org/wiki/File:Staple_Gun_Tacker.jpg","sourceName":"Wikimedia Commons","creator":"Jpquidores","licenseName":"Creative Commons Attribution 3.0 Unported","licenseCode":"CC BY 3.0","licenseUrl":"https://creativecommons.org/licenses/by/3.0/","rightsStatus":"usable_with_attribution","attributionRequired":true,"shareAlikeRequired":false,"modificationAllowed":true,"commercialUseAllowed":true,"endorsementWarning":true,"creditLine":"Photo: Jpquidores, CC BY 3.0, via Wikimedia Commons","alt":"Red staple gun tacker","caption":"Staple length and seat-pan material matter more than buying the strongest tool.","dominantColor":"#b63f32","aspectRatio":"4 / 3","objectPosition":"center","recommendedUsage":["tool","card"],"links":[{"entityType":"workshop_tool","entityKey":"electric_stapler","usage":"card","priority":1},{"entityType":"workshop_supply","entityKey":"stainless_staples","usage":"card","priority":1},{"entityType":"page_section","entityKey":"home_tools","usage":"card","priority":1}],"status":"active","notes":"Source and license are verified, but local download hit Wikimedia thumbnail restrictions. Local download is managed by scripts/download-media-assets.ps1."}'::jsonb,
    now()
  )
  ON CONFLICT (key) DO UPDATE SET
    title = EXCLUDED.title,
    description = EXCLUDED.description,
    local_path = EXCLUDED.local_path,
    download_url = EXCLUDED.download_url,
    source_page_url = EXCLUDED.source_page_url,
    source_name = EXCLUDED.source_name,
    creator = EXCLUDED.creator,
    license_name = EXCLUDED.license_name,
    license_code = EXCLUDED.license_code,
    license_url = EXCLUDED.license_url,
    rights_status = EXCLUDED.rights_status,
    attribution_required = EXCLUDED.attribution_required,
    share_alike_required = EXCLUDED.share_alike_required,
    modification_allowed = EXCLUDED.modification_allowed,
    commercial_use_allowed = EXCLUDED.commercial_use_allowed,
    endorsement_warning = EXCLUDED.endorsement_warning,
    credit_line = EXCLUDED.credit_line,
    alt = EXCLUDED.alt,
    caption = EXCLUDED.caption,
    dominant_color = EXCLUDED.dominant_color,
    aspect_ratio = EXCLUDED.aspect_ratio,
    object_position = EXCLUDED.object_position,
    recommended_usage = EXCLUDED.recommended_usage,
    notes = EXCLUDED.notes,
    status = EXCLUDED.status,
    source_data = EXCLUDED.source_data,
    updated_at = now();
INSERT INTO content_media_links (
      media_key, entity_type, entity_key, usage, priority
    )
    VALUES (
      'staple_gun_tacker_commons',
      'workshop_tool',
      'electric_stapler',
      'card',
      1
    )
    ON CONFLICT (media_key, entity_type, entity_key, usage) DO UPDATE SET
      priority = EXCLUDED.priority;
INSERT INTO content_media_links (
      media_key, entity_type, entity_key, usage, priority
    )
    VALUES (
      'staple_gun_tacker_commons',
      'workshop_supply',
      'stainless_staples',
      'card',
      1
    )
    ON CONFLICT (media_key, entity_type, entity_key, usage) DO UPDATE SET
      priority = EXCLUDED.priority;
INSERT INTO content_media_links (
      media_key, entity_type, entity_key, usage, priority
    )
    VALUES (
      'staple_gun_tacker_commons',
      'page_section',
      'home_tools',
      'card',
      1
    )
    ON CONFLICT (media_key, entity_type, entity_key, usage) DO UPDATE SET
      priority = EXCLUDED.priority;
INSERT INTO media_assets (
    key, title, description, local_path, download_url, source_page_url,
    source_name, creator, license_name, license_code, license_url, rights_status,
    attribution_required, share_alike_required, modification_allowed,
    commercial_use_allowed, endorsement_warning, credit_line, alt, caption,
    dominant_color, aspect_ratio, object_position, recommended_usage, notes, status,
    source_data, updated_at
  )
  VALUES (
    'leather_sewing_machine_commons',
    'Leather sewing machine',
    'Leather sewing machine reference image for professional upholstery workflow.',
    '/assets/media/m15-leather-sewing-machine.jpg',
    'https://upload.wikimedia.org/wikipedia/commons/thumb/d/dd/Leather_sewing_machine_%282021-08-03%29_04.jpg/800px-Leather_sewing_machine_%282021-08-03%29_04.jpg',
    'https://commons.wikimedia.org/wiki/File:Leather_sewing_machine_(2021-08-03)_04.jpg',
    'Wikimedia Commons',
    'Vyacheslav Kirillin',
    'Creative Commons Attribution-ShareAlike 4.0 International',
    'CC BY-SA 4.0',
    'https://creativecommons.org/licenses/by-sa/4.0/',
    'usable_with_attribution_sharealike',
    true,
    true,
    true,
    true,
    true,
    'Photo: Vyacheslav Kirillin, CC BY-SA 4.0, via Wikimedia Commons',
    'Leather sewing machine in a museum display',
    'Seat-cover sewing is usually a professional step, especially with thick vinyl, seams and piping.',
    '#4b3f36',
    '4 / 3',
    'center',
    '["tool","card","section"]'::jsonb,
    'Source and license are verified, but local download hit Wikimedia thumbnail restrictions. Local download is managed by scripts/download-media-assets.ps1. Local file missing; not rendered until download succeeds.',
    'download_pending',
    '{"key":"leather_sewing_machine_commons","title":"Leather sewing machine","description":"Leather sewing machine reference image for professional upholstery workflow.","localPath":"/assets/media/m15-leather-sewing-machine.jpg","downloadUrl":"https://upload.wikimedia.org/wikipedia/commons/thumb/d/dd/Leather_sewing_machine_%282021-08-03%29_04.jpg/800px-Leather_sewing_machine_%282021-08-03%29_04.jpg","sourcePageUrl":"https://commons.wikimedia.org/wiki/File:Leather_sewing_machine_(2021-08-03)_04.jpg","sourceName":"Wikimedia Commons","creator":"Vyacheslav Kirillin","licenseName":"Creative Commons Attribution-ShareAlike 4.0 International","licenseCode":"CC BY-SA 4.0","licenseUrl":"https://creativecommons.org/licenses/by-sa/4.0/","rightsStatus":"usable_with_attribution_sharealike","attributionRequired":true,"shareAlikeRequired":true,"modificationAllowed":true,"commercialUseAllowed":true,"endorsementWarning":true,"creditLine":"Photo: Vyacheslav Kirillin, CC BY-SA 4.0, via Wikimedia Commons","alt":"Leather sewing machine in a museum display","caption":"Seat-cover sewing is usually a professional step, especially with thick vinyl, seams and piping.","dominantColor":"#4b3f36","aspectRatio":"4 / 3","objectPosition":"center","recommendedUsage":["tool","card","section"],"links":[{"entityType":"workshop_tool","entityKey":"industrial_walking_foot_machine","usage":"card","priority":1},{"entityType":"workshop_supply","entityKey":"bonded_nylon_thread","usage":"card","priority":2},{"entityType":"workshop_supply","entityKey":"upholstery_vinyl","usage":"card","priority":2}],"status":"download_pending","notes":"Source and license are verified, but local download hit Wikimedia thumbnail restrictions. Local download is managed by scripts/download-media-assets.ps1. Local file missing; not rendered until download succeeds."}'::jsonb,
    now()
  )
  ON CONFLICT (key) DO UPDATE SET
    title = EXCLUDED.title,
    description = EXCLUDED.description,
    local_path = EXCLUDED.local_path,
    download_url = EXCLUDED.download_url,
    source_page_url = EXCLUDED.source_page_url,
    source_name = EXCLUDED.source_name,
    creator = EXCLUDED.creator,
    license_name = EXCLUDED.license_name,
    license_code = EXCLUDED.license_code,
    license_url = EXCLUDED.license_url,
    rights_status = EXCLUDED.rights_status,
    attribution_required = EXCLUDED.attribution_required,
    share_alike_required = EXCLUDED.share_alike_required,
    modification_allowed = EXCLUDED.modification_allowed,
    commercial_use_allowed = EXCLUDED.commercial_use_allowed,
    endorsement_warning = EXCLUDED.endorsement_warning,
    credit_line = EXCLUDED.credit_line,
    alt = EXCLUDED.alt,
    caption = EXCLUDED.caption,
    dominant_color = EXCLUDED.dominant_color,
    aspect_ratio = EXCLUDED.aspect_ratio,
    object_position = EXCLUDED.object_position,
    recommended_usage = EXCLUDED.recommended_usage,
    notes = EXCLUDED.notes,
    status = EXCLUDED.status,
    source_data = EXCLUDED.source_data,
    updated_at = now();
INSERT INTO content_media_links (
      media_key, entity_type, entity_key, usage, priority
    )
    VALUES (
      'leather_sewing_machine_commons',
      'workshop_tool',
      'industrial_walking_foot_machine',
      'card',
      1
    )
    ON CONFLICT (media_key, entity_type, entity_key, usage) DO UPDATE SET
      priority = EXCLUDED.priority;
INSERT INTO content_media_links (
      media_key, entity_type, entity_key, usage, priority
    )
    VALUES (
      'leather_sewing_machine_commons',
      'workshop_supply',
      'bonded_nylon_thread',
      'card',
      2
    )
    ON CONFLICT (media_key, entity_type, entity_key, usage) DO UPDATE SET
      priority = EXCLUDED.priority;
INSERT INTO content_media_links (
      media_key, entity_type, entity_key, usage, priority
    )
    VALUES (
      'leather_sewing_machine_commons',
      'workshop_supply',
      'upholstery_vinyl',
      'card',
      2
    )
    ON CONFLICT (media_key, entity_type, entity_key, usage) DO UPDATE SET
      priority = EXCLUDED.priority;
INSERT INTO media_assets (
    key, title, description, local_path, download_url, source_page_url,
    source_name, creator, license_name, license_code, license_url, rights_status,
    attribution_required, share_alike_required, modification_allowed,
    commercial_use_allowed, endorsement_warning, credit_line, alt, caption,
    dominant_color, aspect_ratio, object_position, recommended_usage, notes, status,
    source_data, updated_at
  )
  VALUES (
    'furriers_staple_gun_commons',
    'Furrier''s staple gun',
    'Public-domain staple-gun style upholstery tool candidate for workshop pages.',
    '/assets/media/m16-furriers-staple-gun.jpg',
    'https://commons.wikimedia.org/wiki/Special:Redirect/file/Furrier%27s_staple_gun.jpg',
    'https://commons.wikimedia.org/wiki/File:Furrier%27s_staple_gun.jpg',
    'Wikimedia Commons',
    'Kürschner',
    'Public domain',
    'PD-user',
    'https://commons.wikimedia.org/wiki/Commons:Public_domain',
    'public_domain',
    false,
    false,
    true,
    true,
    true,
    'Photo: Kürschner, public domain, via Wikimedia Commons',
    'Staple gun style upholstery tool',
    'A staple tool candidate for explaining cover fixation and tool safety.',
    '#6d5a44',
    '3 / 4',
    'center',
    '["tool","card"]'::jsonb,
    'Candidate found via Commons search. Activate only after local download and visual crop review.',
    'active',
    '{"key":"furriers_staple_gun_commons","title":"Furrier''s staple gun","description":"Public-domain staple-gun style upholstery tool candidate for workshop pages.","localPath":"/assets/media/m16-furriers-staple-gun.jpg","downloadUrl":"https://commons.wikimedia.org/wiki/Special:Redirect/file/Furrier%27s_staple_gun.jpg","sourcePageUrl":"https://commons.wikimedia.org/wiki/File:Furrier%27s_staple_gun.jpg","sourceName":"Wikimedia Commons","creator":"Kürschner","licenseName":"Public domain","licenseCode":"PD-user","licenseUrl":"https://commons.wikimedia.org/wiki/Commons:Public_domain","rightsStatus":"public_domain","attributionRequired":false,"shareAlikeRequired":false,"modificationAllowed":true,"commercialUseAllowed":true,"endorsementWarning":true,"creditLine":"Photo: Kürschner, public domain, via Wikimedia Commons","alt":"Staple gun style upholstery tool","caption":"A staple tool candidate for explaining cover fixation and tool safety.","dominantColor":"#6d5a44","aspectRatio":"3 / 4","objectPosition":"center","recommendedUsage":["tool","card"],"links":[{"entityType":"workshop_tool","entityKey":"hog_ring_pliers","usage":"related","priority":2},{"entityType":"workshop_tool","entityKey":"electric_stapler","usage":"card","priority":2}],"status":"active","notes":"Candidate found via Commons search. Activate only after local download and visual crop review."}'::jsonb,
    now()
  )
  ON CONFLICT (key) DO UPDATE SET
    title = EXCLUDED.title,
    description = EXCLUDED.description,
    local_path = EXCLUDED.local_path,
    download_url = EXCLUDED.download_url,
    source_page_url = EXCLUDED.source_page_url,
    source_name = EXCLUDED.source_name,
    creator = EXCLUDED.creator,
    license_name = EXCLUDED.license_name,
    license_code = EXCLUDED.license_code,
    license_url = EXCLUDED.license_url,
    rights_status = EXCLUDED.rights_status,
    attribution_required = EXCLUDED.attribution_required,
    share_alike_required = EXCLUDED.share_alike_required,
    modification_allowed = EXCLUDED.modification_allowed,
    commercial_use_allowed = EXCLUDED.commercial_use_allowed,
    endorsement_warning = EXCLUDED.endorsement_warning,
    credit_line = EXCLUDED.credit_line,
    alt = EXCLUDED.alt,
    caption = EXCLUDED.caption,
    dominant_color = EXCLUDED.dominant_color,
    aspect_ratio = EXCLUDED.aspect_ratio,
    object_position = EXCLUDED.object_position,
    recommended_usage = EXCLUDED.recommended_usage,
    notes = EXCLUDED.notes,
    status = EXCLUDED.status,
    source_data = EXCLUDED.source_data,
    updated_at = now();
INSERT INTO content_media_links (
      media_key, entity_type, entity_key, usage, priority
    )
    VALUES (
      'furriers_staple_gun_commons',
      'workshop_tool',
      'hog_ring_pliers',
      'related',
      2
    )
    ON CONFLICT (media_key, entity_type, entity_key, usage) DO UPDATE SET
      priority = EXCLUDED.priority;
INSERT INTO content_media_links (
      media_key, entity_type, entity_key, usage, priority
    )
    VALUES (
      'furriers_staple_gun_commons',
      'workshop_tool',
      'electric_stapler',
      'card',
      2
    )
    ON CONFLICT (media_key, entity_type, entity_key, usage) DO UPDATE SET
      priority = EXCLUDED.priority;
INSERT INTO media_assets (
    key, title, description, local_path, download_url, source_page_url,
    source_name, creator, license_name, license_code, license_url, rights_status,
    attribution_required, share_alike_required, modification_allowed,
    commercial_use_allowed, endorsement_warning, credit_line, alt, caption,
    dominant_color, aspect_ratio, object_position, recommended_usage, notes, status,
    source_data, updated_at
  )
  VALUES (
    'hot_wire_foam_cutter_commons',
    'Foam cutter heater wire support',
    'Hot-wire foam cutter reference candidate for advanced foam-shaping content.',
    '/assets/media/m17-hot-wire-foam-cutter.jpg',
    'https://commons.wikimedia.org/wiki/Special:Redirect/file/Foam_cutter_heater_wire_support_(top_view).JPG',
    'https://commons.wikimedia.org/wiki/File:Foam_cutter_heater_wire_support_(top_view).JPG',
    'Wikimedia Commons',
    'Wikimedia Commons contributor',
    'Creative Commons Attribution-ShareAlike 3.0 Unported',
    'CC BY-SA 3.0',
    'https://creativecommons.org/licenses/by-sa/3.0/',
    'usable_with_attribution_sharealike',
    true,
    true,
    true,
    true,
    true,
    'Photo: Wikimedia Commons contributor, CC BY-SA 3.0, via Wikimedia Commons',
    'Hot wire foam cutter heater wire support',
    'Advanced foam shaping needs ventilation, test cuts and material-safety checks.',
    '#5c554c',
    '4 / 3',
    'center',
    '["tool","section"]'::jsonb,
    'Candidate found via Commons search. Verify exact attribution from source page before activation.',
    'active',
    '{"key":"hot_wire_foam_cutter_commons","title":"Foam cutter heater wire support","description":"Hot-wire foam cutter reference candidate for advanced foam-shaping content.","localPath":"/assets/media/m17-hot-wire-foam-cutter.jpg","downloadUrl":"https://commons.wikimedia.org/wiki/Special:Redirect/file/Foam_cutter_heater_wire_support_(top_view).JPG","sourcePageUrl":"https://commons.wikimedia.org/wiki/File:Foam_cutter_heater_wire_support_(top_view).JPG","sourceName":"Wikimedia Commons","creator":"Wikimedia Commons contributor","licenseName":"Creative Commons Attribution-ShareAlike 3.0 Unported","licenseCode":"CC BY-SA 3.0","licenseUrl":"https://creativecommons.org/licenses/by-sa/3.0/","rightsStatus":"usable_with_attribution_sharealike","attributionRequired":true,"shareAlikeRequired":true,"modificationAllowed":true,"commercialUseAllowed":true,"endorsementWarning":true,"creditLine":"Photo: Wikimedia Commons contributor, CC BY-SA 3.0, via Wikimedia Commons","alt":"Hot wire foam cutter heater wire support","caption":"Advanced foam shaping needs ventilation, test cuts and material-safety checks.","dominantColor":"#5c554c","aspectRatio":"4 / 3","objectPosition":"center","recommendedUsage":["tool","section"],"links":[{"entityType":"workshop_tool","entityKey":"hot_wire_foam_cutter","usage":"card","priority":1},{"entityType":"seat_material","entityKey":"eva_closed_cell_foam","usage":"related","priority":2}],"status":"active","notes":"Candidate found via Commons search. Verify exact attribution from source page before activation."}'::jsonb,
    now()
  )
  ON CONFLICT (key) DO UPDATE SET
    title = EXCLUDED.title,
    description = EXCLUDED.description,
    local_path = EXCLUDED.local_path,
    download_url = EXCLUDED.download_url,
    source_page_url = EXCLUDED.source_page_url,
    source_name = EXCLUDED.source_name,
    creator = EXCLUDED.creator,
    license_name = EXCLUDED.license_name,
    license_code = EXCLUDED.license_code,
    license_url = EXCLUDED.license_url,
    rights_status = EXCLUDED.rights_status,
    attribution_required = EXCLUDED.attribution_required,
    share_alike_required = EXCLUDED.share_alike_required,
    modification_allowed = EXCLUDED.modification_allowed,
    commercial_use_allowed = EXCLUDED.commercial_use_allowed,
    endorsement_warning = EXCLUDED.endorsement_warning,
    credit_line = EXCLUDED.credit_line,
    alt = EXCLUDED.alt,
    caption = EXCLUDED.caption,
    dominant_color = EXCLUDED.dominant_color,
    aspect_ratio = EXCLUDED.aspect_ratio,
    object_position = EXCLUDED.object_position,
    recommended_usage = EXCLUDED.recommended_usage,
    notes = EXCLUDED.notes,
    status = EXCLUDED.status,
    source_data = EXCLUDED.source_data,
    updated_at = now();
INSERT INTO content_media_links (
      media_key, entity_type, entity_key, usage, priority
    )
    VALUES (
      'hot_wire_foam_cutter_commons',
      'workshop_tool',
      'hot_wire_foam_cutter',
      'card',
      1
    )
    ON CONFLICT (media_key, entity_type, entity_key, usage) DO UPDATE SET
      priority = EXCLUDED.priority;
INSERT INTO content_media_links (
      media_key, entity_type, entity_key, usage, priority
    )
    VALUES (
      'hot_wire_foam_cutter_commons',
      'seat_material',
      'eva_closed_cell_foam',
      'related',
      2
    )
    ON CONFLICT (media_key, entity_type, entity_key, usage) DO UPDATE SET
      priority = EXCLUDED.priority;
INSERT INTO media_assets (
    key, title, description, local_path, download_url, source_page_url,
    source_name, creator, license_name, license_code, license_url, rights_status,
    attribution_required, share_alike_required, modification_allowed,
    commercial_use_allowed, endorsement_warning, credit_line, alt, caption,
    dominant_color, aspect_ratio, object_position, recommended_usage, notes, status,
    source_data, updated_at
  )
  VALUES (
    'motorcycle_seats_commons_category',
    'Wikimedia Commons Motorcycle seats category',
    'Research-source entry for future motorcycle-seat image curation.',
    'source-only:wikimedia-commons-category-motorcycle-seats',
    'https://commons.wikimedia.org/wiki/Category:Motorcycle_seats',
    'https://commons.wikimedia.org/wiki/Category:Motorcycle_seats',
    'Wikimedia Commons',
    'Wikimedia Commons contributors',
    'Mixed licenses per file',
    'mixed',
    'https://commons.wikimedia.org/wiki/Category:Motorcycle_seats',
    'source_index_only',
    true,
    false,
    false,
    false,
    true,
    'Research index: Wikimedia Commons Motorcycle seats category',
    'Motorcycle seats image research category',
    'Use as a research index only; each image must be checked individually before local use.',
    '#f5f1e8',
    '16 / 9',
    'center',
    '["research_source"]'::jsonb,
    'Do not render as an image. Use this category to find future seat-specific images with per-file license review.',
    'source_only',
    '{"key":"motorcycle_seats_commons_category","title":"Wikimedia Commons Motorcycle seats category","description":"Research-source entry for future motorcycle-seat image curation.","localPath":"source-only:wikimedia-commons-category-motorcycle-seats","downloadUrl":"https://commons.wikimedia.org/wiki/Category:Motorcycle_seats","sourcePageUrl":"https://commons.wikimedia.org/wiki/Category:Motorcycle_seats","sourceName":"Wikimedia Commons","creator":"Wikimedia Commons contributors","licenseName":"Mixed licenses per file","licenseCode":"mixed","licenseUrl":"https://commons.wikimedia.org/wiki/Category:Motorcycle_seats","rightsStatus":"source_index_only","attributionRequired":true,"shareAlikeRequired":false,"modificationAllowed":false,"commercialUseAllowed":false,"endorsementWarning":true,"creditLine":"Research index: Wikimedia Commons Motorcycle seats category","alt":"Motorcycle seats image research category","caption":"Use as a research index only; each image must be checked individually before local use.","dominantColor":"#f5f1e8","aspectRatio":"16 / 9","objectPosition":"center","recommendedUsage":["research_source"],"links":[],"status":"source_only","notes":"Do not render as an image. Use this category to find future seat-specific images with per-file license review."}'::jsonb,
    now()
  )
  ON CONFLICT (key) DO UPDATE SET
    title = EXCLUDED.title,
    description = EXCLUDED.description,
    local_path = EXCLUDED.local_path,
    download_url = EXCLUDED.download_url,
    source_page_url = EXCLUDED.source_page_url,
    source_name = EXCLUDED.source_name,
    creator = EXCLUDED.creator,
    license_name = EXCLUDED.license_name,
    license_code = EXCLUDED.license_code,
    license_url = EXCLUDED.license_url,
    rights_status = EXCLUDED.rights_status,
    attribution_required = EXCLUDED.attribution_required,
    share_alike_required = EXCLUDED.share_alike_required,
    modification_allowed = EXCLUDED.modification_allowed,
    commercial_use_allowed = EXCLUDED.commercial_use_allowed,
    endorsement_warning = EXCLUDED.endorsement_warning,
    credit_line = EXCLUDED.credit_line,
    alt = EXCLUDED.alt,
    caption = EXCLUDED.caption,
    dominant_color = EXCLUDED.dominant_color,
    aspect_ratio = EXCLUDED.aspect_ratio,
    object_position = EXCLUDED.object_position,
    recommended_usage = EXCLUDED.recommended_usage,
    notes = EXCLUDED.notes,
    status = EXCLUDED.status,
    source_data = EXCLUDED.source_data,
    updated_at = now();
INSERT INTO media_assets (
    key, title, description, local_path, download_url, source_page_url,
    source_name, creator, license_name, license_code, license_url, rights_status,
    attribution_required, share_alike_required, modification_allowed,
    commercial_use_allowed, endorsement_warning, credit_line, alt, caption,
    dominant_color, aspect_ratio, object_position, recommended_usage, notes, status,
    source_data, updated_at
  )
  VALUES (
    'yamaha_tracer_9_eicma_commons',
    'Yamaha Tracer 9 at EICMA 2024',
    'Yamaha Tracer 9 reference image for sport-touring comfort research.',
    '/assets/media/m25-yamaha-tracer-9.jpg',
    'https://commons.wikimedia.org/wiki/Special:Redirect/file/Yamaha_Tracer_9_-_EICMA_2024.jpg',
    'https://commons.wikimedia.org/wiki/File:Yamaha_Tracer_9_-_EICMA_2024.jpg',
    'Wikimedia Commons',
    'Saggittarius A',
    'Creative Commons Attribution 4.0 International',
    'CC BY 4.0',
    'https://creativecommons.org/licenses/by/4.0/',
    'usable_with_attribution',
    true,
    false,
    true,
    true,
    true,
    'Photo: Saggittarius A, CC BY 4.0, via Wikimedia Commons',
    'Yamaha Tracer 9 motorcycle at EICMA',
    'The Tracer 9 is a direct sport-touring comparison point for GSX-S1000GX seat comfort.',
    '#4a4d42',
    '1 / 1',
    'center',
    '["card","section","motorcycle_profile"]'::jsonb,
    'Use with visible attribution and avoid implying Yamaha or the creator endorses Moto Seat Lab.',
    'active',
    '{"key":"yamaha_tracer_9_eicma_commons","title":"Yamaha Tracer 9 at EICMA 2024","description":"Yamaha Tracer 9 reference image for sport-touring comfort research.","localPath":"/assets/media/m25-yamaha-tracer-9.jpg","downloadUrl":"https://commons.wikimedia.org/wiki/Special:Redirect/file/Yamaha_Tracer_9_-_EICMA_2024.jpg","sourcePageUrl":"https://commons.wikimedia.org/wiki/File:Yamaha_Tracer_9_-_EICMA_2024.jpg","sourceName":"Wikimedia Commons","creator":"Saggittarius A","licenseName":"Creative Commons Attribution 4.0 International","licenseCode":"CC BY 4.0","licenseUrl":"https://creativecommons.org/licenses/by/4.0/","rightsStatus":"usable_with_attribution","attributionRequired":true,"shareAlikeRequired":false,"modificationAllowed":true,"commercialUseAllowed":true,"endorsementWarning":true,"creditLine":"Photo: Saggittarius A, CC BY 4.0, via Wikimedia Commons","alt":"Yamaha Tracer 9 motorcycle at EICMA","caption":"The Tracer 9 is a direct sport-touring comparison point for GSX-S1000GX seat comfort.","dominantColor":"#4a4d42","aspectRatio":"1 / 1","objectPosition":"center","recommendedUsage":["card","section","motorcycle_profile"],"links":[{"entityType":"motorcycle_profile","entityKey":"yamaha-tracer-9-9-gt","usage":"hero","priority":1}],"status":"active","notes":"Use with visible attribution and avoid implying Yamaha or the creator endorses Moto Seat Lab."}'::jsonb,
    now()
  )
  ON CONFLICT (key) DO UPDATE SET
    title = EXCLUDED.title,
    description = EXCLUDED.description,
    local_path = EXCLUDED.local_path,
    download_url = EXCLUDED.download_url,
    source_page_url = EXCLUDED.source_page_url,
    source_name = EXCLUDED.source_name,
    creator = EXCLUDED.creator,
    license_name = EXCLUDED.license_name,
    license_code = EXCLUDED.license_code,
    license_url = EXCLUDED.license_url,
    rights_status = EXCLUDED.rights_status,
    attribution_required = EXCLUDED.attribution_required,
    share_alike_required = EXCLUDED.share_alike_required,
    modification_allowed = EXCLUDED.modification_allowed,
    commercial_use_allowed = EXCLUDED.commercial_use_allowed,
    endorsement_warning = EXCLUDED.endorsement_warning,
    credit_line = EXCLUDED.credit_line,
    alt = EXCLUDED.alt,
    caption = EXCLUDED.caption,
    dominant_color = EXCLUDED.dominant_color,
    aspect_ratio = EXCLUDED.aspect_ratio,
    object_position = EXCLUDED.object_position,
    recommended_usage = EXCLUDED.recommended_usage,
    notes = EXCLUDED.notes,
    status = EXCLUDED.status,
    source_data = EXCLUDED.source_data,
    updated_at = now();
INSERT INTO content_media_links (
      media_key, entity_type, entity_key, usage, priority
    )
    VALUES (
      'yamaha_tracer_9_eicma_commons',
      'motorcycle_profile',
      'yamaha-tracer-9-9-gt',
      'hero',
      1
    )
    ON CONFLICT (media_key, entity_type, entity_key, usage) DO UPDATE SET
      priority = EXCLUDED.priority;
INSERT INTO media_assets (
    key, title, description, local_path, download_url, source_page_url,
    source_name, creator, license_name, license_code, license_url, rights_status,
    attribution_required, share_alike_required, modification_allowed,
    commercial_use_allowed, endorsement_warning, credit_line, alt, caption,
    dominant_color, aspect_ratio, object_position, recommended_usage, notes, status,
    source_data, updated_at
  )
  VALUES (
    'harley_street_glide_103_commons',
    'Harley-Davidson Street Glide 103',
    'Harley-Davidson Street Glide reference image for cruiser and bagger seat comfort research.',
    '/assets/media/m26-harley-street-glide.jpg',
    'https://commons.wikimedia.org/wiki/Special:Redirect/file/Harley_davidson_street_glide_103.jpg',
    'https://commons.wikimedia.org/wiki/File:Harley_davidson_street_glide_103.jpg',
    'Wikimedia Commons',
    'Harleyrobbio',
    'Creative Commons Attribution-ShareAlike 4.0 International',
    'CC BY-SA 4.0',
    'https://creativecommons.org/licenses/by-sa/4.0/',
    'usable_with_attribution_sharealike',
    true,
    true,
    true,
    true,
    true,
    'Photo: Harleyrobbio, CC BY-SA 4.0, via Wikimedia Commons',
    'Harley-Davidson Street Glide motorcycle parked outdoors',
    'Cruiser and bagger seats need separate thinking about width, back support and long highway stints.',
    '#2f3438',
    '4 / 3',
    'center',
    '["card","section","motorcycle_profile"]'::jsonb,
    'Use with visible attribution and avoid implying Harley-Davidson or the creator endorses Moto Seat Lab.',
    'active',
    '{"key":"harley_street_glide_103_commons","title":"Harley-Davidson Street Glide 103","description":"Harley-Davidson Street Glide reference image for cruiser and bagger seat comfort research.","localPath":"/assets/media/m26-harley-street-glide.jpg","downloadUrl":"https://commons.wikimedia.org/wiki/Special:Redirect/file/Harley_davidson_street_glide_103.jpg","sourcePageUrl":"https://commons.wikimedia.org/wiki/File:Harley_davidson_street_glide_103.jpg","sourceName":"Wikimedia Commons","creator":"Harleyrobbio","licenseName":"Creative Commons Attribution-ShareAlike 4.0 International","licenseCode":"CC BY-SA 4.0","licenseUrl":"https://creativecommons.org/licenses/by-sa/4.0/","rightsStatus":"usable_with_attribution_sharealike","attributionRequired":true,"shareAlikeRequired":true,"modificationAllowed":true,"commercialUseAllowed":true,"endorsementWarning":true,"creditLine":"Photo: Harleyrobbio, CC BY-SA 4.0, via Wikimedia Commons","alt":"Harley-Davidson Street Glide motorcycle parked outdoors","caption":"Cruiser and bagger seats need separate thinking about width, back support and long highway stints.","dominantColor":"#2f3438","aspectRatio":"4 / 3","objectPosition":"center","recommendedUsage":["card","section","motorcycle_profile"],"links":[{"entityType":"motorcycle_profile","entityKey":"harley-davidson-street-glide","usage":"hero","priority":1}],"status":"active","notes":"Use with visible attribution and avoid implying Harley-Davidson or the creator endorses Moto Seat Lab."}'::jsonb,
    now()
  )
  ON CONFLICT (key) DO UPDATE SET
    title = EXCLUDED.title,
    description = EXCLUDED.description,
    local_path = EXCLUDED.local_path,
    download_url = EXCLUDED.download_url,
    source_page_url = EXCLUDED.source_page_url,
    source_name = EXCLUDED.source_name,
    creator = EXCLUDED.creator,
    license_name = EXCLUDED.license_name,
    license_code = EXCLUDED.license_code,
    license_url = EXCLUDED.license_url,
    rights_status = EXCLUDED.rights_status,
    attribution_required = EXCLUDED.attribution_required,
    share_alike_required = EXCLUDED.share_alike_required,
    modification_allowed = EXCLUDED.modification_allowed,
    commercial_use_allowed = EXCLUDED.commercial_use_allowed,
    endorsement_warning = EXCLUDED.endorsement_warning,
    credit_line = EXCLUDED.credit_line,
    alt = EXCLUDED.alt,
    caption = EXCLUDED.caption,
    dominant_color = EXCLUDED.dominant_color,
    aspect_ratio = EXCLUDED.aspect_ratio,
    object_position = EXCLUDED.object_position,
    recommended_usage = EXCLUDED.recommended_usage,
    notes = EXCLUDED.notes,
    status = EXCLUDED.status,
    source_data = EXCLUDED.source_data,
    updated_at = now();
INSERT INTO content_media_links (
      media_key, entity_type, entity_key, usage, priority
    )
    VALUES (
      'harley_street_glide_103_commons',
      'motorcycle_profile',
      'harley-davidson-street-glide',
      'hero',
      1
    )
    ON CONFLICT (media_key, entity_type, entity_key, usage) DO UPDATE SET
      priority = EXCLUDED.priority;
INSERT INTO media_assets (
    key, title, description, local_path, download_url, source_page_url,
    source_name, creator, license_name, license_code, license_url, rights_status,
    attribution_required, share_alike_required, modification_allowed,
    commercial_use_allowed, endorsement_warning, credit_line, alt, caption,
    dominant_color, aspect_ratio, object_position, recommended_usage, notes, status,
    source_data, updated_at
  )
  VALUES (
    'vespa_gts_300_white_commons',
    'Vespa GTS 300 white',
    'Vespa GTS 300 reference image for scooter seat comfort and urban use.',
    '/assets/media/m27-vespa-gts-300.jpg',
    'https://commons.wikimedia.org/wiki/Special:Redirect/file/Vespa_GTS_300_white.jpg',
    'https://commons.wikimedia.org/wiki/File:Vespa_GTS_300_white.jpg',
    'Wikimedia Commons',
    'Michael Wahrlich',
    'Creative Commons CC0 1.0 Universal Public Domain Dedication',
    'CC0',
    'https://creativecommons.org/publicdomain/zero/1.0/',
    'public_domain',
    false,
    false,
    true,
    true,
    true,
    'Photo: Michael Wahrlich, CC0, via Wikimedia Commons',
    'White Vespa GTS 300 scooter',
    'Urban scooters have different seat issues: heat, stop-and-go riding, short trips and broad seat shape.',
    '#d9d5ce',
    '4 / 3',
    'center',
    '["card","section","motorcycle_profile"]'::jsonb,
    'Public-domain image; still avoid implying Vespa/Piaggio endorsement.',
    'active',
    '{"key":"vespa_gts_300_white_commons","title":"Vespa GTS 300 white","description":"Vespa GTS 300 reference image for scooter seat comfort and urban use.","localPath":"/assets/media/m27-vespa-gts-300.jpg","downloadUrl":"https://commons.wikimedia.org/wiki/Special:Redirect/file/Vespa_GTS_300_white.jpg","sourcePageUrl":"https://commons.wikimedia.org/wiki/File:Vespa_GTS_300_white.jpg","sourceName":"Wikimedia Commons","creator":"Michael Wahrlich","licenseName":"Creative Commons CC0 1.0 Universal Public Domain Dedication","licenseCode":"CC0","licenseUrl":"https://creativecommons.org/publicdomain/zero/1.0/","rightsStatus":"public_domain","attributionRequired":false,"shareAlikeRequired":false,"modificationAllowed":true,"commercialUseAllowed":true,"endorsementWarning":true,"creditLine":"Photo: Michael Wahrlich, CC0, via Wikimedia Commons","alt":"White Vespa GTS 300 scooter","caption":"Urban scooters have different seat issues: heat, stop-and-go riding, short trips and broad seat shape.","dominantColor":"#d9d5ce","aspectRatio":"4 / 3","objectPosition":"center","recommendedUsage":["card","section","motorcycle_profile"],"links":[{"entityType":"motorcycle_profile","entityKey":"vespa-gts-300","usage":"hero","priority":1}],"status":"active","notes":"Public-domain image; still avoid implying Vespa/Piaggio endorsement."}'::jsonb,
    now()
  )
  ON CONFLICT (key) DO UPDATE SET
    title = EXCLUDED.title,
    description = EXCLUDED.description,
    local_path = EXCLUDED.local_path,
    download_url = EXCLUDED.download_url,
    source_page_url = EXCLUDED.source_page_url,
    source_name = EXCLUDED.source_name,
    creator = EXCLUDED.creator,
    license_name = EXCLUDED.license_name,
    license_code = EXCLUDED.license_code,
    license_url = EXCLUDED.license_url,
    rights_status = EXCLUDED.rights_status,
    attribution_required = EXCLUDED.attribution_required,
    share_alike_required = EXCLUDED.share_alike_required,
    modification_allowed = EXCLUDED.modification_allowed,
    commercial_use_allowed = EXCLUDED.commercial_use_allowed,
    endorsement_warning = EXCLUDED.endorsement_warning,
    credit_line = EXCLUDED.credit_line,
    alt = EXCLUDED.alt,
    caption = EXCLUDED.caption,
    dominant_color = EXCLUDED.dominant_color,
    aspect_ratio = EXCLUDED.aspect_ratio,
    object_position = EXCLUDED.object_position,
    recommended_usage = EXCLUDED.recommended_usage,
    notes = EXCLUDED.notes,
    status = EXCLUDED.status,
    source_data = EXCLUDED.source_data,
    updated_at = now();
INSERT INTO content_media_links (
      media_key, entity_type, entity_key, usage, priority
    )
    VALUES (
      'vespa_gts_300_white_commons',
      'motorcycle_profile',
      'vespa-gts-300',
      'hero',
      1
    )
    ON CONFLICT (media_key, entity_type, entity_key, usage) DO UPDATE SET
      priority = EXCLUDED.priority;
INSERT INTO media_assets (
    key, title, description, local_path, download_url, source_page_url,
    source_name, creator, license_name, license_code, license_url, rights_status,
    attribution_required, share_alike_required, modification_allowed,
    commercial_use_allowed, endorsement_warning, credit_line, alt, caption,
    dominant_color, aspect_ratio, object_position, recommended_usage, notes, status,
    source_data, updated_at
  )
  VALUES (
    'cfmoto_800mt_project_illustration',
    'CFMOTO 800MT budget adventure illustration',
    'Project-owned illustration used when a clean static photo is not yet available.',
    '/assets/media/m28-cfmoto-800mt-illustration.svg',
    NULL,
    '/de/admin/assets/',
    'Moto Seat Lab',
    'Moto Seat Lab',
    'Project-owned illustration',
    'OWNED',
    '/de/admin/assets/',
    'project_owned',
    false,
    false,
    true,
    true,
    false,
    'Illustration: Moto Seat Lab',
    'Illustration of a budget adventure touring motorcycle',
    'Illustration-only fallback; the curated CFMOTO MT reference photo is preferred when available.',
    '#547062',
    '3 / 2',
    'center',
    '["card","section","motorcycle_profile"]'::jsonb,
    'Do not describe as an exact product photo.',
    'active',
    '{"key":"cfmoto_800mt_project_illustration","title":"CFMOTO 800MT budget adventure illustration","description":"Project-owned illustration used when a clean static photo is not yet available.","localPath":"/assets/media/m28-cfmoto-800mt-illustration.svg","downloadUrl":"","sourcePageUrl":"/de/admin/assets/","sourceName":"Moto Seat Lab","creator":"Moto Seat Lab","licenseName":"Project-owned illustration","licenseCode":"OWNED","licenseUrl":"/de/admin/assets/","rightsStatus":"project_owned","attributionRequired":false,"shareAlikeRequired":false,"modificationAllowed":true,"commercialUseAllowed":true,"endorsementWarning":false,"creditLine":"Illustration: Moto Seat Lab","alt":"Illustration of a budget adventure touring motorcycle","caption":"Illustration-only fallback; the curated CFMOTO MT reference photo is preferred when available.","dominantColor":"#547062","aspectRatio":"3 / 2","objectPosition":"center","recommendedUsage":["card","section","motorcycle_profile"],"links":[{"entityType":"motorcycle_profile","entityKey":"cfmoto-800mt","usage":"hero","priority":5}],"status":"active","notes":"Do not describe as an exact product photo."}'::jsonb,
    now()
  )
  ON CONFLICT (key) DO UPDATE SET
    title = EXCLUDED.title,
    description = EXCLUDED.description,
    local_path = EXCLUDED.local_path,
    download_url = EXCLUDED.download_url,
    source_page_url = EXCLUDED.source_page_url,
    source_name = EXCLUDED.source_name,
    creator = EXCLUDED.creator,
    license_name = EXCLUDED.license_name,
    license_code = EXCLUDED.license_code,
    license_url = EXCLUDED.license_url,
    rights_status = EXCLUDED.rights_status,
    attribution_required = EXCLUDED.attribution_required,
    share_alike_required = EXCLUDED.share_alike_required,
    modification_allowed = EXCLUDED.modification_allowed,
    commercial_use_allowed = EXCLUDED.commercial_use_allowed,
    endorsement_warning = EXCLUDED.endorsement_warning,
    credit_line = EXCLUDED.credit_line,
    alt = EXCLUDED.alt,
    caption = EXCLUDED.caption,
    dominant_color = EXCLUDED.dominant_color,
    aspect_ratio = EXCLUDED.aspect_ratio,
    object_position = EXCLUDED.object_position,
    recommended_usage = EXCLUDED.recommended_usage,
    notes = EXCLUDED.notes,
    status = EXCLUDED.status,
    source_data = EXCLUDED.source_data,
    updated_at = now();
INSERT INTO content_media_links (
      media_key, entity_type, entity_key, usage, priority
    )
    VALUES (
      'cfmoto_800mt_project_illustration',
      'motorcycle_profile',
      'cfmoto-800mt',
      'hero',
      5
    )
    ON CONFLICT (media_key, entity_type, entity_key, usage) DO UPDATE SET
      priority = EXCLUDED.priority;
INSERT INTO media_assets (
    key, title, description, local_path, download_url, source_page_url,
    source_name, creator, license_name, license_code, license_url, rights_status,
    attribution_required, share_alike_required, modification_allowed,
    commercial_use_allowed, endorsement_warning, credit_line, alt, caption,
    dominant_color, aspect_ratio, object_position, recommended_usage, notes, status,
    source_data, updated_at
  )
  VALUES (
    'foam_layer_cutaway_project',
    'Seat foam layer cutaway illustration',
    'Project-owned illustration for foam-layer and density explanation.',
    '/assets/media/m29-foam-layer-cutaway.svg',
    NULL,
    '/de/diy/#schaumstoffe',
    'Moto Seat Lab',
    'Moto Seat Lab',
    'Project-owned illustration',
    'OWNED',
    '/de/admin/assets/',
    'project_owned',
    false,
    false,
    true,
    true,
    false,
    'Illustration: Moto Seat Lab',
    'Cutaway illustration of layered motorcycle seat foam',
    'Support layer, comfort layer and cover should be planned separately.',
    '#6f8d7f',
    '3 / 2',
    'center',
    '["material","section","card"]'::jsonb,
    'Generic educational illustration, not a product image.',
    'active',
    '{"key":"foam_layer_cutaway_project","title":"Seat foam layer cutaway illustration","description":"Project-owned illustration for foam-layer and density explanation.","localPath":"/assets/media/m29-foam-layer-cutaway.svg","downloadUrl":"","sourcePageUrl":"/de/diy/#schaumstoffe","sourceName":"Moto Seat Lab","creator":"Moto Seat Lab","licenseName":"Project-owned illustration","licenseCode":"OWNED","licenseUrl":"/de/admin/assets/","rightsStatus":"project_owned","attributionRequired":false,"shareAlikeRequired":false,"modificationAllowed":true,"commercialUseAllowed":true,"endorsementWarning":false,"creditLine":"Illustration: Moto Seat Lab","alt":"Cutaway illustration of layered motorcycle seat foam","caption":"Support layer, comfort layer and cover should be planned separately.","dominantColor":"#6f8d7f","aspectRatio":"3 / 2","objectPosition":"center","recommendedUsage":["material","section","card"],"links":[{"entityType":"seat_material","entityKey":"3d_mesh_spacer_fabric","usage":"card","priority":1},{"entityType":"seat_material","entityKey":"gel_insert","usage":"card","priority":1},{"entityType":"seat_material","entityKey":"pu_comfort_foam","usage":"card","priority":1},{"entityType":"seat_material","entityKey":"memory_foam","usage":"card","priority":1},{"entityType":"seat_material","entityKey":"latex_foam_layer","usage":"card","priority":2},{"entityType":"seat_material","entityKey":"eva_closed_cell_foam","usage":"card","priority":2},{"entityType":"seat_material","entityKey":"rebond_foam","usage":"card","priority":2},{"entityType":"seat_material","entityKey":"memory_foam_thin_layer","usage":"card","priority":2},{"entityType":"seat_material","entityKey":"ventilation_spacer_fabric","usage":"card","priority":2},{"entityType":"seat_material","entityKey":"waterproof_membrane_layer","usage":"card","priority":2},{"entityType":"seat_material","entityKey":"seat_heating_pad","usage":"card","priority":2},{"entityType":"solution_path","entityKey":"diy","usage":"card","priority":1},{"entityType":"product_category","entityKey":"gel_pad","usage":"card","priority":1}],"status":"active","notes":"Generic educational illustration, not a product image."}'::jsonb,
    now()
  )
  ON CONFLICT (key) DO UPDATE SET
    title = EXCLUDED.title,
    description = EXCLUDED.description,
    local_path = EXCLUDED.local_path,
    download_url = EXCLUDED.download_url,
    source_page_url = EXCLUDED.source_page_url,
    source_name = EXCLUDED.source_name,
    creator = EXCLUDED.creator,
    license_name = EXCLUDED.license_name,
    license_code = EXCLUDED.license_code,
    license_url = EXCLUDED.license_url,
    rights_status = EXCLUDED.rights_status,
    attribution_required = EXCLUDED.attribution_required,
    share_alike_required = EXCLUDED.share_alike_required,
    modification_allowed = EXCLUDED.modification_allowed,
    commercial_use_allowed = EXCLUDED.commercial_use_allowed,
    endorsement_warning = EXCLUDED.endorsement_warning,
    credit_line = EXCLUDED.credit_line,
    alt = EXCLUDED.alt,
    caption = EXCLUDED.caption,
    dominant_color = EXCLUDED.dominant_color,
    aspect_ratio = EXCLUDED.aspect_ratio,
    object_position = EXCLUDED.object_position,
    recommended_usage = EXCLUDED.recommended_usage,
    notes = EXCLUDED.notes,
    status = EXCLUDED.status,
    source_data = EXCLUDED.source_data,
    updated_at = now();
INSERT INTO content_media_links (
      media_key, entity_type, entity_key, usage, priority
    )
    VALUES (
      'foam_layer_cutaway_project',
      'seat_material',
      '3d_mesh_spacer_fabric',
      'card',
      1
    )
    ON CONFLICT (media_key, entity_type, entity_key, usage) DO UPDATE SET
      priority = EXCLUDED.priority;
INSERT INTO content_media_links (
      media_key, entity_type, entity_key, usage, priority
    )
    VALUES (
      'foam_layer_cutaway_project',
      'seat_material',
      'gel_insert',
      'card',
      1
    )
    ON CONFLICT (media_key, entity_type, entity_key, usage) DO UPDATE SET
      priority = EXCLUDED.priority;
INSERT INTO content_media_links (
      media_key, entity_type, entity_key, usage, priority
    )
    VALUES (
      'foam_layer_cutaway_project',
      'seat_material',
      'pu_comfort_foam',
      'card',
      1
    )
    ON CONFLICT (media_key, entity_type, entity_key, usage) DO UPDATE SET
      priority = EXCLUDED.priority;
INSERT INTO content_media_links (
      media_key, entity_type, entity_key, usage, priority
    )
    VALUES (
      'foam_layer_cutaway_project',
      'seat_material',
      'memory_foam',
      'card',
      1
    )
    ON CONFLICT (media_key, entity_type, entity_key, usage) DO UPDATE SET
      priority = EXCLUDED.priority;
INSERT INTO content_media_links (
      media_key, entity_type, entity_key, usage, priority
    )
    VALUES (
      'foam_layer_cutaway_project',
      'seat_material',
      'latex_foam_layer',
      'card',
      2
    )
    ON CONFLICT (media_key, entity_type, entity_key, usage) DO UPDATE SET
      priority = EXCLUDED.priority;
INSERT INTO content_media_links (
      media_key, entity_type, entity_key, usage, priority
    )
    VALUES (
      'foam_layer_cutaway_project',
      'seat_material',
      'eva_closed_cell_foam',
      'card',
      2
    )
    ON CONFLICT (media_key, entity_type, entity_key, usage) DO UPDATE SET
      priority = EXCLUDED.priority;
INSERT INTO content_media_links (
      media_key, entity_type, entity_key, usage, priority
    )
    VALUES (
      'foam_layer_cutaway_project',
      'seat_material',
      'rebond_foam',
      'card',
      2
    )
    ON CONFLICT (media_key, entity_type, entity_key, usage) DO UPDATE SET
      priority = EXCLUDED.priority;
INSERT INTO content_media_links (
      media_key, entity_type, entity_key, usage, priority
    )
    VALUES (
      'foam_layer_cutaway_project',
      'seat_material',
      'memory_foam_thin_layer',
      'card',
      2
    )
    ON CONFLICT (media_key, entity_type, entity_key, usage) DO UPDATE SET
      priority = EXCLUDED.priority;
INSERT INTO content_media_links (
      media_key, entity_type, entity_key, usage, priority
    )
    VALUES (
      'foam_layer_cutaway_project',
      'seat_material',
      'ventilation_spacer_fabric',
      'card',
      2
    )
    ON CONFLICT (media_key, entity_type, entity_key, usage) DO UPDATE SET
      priority = EXCLUDED.priority;
INSERT INTO content_media_links (
      media_key, entity_type, entity_key, usage, priority
    )
    VALUES (
      'foam_layer_cutaway_project',
      'seat_material',
      'waterproof_membrane_layer',
      'card',
      2
    )
    ON CONFLICT (media_key, entity_type, entity_key, usage) DO UPDATE SET
      priority = EXCLUDED.priority;
INSERT INTO content_media_links (
      media_key, entity_type, entity_key, usage, priority
    )
    VALUES (
      'foam_layer_cutaway_project',
      'seat_material',
      'seat_heating_pad',
      'card',
      2
    )
    ON CONFLICT (media_key, entity_type, entity_key, usage) DO UPDATE SET
      priority = EXCLUDED.priority;
INSERT INTO content_media_links (
      media_key, entity_type, entity_key, usage, priority
    )
    VALUES (
      'foam_layer_cutaway_project',
      'solution_path',
      'diy',
      'card',
      1
    )
    ON CONFLICT (media_key, entity_type, entity_key, usage) DO UPDATE SET
      priority = EXCLUDED.priority;
INSERT INTO content_media_links (
      media_key, entity_type, entity_key, usage, priority
    )
    VALUES (
      'foam_layer_cutaway_project',
      'product_category',
      'gel_pad',
      'card',
      1
    )
    ON CONFLICT (media_key, entity_type, entity_key, usage) DO UPDATE SET
      priority = EXCLUDED.priority;
INSERT INTO media_assets (
    key, title, description, local_path, download_url, source_page_url,
    source_name, creator, license_name, license_code, license_url, rights_status,
    attribution_required, share_alike_required, modification_allowed,
    commercial_use_allowed, endorsement_warning, credit_line, alt, caption,
    dominant_color, aspect_ratio, object_position, recommended_usage, notes, status,
    source_data, updated_at
  )
  VALUES (
    'upholstery_tools_flatlay_project',
    'Upholstery tools flatlay illustration',
    'Project-owned illustration for workshop tools and supplies.',
    '/assets/media/m30-upholstery-tools-flatlay.svg',
    NULL,
    '/de/diy/#werkzeug',
    'Moto Seat Lab',
    'Moto Seat Lab',
    'Project-owned illustration',
    'OWNED',
    '/de/admin/assets/',
    'project_owned',
    false,
    false,
    true,
    true,
    false,
    'Illustration: Moto Seat Lab',
    'Illustration of staple gun, pliers, adhesive and upholstery supplies',
    'Tools should be chosen for the seat pan and cover material, not just for raw power.',
    '#e69245',
    '3 / 2',
    'center',
    '["tool","supply","section","card"]'::jsonb,
    'Generic educational illustration, not a product image.',
    'active',
    '{"key":"upholstery_tools_flatlay_project","title":"Upholstery tools flatlay illustration","description":"Project-owned illustration for workshop tools and supplies.","localPath":"/assets/media/m30-upholstery-tools-flatlay.svg","downloadUrl":"","sourcePageUrl":"/de/diy/#werkzeug","sourceName":"Moto Seat Lab","creator":"Moto Seat Lab","licenseName":"Project-owned illustration","licenseCode":"OWNED","licenseUrl":"/de/admin/assets/","rightsStatus":"project_owned","attributionRequired":false,"shareAlikeRequired":false,"modificationAllowed":true,"commercialUseAllowed":true,"endorsementWarning":false,"creditLine":"Illustration: Moto Seat Lab","alt":"Illustration of staple gun, pliers, adhesive and upholstery supplies","caption":"Tools should be chosen for the seat pan and cover material, not just for raw power.","dominantColor":"#e69245","aspectRatio":"3 / 2","objectPosition":"center","recommendedUsage":["tool","supply","section","card"],"links":[{"entityType":"workshop_tool","entityKey":"staple_remover","usage":"card","priority":1},{"entityType":"workshop_tool","entityKey":"electric_stapler","usage":"card","priority":1},{"entityType":"workshop_tool","entityKey":"foam_knife","usage":"card","priority":1},{"entityType":"workshop_tool","entityKey":"spray_adhesive","usage":"card","priority":1},{"entityType":"workshop_tool","entityKey":"measuring_tape_marker","usage":"card","priority":1},{"entityType":"workshop_tool","entityKey":"heat_gun","usage":"card","priority":2},{"entityType":"workshop_tool","entityKey":"contour_gauge","usage":"card","priority":2},{"entityType":"workshop_tool","entityKey":"digital_angle_finder","usage":"card","priority":2},{"entityType":"workshop_tool","entityKey":"foam_rasp_sanding_block","usage":"card","priority":2},{"entityType":"workshop_tool","entityKey":"industrial_walking_foot_machine","usage":"card","priority":2},{"entityType":"workshop_tool","entityKey":"hot_wire_foam_cutter","usage":"card","priority":2},{"entityType":"workshop_tool","entityKey":"hog_ring_pliers","usage":"card","priority":2},{"entityType":"workshop_tool","entityKey":"infrared_thermometer","usage":"card","priority":2},{"entityType":"workshop_supply","entityKey":"stainless_staples","usage":"card","priority":1},{"entityType":"workshop_supply","entityKey":"foam_safe_contact_adhesive","usage":"card","priority":1},{"entityType":"workshop_supply","entityKey":"waterproof_barrier_film","usage":"card","priority":1},{"entityType":"workshop_supply","entityKey":"vinyl_leather_cleaner","usage":"card","priority":1},{"entityType":"workshop_supply","entityKey":"seam_sealer","usage":"card","priority":1},{"entityType":"workshop_supply","entityKey":"isopropyl_cleaner","usage":"card","priority":2},{"entityType":"workshop_supply","entityKey":"upholstery_vinyl","usage":"card","priority":2},{"entityType":"workshop_supply","entityKey":"bonded_nylon_thread","usage":"card","priority":2},{"entityType":"workshop_supply","entityKey":"hook_loop_straps","usage":"card","priority":2},{"entityType":"workshop_supply","entityKey":"pattern_paper_transfer_film","usage":"card","priority":2},{"entityType":"workshop_supply","entityKey":"foam_sample_pack","usage":"card","priority":2},{"entityType":"workshop_supply","entityKey":"waterproof_seam_tape","usage":"card","priority":2},{"entityType":"workshop_supply","entityKey":"temporary_test_cover","usage":"card","priority":2}],"status":"active","notes":"Generic educational illustration, not a product image."}'::jsonb,
    now()
  )
  ON CONFLICT (key) DO UPDATE SET
    title = EXCLUDED.title,
    description = EXCLUDED.description,
    local_path = EXCLUDED.local_path,
    download_url = EXCLUDED.download_url,
    source_page_url = EXCLUDED.source_page_url,
    source_name = EXCLUDED.source_name,
    creator = EXCLUDED.creator,
    license_name = EXCLUDED.license_name,
    license_code = EXCLUDED.license_code,
    license_url = EXCLUDED.license_url,
    rights_status = EXCLUDED.rights_status,
    attribution_required = EXCLUDED.attribution_required,
    share_alike_required = EXCLUDED.share_alike_required,
    modification_allowed = EXCLUDED.modification_allowed,
    commercial_use_allowed = EXCLUDED.commercial_use_allowed,
    endorsement_warning = EXCLUDED.endorsement_warning,
    credit_line = EXCLUDED.credit_line,
    alt = EXCLUDED.alt,
    caption = EXCLUDED.caption,
    dominant_color = EXCLUDED.dominant_color,
    aspect_ratio = EXCLUDED.aspect_ratio,
    object_position = EXCLUDED.object_position,
    recommended_usage = EXCLUDED.recommended_usage,
    notes = EXCLUDED.notes,
    status = EXCLUDED.status,
    source_data = EXCLUDED.source_data,
    updated_at = now();
INSERT INTO content_media_links (
      media_key, entity_type, entity_key, usage, priority
    )
    VALUES (
      'upholstery_tools_flatlay_project',
      'workshop_tool',
      'staple_remover',
      'card',
      1
    )
    ON CONFLICT (media_key, entity_type, entity_key, usage) DO UPDATE SET
      priority = EXCLUDED.priority;
INSERT INTO content_media_links (
      media_key, entity_type, entity_key, usage, priority
    )
    VALUES (
      'upholstery_tools_flatlay_project',
      'workshop_tool',
      'electric_stapler',
      'card',
      1
    )
    ON CONFLICT (media_key, entity_type, entity_key, usage) DO UPDATE SET
      priority = EXCLUDED.priority;
INSERT INTO content_media_links (
      media_key, entity_type, entity_key, usage, priority
    )
    VALUES (
      'upholstery_tools_flatlay_project',
      'workshop_tool',
      'foam_knife',
      'card',
      1
    )
    ON CONFLICT (media_key, entity_type, entity_key, usage) DO UPDATE SET
      priority = EXCLUDED.priority;
INSERT INTO content_media_links (
      media_key, entity_type, entity_key, usage, priority
    )
    VALUES (
      'upholstery_tools_flatlay_project',
      'workshop_tool',
      'spray_adhesive',
      'card',
      1
    )
    ON CONFLICT (media_key, entity_type, entity_key, usage) DO UPDATE SET
      priority = EXCLUDED.priority;
INSERT INTO content_media_links (
      media_key, entity_type, entity_key, usage, priority
    )
    VALUES (
      'upholstery_tools_flatlay_project',
      'workshop_tool',
      'measuring_tape_marker',
      'card',
      1
    )
    ON CONFLICT (media_key, entity_type, entity_key, usage) DO UPDATE SET
      priority = EXCLUDED.priority;
INSERT INTO content_media_links (
      media_key, entity_type, entity_key, usage, priority
    )
    VALUES (
      'upholstery_tools_flatlay_project',
      'workshop_tool',
      'heat_gun',
      'card',
      2
    )
    ON CONFLICT (media_key, entity_type, entity_key, usage) DO UPDATE SET
      priority = EXCLUDED.priority;
INSERT INTO content_media_links (
      media_key, entity_type, entity_key, usage, priority
    )
    VALUES (
      'upholstery_tools_flatlay_project',
      'workshop_tool',
      'contour_gauge',
      'card',
      2
    )
    ON CONFLICT (media_key, entity_type, entity_key, usage) DO UPDATE SET
      priority = EXCLUDED.priority;
INSERT INTO content_media_links (
      media_key, entity_type, entity_key, usage, priority
    )
    VALUES (
      'upholstery_tools_flatlay_project',
      'workshop_tool',
      'digital_angle_finder',
      'card',
      2
    )
    ON CONFLICT (media_key, entity_type, entity_key, usage) DO UPDATE SET
      priority = EXCLUDED.priority;
INSERT INTO content_media_links (
      media_key, entity_type, entity_key, usage, priority
    )
    VALUES (
      'upholstery_tools_flatlay_project',
      'workshop_tool',
      'foam_rasp_sanding_block',
      'card',
      2
    )
    ON CONFLICT (media_key, entity_type, entity_key, usage) DO UPDATE SET
      priority = EXCLUDED.priority;
INSERT INTO content_media_links (
      media_key, entity_type, entity_key, usage, priority
    )
    VALUES (
      'upholstery_tools_flatlay_project',
      'workshop_tool',
      'industrial_walking_foot_machine',
      'card',
      2
    )
    ON CONFLICT (media_key, entity_type, entity_key, usage) DO UPDATE SET
      priority = EXCLUDED.priority;
INSERT INTO content_media_links (
      media_key, entity_type, entity_key, usage, priority
    )
    VALUES (
      'upholstery_tools_flatlay_project',
      'workshop_tool',
      'hot_wire_foam_cutter',
      'card',
      2
    )
    ON CONFLICT (media_key, entity_type, entity_key, usage) DO UPDATE SET
      priority = EXCLUDED.priority;
INSERT INTO content_media_links (
      media_key, entity_type, entity_key, usage, priority
    )
    VALUES (
      'upholstery_tools_flatlay_project',
      'workshop_tool',
      'hog_ring_pliers',
      'card',
      2
    )
    ON CONFLICT (media_key, entity_type, entity_key, usage) DO UPDATE SET
      priority = EXCLUDED.priority;
INSERT INTO content_media_links (
      media_key, entity_type, entity_key, usage, priority
    )
    VALUES (
      'upholstery_tools_flatlay_project',
      'workshop_tool',
      'infrared_thermometer',
      'card',
      2
    )
    ON CONFLICT (media_key, entity_type, entity_key, usage) DO UPDATE SET
      priority = EXCLUDED.priority;
INSERT INTO content_media_links (
      media_key, entity_type, entity_key, usage, priority
    )
    VALUES (
      'upholstery_tools_flatlay_project',
      'workshop_supply',
      'stainless_staples',
      'card',
      1
    )
    ON CONFLICT (media_key, entity_type, entity_key, usage) DO UPDATE SET
      priority = EXCLUDED.priority;
INSERT INTO content_media_links (
      media_key, entity_type, entity_key, usage, priority
    )
    VALUES (
      'upholstery_tools_flatlay_project',
      'workshop_supply',
      'foam_safe_contact_adhesive',
      'card',
      1
    )
    ON CONFLICT (media_key, entity_type, entity_key, usage) DO UPDATE SET
      priority = EXCLUDED.priority;
INSERT INTO content_media_links (
      media_key, entity_type, entity_key, usage, priority
    )
    VALUES (
      'upholstery_tools_flatlay_project',
      'workshop_supply',
      'waterproof_barrier_film',
      'card',
      1
    )
    ON CONFLICT (media_key, entity_type, entity_key, usage) DO UPDATE SET
      priority = EXCLUDED.priority;
INSERT INTO content_media_links (
      media_key, entity_type, entity_key, usage, priority
    )
    VALUES (
      'upholstery_tools_flatlay_project',
      'workshop_supply',
      'vinyl_leather_cleaner',
      'card',
      1
    )
    ON CONFLICT (media_key, entity_type, entity_key, usage) DO UPDATE SET
      priority = EXCLUDED.priority;
INSERT INTO content_media_links (
      media_key, entity_type, entity_key, usage, priority
    )
    VALUES (
      'upholstery_tools_flatlay_project',
      'workshop_supply',
      'seam_sealer',
      'card',
      1
    )
    ON CONFLICT (media_key, entity_type, entity_key, usage) DO UPDATE SET
      priority = EXCLUDED.priority;
INSERT INTO content_media_links (
      media_key, entity_type, entity_key, usage, priority
    )
    VALUES (
      'upholstery_tools_flatlay_project',
      'workshop_supply',
      'isopropyl_cleaner',
      'card',
      2
    )
    ON CONFLICT (media_key, entity_type, entity_key, usage) DO UPDATE SET
      priority = EXCLUDED.priority;
INSERT INTO content_media_links (
      media_key, entity_type, entity_key, usage, priority
    )
    VALUES (
      'upholstery_tools_flatlay_project',
      'workshop_supply',
      'upholstery_vinyl',
      'card',
      2
    )
    ON CONFLICT (media_key, entity_type, entity_key, usage) DO UPDATE SET
      priority = EXCLUDED.priority;
INSERT INTO content_media_links (
      media_key, entity_type, entity_key, usage, priority
    )
    VALUES (
      'upholstery_tools_flatlay_project',
      'workshop_supply',
      'bonded_nylon_thread',
      'card',
      2
    )
    ON CONFLICT (media_key, entity_type, entity_key, usage) DO UPDATE SET
      priority = EXCLUDED.priority;
INSERT INTO content_media_links (
      media_key, entity_type, entity_key, usage, priority
    )
    VALUES (
      'upholstery_tools_flatlay_project',
      'workshop_supply',
      'hook_loop_straps',
      'card',
      2
    )
    ON CONFLICT (media_key, entity_type, entity_key, usage) DO UPDATE SET
      priority = EXCLUDED.priority;
INSERT INTO content_media_links (
      media_key, entity_type, entity_key, usage, priority
    )
    VALUES (
      'upholstery_tools_flatlay_project',
      'workshop_supply',
      'pattern_paper_transfer_film',
      'card',
      2
    )
    ON CONFLICT (media_key, entity_type, entity_key, usage) DO UPDATE SET
      priority = EXCLUDED.priority;
INSERT INTO content_media_links (
      media_key, entity_type, entity_key, usage, priority
    )
    VALUES (
      'upholstery_tools_flatlay_project',
      'workshop_supply',
      'foam_sample_pack',
      'card',
      2
    )
    ON CONFLICT (media_key, entity_type, entity_key, usage) DO UPDATE SET
      priority = EXCLUDED.priority;
INSERT INTO content_media_links (
      media_key, entity_type, entity_key, usage, priority
    )
    VALUES (
      'upholstery_tools_flatlay_project',
      'workshop_supply',
      'waterproof_seam_tape',
      'card',
      2
    )
    ON CONFLICT (media_key, entity_type, entity_key, usage) DO UPDATE SET
      priority = EXCLUDED.priority;
INSERT INTO content_media_links (
      media_key, entity_type, entity_key, usage, priority
    )
    VALUES (
      'upholstery_tools_flatlay_project',
      'workshop_supply',
      'temporary_test_cover',
      'card',
      2
    )
    ON CONFLICT (media_key, entity_type, entity_key, usage) DO UPDATE SET
      priority = EXCLUDED.priority;
INSERT INTO media_assets (
    key, title, description, local_path, download_url, source_page_url,
    source_name, creator, license_name, license_code, license_url, rights_status,
    attribution_required, share_alike_required, modification_allowed,
    commercial_use_allowed, endorsement_warning, credit_line, alt, caption,
    dominant_color, aspect_ratio, object_position, recommended_usage, notes, status,
    source_data, updated_at
  )
  VALUES (
    'cruiser_bagger_project_illustration',
    'Cruiser bagger seat-comfort illustration',
    'Project-owned illustration for Harley-Davidson Street Glide style cruiser and bagger seat research.',
    '/assets/media/m31-cruiser-bagger-illustration.svg',
    NULL,
    '/de/admin/assets/',
    'Moto Seat Lab',
    'Moto Seat Lab',
    'Project-owned illustration',
    'OWNED',
    '/de/admin/assets/',
    'project_owned',
    false,
    false,
    true,
    true,
    false,
    'Illustration: Moto Seat Lab',
    'Illustration of a cruiser bagger motorcycle',
    'Illustration only: cruiser seats need width, back support and highway comfort checks.',
    '#2f3438',
    '3 / 2',
    'center',
    '["card","section","motorcycle_profile"]'::jsonb,
    'Use as a safe stand-in until the Commons Harley photo can be downloaded and reviewed.',
    'active',
    '{"key":"cruiser_bagger_project_illustration","title":"Cruiser bagger seat-comfort illustration","description":"Project-owned illustration for Harley-Davidson Street Glide style cruiser and bagger seat research.","localPath":"/assets/media/m31-cruiser-bagger-illustration.svg","downloadUrl":"","sourcePageUrl":"/de/admin/assets/","sourceName":"Moto Seat Lab","creator":"Moto Seat Lab","licenseName":"Project-owned illustration","licenseCode":"OWNED","licenseUrl":"/de/admin/assets/","rightsStatus":"project_owned","attributionRequired":false,"shareAlikeRequired":false,"modificationAllowed":true,"commercialUseAllowed":true,"endorsementWarning":false,"creditLine":"Illustration: Moto Seat Lab","alt":"Illustration of a cruiser bagger motorcycle","caption":"Illustration only: cruiser seats need width, back support and highway comfort checks.","dominantColor":"#2f3438","aspectRatio":"3 / 2","objectPosition":"center","recommendedUsage":["card","section","motorcycle_profile"],"links":[{"entityType":"motorcycle_profile","entityKey":"harley-davidson-street-glide","usage":"hero","priority":1}],"status":"active","notes":"Use as a safe stand-in until the Commons Harley photo can be downloaded and reviewed."}'::jsonb,
    now()
  )
  ON CONFLICT (key) DO UPDATE SET
    title = EXCLUDED.title,
    description = EXCLUDED.description,
    local_path = EXCLUDED.local_path,
    download_url = EXCLUDED.download_url,
    source_page_url = EXCLUDED.source_page_url,
    source_name = EXCLUDED.source_name,
    creator = EXCLUDED.creator,
    license_name = EXCLUDED.license_name,
    license_code = EXCLUDED.license_code,
    license_url = EXCLUDED.license_url,
    rights_status = EXCLUDED.rights_status,
    attribution_required = EXCLUDED.attribution_required,
    share_alike_required = EXCLUDED.share_alike_required,
    modification_allowed = EXCLUDED.modification_allowed,
    commercial_use_allowed = EXCLUDED.commercial_use_allowed,
    endorsement_warning = EXCLUDED.endorsement_warning,
    credit_line = EXCLUDED.credit_line,
    alt = EXCLUDED.alt,
    caption = EXCLUDED.caption,
    dominant_color = EXCLUDED.dominant_color,
    aspect_ratio = EXCLUDED.aspect_ratio,
    object_position = EXCLUDED.object_position,
    recommended_usage = EXCLUDED.recommended_usage,
    notes = EXCLUDED.notes,
    status = EXCLUDED.status,
    source_data = EXCLUDED.source_data,
    updated_at = now();
INSERT INTO content_media_links (
      media_key, entity_type, entity_key, usage, priority
    )
    VALUES (
      'cruiser_bagger_project_illustration',
      'motorcycle_profile',
      'harley-davidson-street-glide',
      'hero',
      1
    )
    ON CONFLICT (media_key, entity_type, entity_key, usage) DO UPDATE SET
      priority = EXCLUDED.priority;
INSERT INTO media_assets (
    key, title, description, local_path, download_url, source_page_url,
    source_name, creator, license_name, license_code, license_url, rights_status,
    attribution_required, share_alike_required, modification_allowed,
    commercial_use_allowed, endorsement_warning, credit_line, alt, caption,
    dominant_color, aspect_ratio, object_position, recommended_usage, notes, status,
    source_data, updated_at
  )
  VALUES (
    'cfmoto_700mt_commons_reference',
    'CFMOTO 700MT reference photo',
    'Licensed CFMOTO MT-series reference photo used as a closer visual stand-in for the CFMOTO 800MT guide until an exact 800MT asset is curated.',
    '/assets/media/m32-cfmoto-700mt-reference.jpg',
    'https://commons.wikimedia.org/wiki/Special:Redirect/file/CFMOTO_700_MT_2024.jpg',
    'https://commons.wikimedia.org/wiki/File:CFMOTO_700_MT_2024.jpg',
    'Wikimedia Commons',
    'Ingeworld',
    'Creative Commons Attribution-ShareAlike 4.0 International',
    'CC BY-SA 4.0',
    'https://creativecommons.org/licenses/by-sa/4.0/',
    'usable_with_attribution_sharealike',
    true,
    true,
    true,
    true,
    true,
    'Photo: Ingeworld, CC BY-SA 4.0, via Wikimedia Commons',
    'CFMOTO 700MT motorcycle reference photo',
    'Closest licensed CFMOTO MT-series reference currently curated; not an exact 800MT product photo.',
    '#4f675f',
    '4 / 5',
    'center',
    '["card","section","motorcycle_profile"]'::jsonb,
    'Use as a transparent related-model visual only. Do not claim it is an exact 800MT photo.',
    'active',
    '{"key":"cfmoto_700mt_commons_reference","title":"CFMOTO 700MT reference photo","description":"Licensed CFMOTO MT-series reference photo used as a closer visual stand-in for the CFMOTO 800MT guide until an exact 800MT asset is curated.","localPath":"/assets/media/m32-cfmoto-700mt-reference.jpg","downloadUrl":"https://commons.wikimedia.org/wiki/Special:Redirect/file/CFMOTO_700_MT_2024.jpg","sourcePageUrl":"https://commons.wikimedia.org/wiki/File:CFMOTO_700_MT_2024.jpg","sourceName":"Wikimedia Commons","creator":"Ingeworld","licenseName":"Creative Commons Attribution-ShareAlike 4.0 International","licenseCode":"CC BY-SA 4.0","licenseUrl":"https://creativecommons.org/licenses/by-sa/4.0/","rightsStatus":"usable_with_attribution_sharealike","attributionRequired":true,"shareAlikeRequired":true,"modificationAllowed":true,"commercialUseAllowed":true,"endorsementWarning":true,"creditLine":"Photo: Ingeworld, CC BY-SA 4.0, via Wikimedia Commons","alt":"CFMOTO 700MT motorcycle reference photo","caption":"Closest licensed CFMOTO MT-series reference currently curated; not an exact 800MT product photo.","dominantColor":"#4f675f","aspectRatio":"4 / 5","objectPosition":"center","recommendedUsage":["card","section","motorcycle_profile"],"links":[{"entityType":"motorcycle_profile","entityKey":"cfmoto-800mt","usage":"hero","priority":0},{"entityType":"motorcycle_profile","entityKey":"cfmoto-800mt","usage":"card","priority":0}],"status":"active","notes":"Use as a transparent related-model visual only. Do not claim it is an exact 800MT photo."}'::jsonb,
    now()
  )
  ON CONFLICT (key) DO UPDATE SET
    title = EXCLUDED.title,
    description = EXCLUDED.description,
    local_path = EXCLUDED.local_path,
    download_url = EXCLUDED.download_url,
    source_page_url = EXCLUDED.source_page_url,
    source_name = EXCLUDED.source_name,
    creator = EXCLUDED.creator,
    license_name = EXCLUDED.license_name,
    license_code = EXCLUDED.license_code,
    license_url = EXCLUDED.license_url,
    rights_status = EXCLUDED.rights_status,
    attribution_required = EXCLUDED.attribution_required,
    share_alike_required = EXCLUDED.share_alike_required,
    modification_allowed = EXCLUDED.modification_allowed,
    commercial_use_allowed = EXCLUDED.commercial_use_allowed,
    endorsement_warning = EXCLUDED.endorsement_warning,
    credit_line = EXCLUDED.credit_line,
    alt = EXCLUDED.alt,
    caption = EXCLUDED.caption,
    dominant_color = EXCLUDED.dominant_color,
    aspect_ratio = EXCLUDED.aspect_ratio,
    object_position = EXCLUDED.object_position,
    recommended_usage = EXCLUDED.recommended_usage,
    notes = EXCLUDED.notes,
    status = EXCLUDED.status,
    source_data = EXCLUDED.source_data,
    updated_at = now();
INSERT INTO content_media_links (
      media_key, entity_type, entity_key, usage, priority
    )
    VALUES (
      'cfmoto_700mt_commons_reference',
      'motorcycle_profile',
      'cfmoto-800mt',
      'hero',
      0
    )
    ON CONFLICT (media_key, entity_type, entity_key, usage) DO UPDATE SET
      priority = EXCLUDED.priority;
INSERT INTO content_media_links (
      media_key, entity_type, entity_key, usage, priority
    )
    VALUES (
      'cfmoto_700mt_commons_reference',
      'motorcycle_profile',
      'cfmoto-800mt',
      'card',
      0
    )
    ON CONFLICT (media_key, entity_type, entity_key, usage) DO UPDATE SET
      priority = EXCLUDED.priority;
INSERT INTO media_assets (
    key, title, description, local_path, download_url, source_page_url,
    source_name, creator, license_name, license_code, license_url, rights_status,
    attribution_required, share_alike_required, modification_allowed,
    commercial_use_allowed, endorsement_warning, credit_line, alt, caption,
    dominant_color, aspect_ratio, object_position, recommended_usage, notes, status,
    source_data, updated_at
  )
  VALUES (
    'polyurethane_seat_foam_commons',
    'Molded polyurethane seat foam',
    'Real polyurethane seat foam photo for explaining seat foam structure and material behavior.',
    '/assets/media/m33-polyurethane-seat-foam.jpg',
    'https://commons.wikimedia.org/wiki/Special:Redirect/file/Foam_seat_back.JPG',
    'https://commons.wikimedia.org/wiki/File:Foam_seat_back.JPG',
    'Wikimedia Commons',
    'Silverchemist',
    'Creative Commons Attribution-ShareAlike 3.0 Unported',
    'CC BY-SA 3.0',
    'https://creativecommons.org/licenses/by-sa/3.0/',
    'usable_with_attribution_sharealike',
    true,
    true,
    true,
    true,
    false,
    'Photo: Silverchemist, CC BY-SA 3.0, via Wikimedia Commons',
    'Molded polyurethane seat foam after removal from mold',
    'Real molded polyurethane seat foam: useful for explaining support, density and shaping limits.',
    '#d1c09e',
    '4 / 3',
    'center',
    '["material","foam","diy"]'::jsonb,
    'Automotive seat foam photo, not motorcycle-specific; use as material reference only.',
    'active',
    '{"key":"polyurethane_seat_foam_commons","title":"Molded polyurethane seat foam","description":"Real polyurethane seat foam photo for explaining seat foam structure and material behavior.","localPath":"/assets/media/m33-polyurethane-seat-foam.jpg","downloadUrl":"https://commons.wikimedia.org/wiki/Special:Redirect/file/Foam_seat_back.JPG","sourcePageUrl":"https://commons.wikimedia.org/wiki/File:Foam_seat_back.JPG","sourceName":"Wikimedia Commons","creator":"Silverchemist","licenseName":"Creative Commons Attribution-ShareAlike 3.0 Unported","licenseCode":"CC BY-SA 3.0","licenseUrl":"https://creativecommons.org/licenses/by-sa/3.0/","rightsStatus":"usable_with_attribution_sharealike","attributionRequired":true,"shareAlikeRequired":true,"modificationAllowed":true,"commercialUseAllowed":true,"endorsementWarning":false,"creditLine":"Photo: Silverchemist, CC BY-SA 3.0, via Wikimedia Commons","alt":"Molded polyurethane seat foam after removal from mold","caption":"Real molded polyurethane seat foam: useful for explaining support, density and shaping limits.","dominantColor":"#d1c09e","aspectRatio":"4 / 3","objectPosition":"center","recommendedUsage":["material","foam","diy"],"links":[{"entityType":"seat_material","entityKey":"pu_comfort_foam","usage":"card","priority":0},{"entityType":"seat_material","entityKey":"memory_foam","usage":"card","priority":1},{"entityType":"seat_material","entityKey":"latex_foam_layer","usage":"card","priority":1},{"entityType":"seat_material","entityKey":"eva_closed_cell_foam","usage":"card","priority":1},{"entityType":"seat_material","entityKey":"rebond_foam","usage":"card","priority":1},{"entityType":"seat_material","entityKey":"memory_foam_thin_layer","usage":"card","priority":1},{"entityType":"page_section","entityKey":"home_foam_materials","usage":"card","priority":1}],"status":"active","notes":"Automotive seat foam photo, not motorcycle-specific; use as material reference only."}'::jsonb,
    now()
  )
  ON CONFLICT (key) DO UPDATE SET
    title = EXCLUDED.title,
    description = EXCLUDED.description,
    local_path = EXCLUDED.local_path,
    download_url = EXCLUDED.download_url,
    source_page_url = EXCLUDED.source_page_url,
    source_name = EXCLUDED.source_name,
    creator = EXCLUDED.creator,
    license_name = EXCLUDED.license_name,
    license_code = EXCLUDED.license_code,
    license_url = EXCLUDED.license_url,
    rights_status = EXCLUDED.rights_status,
    attribution_required = EXCLUDED.attribution_required,
    share_alike_required = EXCLUDED.share_alike_required,
    modification_allowed = EXCLUDED.modification_allowed,
    commercial_use_allowed = EXCLUDED.commercial_use_allowed,
    endorsement_warning = EXCLUDED.endorsement_warning,
    credit_line = EXCLUDED.credit_line,
    alt = EXCLUDED.alt,
    caption = EXCLUDED.caption,
    dominant_color = EXCLUDED.dominant_color,
    aspect_ratio = EXCLUDED.aspect_ratio,
    object_position = EXCLUDED.object_position,
    recommended_usage = EXCLUDED.recommended_usage,
    notes = EXCLUDED.notes,
    status = EXCLUDED.status,
    source_data = EXCLUDED.source_data,
    updated_at = now();
INSERT INTO content_media_links (
      media_key, entity_type, entity_key, usage, priority
    )
    VALUES (
      'polyurethane_seat_foam_commons',
      'seat_material',
      'pu_comfort_foam',
      'card',
      0
    )
    ON CONFLICT (media_key, entity_type, entity_key, usage) DO UPDATE SET
      priority = EXCLUDED.priority;
INSERT INTO content_media_links (
      media_key, entity_type, entity_key, usage, priority
    )
    VALUES (
      'polyurethane_seat_foam_commons',
      'seat_material',
      'memory_foam',
      'card',
      1
    )
    ON CONFLICT (media_key, entity_type, entity_key, usage) DO UPDATE SET
      priority = EXCLUDED.priority;
INSERT INTO content_media_links (
      media_key, entity_type, entity_key, usage, priority
    )
    VALUES (
      'polyurethane_seat_foam_commons',
      'seat_material',
      'latex_foam_layer',
      'card',
      1
    )
    ON CONFLICT (media_key, entity_type, entity_key, usage) DO UPDATE SET
      priority = EXCLUDED.priority;
INSERT INTO content_media_links (
      media_key, entity_type, entity_key, usage, priority
    )
    VALUES (
      'polyurethane_seat_foam_commons',
      'seat_material',
      'eva_closed_cell_foam',
      'card',
      1
    )
    ON CONFLICT (media_key, entity_type, entity_key, usage) DO UPDATE SET
      priority = EXCLUDED.priority;
INSERT INTO content_media_links (
      media_key, entity_type, entity_key, usage, priority
    )
    VALUES (
      'polyurethane_seat_foam_commons',
      'seat_material',
      'rebond_foam',
      'card',
      1
    )
    ON CONFLICT (media_key, entity_type, entity_key, usage) DO UPDATE SET
      priority = EXCLUDED.priority;
INSERT INTO content_media_links (
      media_key, entity_type, entity_key, usage, priority
    )
    VALUES (
      'polyurethane_seat_foam_commons',
      'seat_material',
      'memory_foam_thin_layer',
      'card',
      1
    )
    ON CONFLICT (media_key, entity_type, entity_key, usage) DO UPDATE SET
      priority = EXCLUDED.priority;
INSERT INTO content_media_links (
      media_key, entity_type, entity_key, usage, priority
    )
    VALUES (
      'polyurethane_seat_foam_commons',
      'page_section',
      'home_foam_materials',
      'card',
      1
    )
    ON CONFLICT (media_key, entity_type, entity_key, usage) DO UPDATE SET
      priority = EXCLUDED.priority;
DELETE FROM content_video_links;
DELETE FROM video_resources;
INSERT INTO video_resources (
    key, status, topic, provider, provider_video_id, provider_url, embed_url,
    source_page_url, title, channel_name, language_code, duration, thumbnail_url,
    fetched_description, editor_summary, what_to_look_for, fit_for, risk_notes,
    embed_policy, source_data, updated_at
  )
  VALUES (
    'xsr900-seat-foam-rework',
    'embed_candidate',
    'Schaum anpassen',
    'youtube',
    'Qkme6kFktPA',
    'https://www.youtube.com/watch?v=Qkme6kFktPA',
    'https://www.youtube-nocookie.com/embed/Qkme6kFktPA?rel=0&modestbranding=1&playsinline=1',
    'https://xsr900.de/forum/thread/109-sitzbank-umbau-xsr-900-sitzfl%C3%A4che-mit-mehr-komfort-ergonomie-optimieren/',
    'Sitzbank-Umbau: Schaumstoff und Ergonomie',
    'YouTube, zitiert im Yamaha-XSR900-Forum',
    'de',
    NULL,
    'https://i.ytimg.com/vi/Qkme6kFktPA/hqdefault.jpg',
    'Das Yamaha-XSR900-Forum verlinkt dieses Video als Einstieg in Sitzbank-Umbau, Schaumstoffauswahl und Ergonomieverbesserung ohne Gel.',
    'Relevanter deutscher DIY-Kandidat für Schaumstoff, Sitzmulde und ergonomisches Anpassen. Vor finaler Empfehlung muss die Einbettung noch manuell geprüft werden.',
    '["Wie die Sitzfläche weicher und ergonomischer geformt wird","Welche Rolle Schaumstoffdichte, Stauchhärte und Probesitzen spielen","Warum mehrere kleine Anpassungen sicherer sind als ein radikaler Schnitt"]'::jsonb,
    '["fortgeschrittene DIY","Sattler-Briefing","Formaufbau"]'::jsonb,
    'Als Forumskandidat markiert. Erst an Reststücken oder einer gebrauchten Zweitsitzbank üben.',
    'YouTube-ID aus Forumskontext übernommen; wird über youtube-nocookie.com eingebettet und bleibt bis zur manuellen Sichtprüfung als Kandidat markiert.',
    '{"key":"xsr900-seat-foam-rework","status":"embed_candidate","topic":"Schaum anpassen","youtubeVideoId":"Qkme6kFktPA","youtubeUrl":"https://www.youtube.com/watch?v=Qkme6kFktPA","sourcePageUrl":"https://xsr900.de/forum/thread/109-sitzbank-umbau-xsr-900-sitzfl%C3%A4che-mit-mehr-komfort-ergonomie-optimieren/","title":"Sitzbank-Umbau: Schaumstoff und Ergonomie","channelName":"YouTube, zitiert im Yamaha-XSR900-Forum","language":"de","duration":"","thumbnailUrl":"https://i.ytimg.com/vi/Qkme6kFktPA/hqdefault.jpg","fetchedDescription":"Das Yamaha-XSR900-Forum verlinkt dieses Video als Einstieg in Sitzbank-Umbau, Schaumstoffauswahl und Ergonomieverbesserung ohne Gel.","editorSummary":"Relevanter deutscher DIY-Kandidat für Schaumstoff, Sitzmulde und ergonomisches Anpassen. Vor finaler Empfehlung muss die Einbettung noch manuell geprüft werden.","whatToLookFor":["Wie die Sitzfläche weicher und ergonomischer geformt wird","Welche Rolle Schaumstoffdichte, Stauchhärte und Probesitzen spielen","Warum mehrere kleine Anpassungen sicherer sind als ein radikaler Schnitt"],"fitFor":["fortgeschrittene DIY","Sattler-Briefing","Formaufbau"],"riskNotes":"Als Forumskandidat markiert. Erst an Reststücken oder einer gebrauchten Zweitsitzbank üben.","embedPolicy":"YouTube-ID aus Forumskontext übernommen; wird über youtube-nocookie.com eingebettet und bleibt bis zur manuellen Sichtprüfung als Kandidat markiert.","links":[{"entityType":"page_section","entityKey":"de-diy-videos","usage":"learning","priority":1},{"entityType":"page_section","entityKey":"de-diy-schaumstoffe","usage":"learning","priority":1},{"entityType":"workshop_tool","entityKey":"foam_rasp_sanding_block","usage":"related","priority":2},{"entityType":"workshop_tool","entityKey":"hot_wire_foam_cutter","usage":"related","priority":3}]}'::jsonb,
    now()
  )
  ON CONFLICT (key) DO UPDATE SET
    status = EXCLUDED.status,
    topic = EXCLUDED.topic,
    provider = EXCLUDED.provider,
    provider_video_id = EXCLUDED.provider_video_id,
    provider_url = EXCLUDED.provider_url,
    embed_url = EXCLUDED.embed_url,
    source_page_url = EXCLUDED.source_page_url,
    title = EXCLUDED.title,
    channel_name = EXCLUDED.channel_name,
    language_code = EXCLUDED.language_code,
    duration = EXCLUDED.duration,
    thumbnail_url = EXCLUDED.thumbnail_url,
    fetched_description = EXCLUDED.fetched_description,
    editor_summary = EXCLUDED.editor_summary,
    what_to_look_for = EXCLUDED.what_to_look_for,
    fit_for = EXCLUDED.fit_for,
    risk_notes = EXCLUDED.risk_notes,
    embed_policy = EXCLUDED.embed_policy,
    source_data = EXCLUDED.source_data,
    updated_at = now();
INSERT INTO content_video_links (
      video_key, entity_type, entity_key, usage, priority, notes
    )
    VALUES (
      'xsr900-seat-foam-rework',
      'page_section',
      'de-diy-videos',
      'learning',
      1,
      NULL
    )
    ON CONFLICT (video_key, entity_type, entity_key, usage) DO UPDATE SET
      priority = EXCLUDED.priority,
      notes = EXCLUDED.notes;
INSERT INTO content_video_links (
      video_key, entity_type, entity_key, usage, priority, notes
    )
    VALUES (
      'xsr900-seat-foam-rework',
      'page_section',
      'de-diy-schaumstoffe',
      'learning',
      1,
      NULL
    )
    ON CONFLICT (video_key, entity_type, entity_key, usage) DO UPDATE SET
      priority = EXCLUDED.priority,
      notes = EXCLUDED.notes;
INSERT INTO content_video_links (
      video_key, entity_type, entity_key, usage, priority, notes
    )
    VALUES (
      'xsr900-seat-foam-rework',
      'workshop_tool',
      'foam_rasp_sanding_block',
      'related',
      2,
      NULL
    )
    ON CONFLICT (video_key, entity_type, entity_key, usage) DO UPDATE SET
      priority = EXCLUDED.priority,
      notes = EXCLUDED.notes;
INSERT INTO content_video_links (
      video_key, entity_type, entity_key, usage, priority, notes
    )
    VALUES (
      'xsr900-seat-foam-rework',
      'workshop_tool',
      'hot_wire_foam_cutter',
      'related',
      3,
      NULL
    )
    ON CONFLICT (video_key, entity_type, entity_key, usage) DO UPDATE SET
      priority = EXCLUDED.priority,
      notes = EXCLUDED.notes;
INSERT INTO video_resources (
    key, status, topic, provider, provider_video_id, provider_url, embed_url,
    source_page_url, title, channel_name, language_code, duration, thumbnail_url,
    fetched_description, editor_summary, what_to_look_for, fit_for, risk_notes,
    embed_policy, source_data, updated_at
  )
  VALUES (
    'luimoto-gold-gel-installation',
    'embed_candidate',
    'Gel einsetzen',
    'youtube',
    'pvA4Hnt9qUM',
    'https://www.youtube.com/watch?v=pvA4Hnt9qUM',
    'https://www.youtube-nocookie.com/embed/pvA4Hnt9qUM?rel=0&modestbranding=1&playsinline=1',
    'https://www.speedycom.co.uk/luimoto-seat-covers/gel-seat/',
    'Luimoto Gold Gel: Installation in motorcycle seat foam',
    'Luimoto / YouTube, zitiert bei Speedycom',
    'en',
    NULL,
    'https://i.ytimg.com/vi/pvA4Hnt9qUM/hqdefault.jpg',
    'Speedycom/Luimoto verweist auf dieses Installationsvideo für Gold-Gel-Einlagen im Motorradsitz.',
    'Praxisnaher Kandidat für Gel-Einlagen: relevant sind Markierung, Ausschneiden des Schaums, bündige Lage und Abdeckung der Übergänge.',
    '["Wo die Gelposition relativ zur echten Sitzposition markiert wird","Wie tief der Ausschnitt im Originalschaum wird","Ob die Gel-Einlage bündig liegt und keine harte Kante bildet"]'::jsonb,
    '["Geleinlage","Werkstattplanung","Sattler-Fragebogen"]'::jsonb,
    'Gel ist kein Allheilmittel. Wenn die Grundform der Sitzbank falsch ist, kann es Druck nur an eine andere Stelle verlagern.',
    'YouTube-ID aus Händler-/Produktkontext übernommen; wird über youtube-nocookie.com eingebettet und bleibt bis zur manuellen Sichtprüfung als Kandidat markiert.',
    '{"key":"luimoto-gold-gel-installation","status":"embed_candidate","topic":"Gel einsetzen","youtubeVideoId":"pvA4Hnt9qUM","youtubeUrl":"https://www.youtube.com/watch?v=pvA4Hnt9qUM","sourcePageUrl":"https://www.speedycom.co.uk/luimoto-seat-covers/gel-seat/","title":"Luimoto Gold Gel: Installation in motorcycle seat foam","channelName":"Luimoto / YouTube, zitiert bei Speedycom","language":"en","duration":"","thumbnailUrl":"https://i.ytimg.com/vi/pvA4Hnt9qUM/hqdefault.jpg","fetchedDescription":"Speedycom/Luimoto verweist auf dieses Installationsvideo für Gold-Gel-Einlagen im Motorradsitz.","editorSummary":"Praxisnaher Kandidat für Gel-Einlagen: relevant sind Markierung, Ausschneiden des Schaums, bündige Lage und Abdeckung der Übergänge.","whatToLookFor":["Wo die Gelposition relativ zur echten Sitzposition markiert wird","Wie tief der Ausschnitt im Originalschaum wird","Ob die Gel-Einlage bündig liegt und keine harte Kante bildet"],"fitFor":["Geleinlage","Werkstattplanung","Sattler-Fragebogen"],"riskNotes":"Gel ist kein Allheilmittel. Wenn die Grundform der Sitzbank falsch ist, kann es Druck nur an eine andere Stelle verlagern.","embedPolicy":"YouTube-ID aus Händler-/Produktkontext übernommen; wird über youtube-nocookie.com eingebettet und bleibt bis zur manuellen Sichtprüfung als Kandidat markiert.","links":[{"entityType":"page_section","entityKey":"de-diy-videos","usage":"learning","priority":2},{"entityType":"page_section","entityKey":"de-diy-schaumstoffe","usage":"gel_insert","priority":2},{"entityType":"seat_material","entityKey":"gel_insert","usage":"learning","priority":1},{"entityType":"workshop_supply","entityKey":"foam_safe_contact_adhesive","usage":"related","priority":3}]}'::jsonb,
    now()
  )
  ON CONFLICT (key) DO UPDATE SET
    status = EXCLUDED.status,
    topic = EXCLUDED.topic,
    provider = EXCLUDED.provider,
    provider_video_id = EXCLUDED.provider_video_id,
    provider_url = EXCLUDED.provider_url,
    embed_url = EXCLUDED.embed_url,
    source_page_url = EXCLUDED.source_page_url,
    title = EXCLUDED.title,
    channel_name = EXCLUDED.channel_name,
    language_code = EXCLUDED.language_code,
    duration = EXCLUDED.duration,
    thumbnail_url = EXCLUDED.thumbnail_url,
    fetched_description = EXCLUDED.fetched_description,
    editor_summary = EXCLUDED.editor_summary,
    what_to_look_for = EXCLUDED.what_to_look_for,
    fit_for = EXCLUDED.fit_for,
    risk_notes = EXCLUDED.risk_notes,
    embed_policy = EXCLUDED.embed_policy,
    source_data = EXCLUDED.source_data,
    updated_at = now();
INSERT INTO content_video_links (
      video_key, entity_type, entity_key, usage, priority, notes
    )
    VALUES (
      'luimoto-gold-gel-installation',
      'page_section',
      'de-diy-videos',
      'learning',
      2,
      NULL
    )
    ON CONFLICT (video_key, entity_type, entity_key, usage) DO UPDATE SET
      priority = EXCLUDED.priority,
      notes = EXCLUDED.notes;
INSERT INTO content_video_links (
      video_key, entity_type, entity_key, usage, priority, notes
    )
    VALUES (
      'luimoto-gold-gel-installation',
      'page_section',
      'de-diy-schaumstoffe',
      'gel_insert',
      2,
      NULL
    )
    ON CONFLICT (video_key, entity_type, entity_key, usage) DO UPDATE SET
      priority = EXCLUDED.priority,
      notes = EXCLUDED.notes;
INSERT INTO content_video_links (
      video_key, entity_type, entity_key, usage, priority, notes
    )
    VALUES (
      'luimoto-gold-gel-installation',
      'seat_material',
      'gel_insert',
      'learning',
      1,
      NULL
    )
    ON CONFLICT (video_key, entity_type, entity_key, usage) DO UPDATE SET
      priority = EXCLUDED.priority,
      notes = EXCLUDED.notes;
INSERT INTO content_video_links (
      video_key, entity_type, entity_key, usage, priority, notes
    )
    VALUES (
      'luimoto-gold-gel-installation',
      'workshop_supply',
      'foam_safe_contact_adhesive',
      'related',
      3,
      NULL
    )
    ON CONFLICT (video_key, entity_type, entity_key, usage) DO UPDATE SET
      priority = EXCLUDED.priority,
      notes = EXCLUDED.notes;
INSERT INTO video_resources (
    key, status, topic, provider, provider_video_id, provider_url, embed_url,
    source_page_url, title, channel_name, language_code, duration, thumbnail_url,
    fetched_description, editor_summary, what_to_look_for, fit_for, risk_notes,
    embed_policy, source_data, updated_at
  )
  VALUES (
    'upholstery-cover-and-waterproofing',
    'verified_oembed',
    'Gel und kompletter Sitzaufbau',
    'youtube',
    '_1BSj2Vnwj0',
    'https://www.youtube.com/watch?v=_1BSj2Vnwj0',
    'https://www.youtube-nocookie.com/embed/_1BSj2Vnwj0?rel=0&modestbranding=1&playsinline=1',
    'https://www.gel-poliuretanico.it/page/en/installation-gel-saddle-motorcycle',
    'DIY Custom Motorcycle Seat & Gel Installation',
    'HTMotoFilms',
    'en',
    NULL,
    'https://i.ytimg.com/vi/_1BSj2Vnwj0/hqdefault.jpg',
    'oEmbed title: DIY Custom Motorcycle Seat & Gel Installation. The source page lists it as an external YouTube tutorial for gel installation.',
    'Das breiteste der ersten drei Videos: sinnvoll für Nutzer, die den Gesamtprozess aus Sitzumbau, Gel, Vorbereitung und Zusammenbau sehen möchten.',
    '["Wie der Ablauf vom Zerlegen bis zur neuen Komfortlage wirkt","Wo Probleme mit Gelkante oder Bezugsspannung entstehen können","Welche Schritte Einsteiger besser mit einem Sattler besprechen"]'::jsonb,
    '["Einsteiger mit Vorsicht","Geleinlage","Sattler-Briefing"]'::jsonb,
    'Das Video ersetzt keine Sitzknochen-Messung, Probefahrt und Kontrolle der Wasserdichtigkeit.',
    'oEmbed confirmed title, channel and thumbnail; embed URL antwortet mit HTTP 200.',
    '{"key":"upholstery-cover-and-waterproofing","status":"verified_oembed","topic":"Gel und kompletter Sitzaufbau","youtubeVideoId":"_1BSj2Vnwj0","youtubeUrl":"https://www.youtube.com/watch?v=_1BSj2Vnwj0","sourcePageUrl":"https://www.gel-poliuretanico.it/page/en/installation-gel-saddle-motorcycle","title":"DIY Custom Motorcycle Seat & Gel Installation","channelName":"HTMotoFilms","language":"en","duration":"","thumbnailUrl":"https://i.ytimg.com/vi/_1BSj2Vnwj0/hqdefault.jpg","fetchedDescription":"oEmbed title: DIY Custom Motorcycle Seat & Gel Installation. The source page lists it as an external YouTube tutorial for gel installation.","editorSummary":"Das breiteste der ersten drei Videos: sinnvoll für Nutzer, die den Gesamtprozess aus Sitzumbau, Gel, Vorbereitung und Zusammenbau sehen möchten.","whatToLookFor":["Wie der Ablauf vom Zerlegen bis zur neuen Komfortlage wirkt","Wo Probleme mit Gelkante oder Bezugsspannung entstehen können","Welche Schritte Einsteiger besser mit einem Sattler besprechen"],"fitFor":["Einsteiger mit Vorsicht","Geleinlage","Sattler-Briefing"],"riskNotes":"Das Video ersetzt keine Sitzknochen-Messung, Probefahrt und Kontrolle der Wasserdichtigkeit.","embedPolicy":"oEmbed confirmed title, channel and thumbnail; embed URL antwortet mit HTTP 200.","links":[{"entityType":"page_section","entityKey":"de-diy-videos","usage":"learning","priority":3},{"entityType":"seat_material","entityKey":"gel_insert","usage":"case_study","priority":2},{"entityType":"workshop_supply","entityKey":"upholstery_vinyl","usage":"related","priority":2},{"entityType":"workshop_tool","entityKey":"electric_stapler","usage":"related","priority":3}]}'::jsonb,
    now()
  )
  ON CONFLICT (key) DO UPDATE SET
    status = EXCLUDED.status,
    topic = EXCLUDED.topic,
    provider = EXCLUDED.provider,
    provider_video_id = EXCLUDED.provider_video_id,
    provider_url = EXCLUDED.provider_url,
    embed_url = EXCLUDED.embed_url,
    source_page_url = EXCLUDED.source_page_url,
    title = EXCLUDED.title,
    channel_name = EXCLUDED.channel_name,
    language_code = EXCLUDED.language_code,
    duration = EXCLUDED.duration,
    thumbnail_url = EXCLUDED.thumbnail_url,
    fetched_description = EXCLUDED.fetched_description,
    editor_summary = EXCLUDED.editor_summary,
    what_to_look_for = EXCLUDED.what_to_look_for,
    fit_for = EXCLUDED.fit_for,
    risk_notes = EXCLUDED.risk_notes,
    embed_policy = EXCLUDED.embed_policy,
    source_data = EXCLUDED.source_data,
    updated_at = now();
INSERT INTO content_video_links (
      video_key, entity_type, entity_key, usage, priority, notes
    )
    VALUES (
      'upholstery-cover-and-waterproofing',
      'page_section',
      'de-diy-videos',
      'learning',
      3,
      NULL
    )
    ON CONFLICT (video_key, entity_type, entity_key, usage) DO UPDATE SET
      priority = EXCLUDED.priority,
      notes = EXCLUDED.notes;
INSERT INTO content_video_links (
      video_key, entity_type, entity_key, usage, priority, notes
    )
    VALUES (
      'upholstery-cover-and-waterproofing',
      'seat_material',
      'gel_insert',
      'case_study',
      2,
      NULL
    )
    ON CONFLICT (video_key, entity_type, entity_key, usage) DO UPDATE SET
      priority = EXCLUDED.priority,
      notes = EXCLUDED.notes;
INSERT INTO content_video_links (
      video_key, entity_type, entity_key, usage, priority, notes
    )
    VALUES (
      'upholstery-cover-and-waterproofing',
      'workshop_supply',
      'upholstery_vinyl',
      'related',
      2,
      NULL
    )
    ON CONFLICT (video_key, entity_type, entity_key, usage) DO UPDATE SET
      priority = EXCLUDED.priority,
      notes = EXCLUDED.notes;
INSERT INTO content_video_links (
      video_key, entity_type, entity_key, usage, priority, notes
    )
    VALUES (
      'upholstery-cover-and-waterproofing',
      'workshop_tool',
      'electric_stapler',
      'related',
      3,
      NULL
    )
    ON CONFLICT (video_key, entity_type, entity_key, usage) DO UPDATE SET
      priority = EXCLUDED.priority,
      notes = EXCLUDED.notes;
INSERT INTO video_resources (
    key, status, topic, provider, provider_video_id, provider_url, embed_url,
    source_page_url, title, channel_name, language_code, duration, thumbnail_url,
    fetched_description, editor_summary, what_to_look_for, fit_for, risk_notes,
    embed_policy, source_data, updated_at
  )
  VALUES (
    'suzuki-gsx-s1000gx-cycle-news-review-video',
    'source_page_video_candidate',
    'Suzuki GSX-S1000GX Sitzkomfort im Test',
    'youtube',
    NULL,
    'https://www.cyclenews.com/2023/12/article/2024-suzuki-gsx-s1000gx-review/',
    NULL,
    'https://www.cyclenews.com/2023/12/article/2024-suzuki-gsx-s1000gx-review/',
    'Cycle News: 2024 Suzuki GSX-S1000GX+ Review',
    'Cycle News',
    'en',
    NULL,
    NULL,
    'The review page includes a video section and notes the 33.3 in seat height. The article also comments that the stock seat was less convincing than the accessory seat.',
    'Modellvideo-Kandidat für die GSX-S1000GX. Besonders relevant sind Sitzhöhe, aufrechte Sitzposition, Serienbank und Zubehörsitz.',
    '["Wie aufrecht die Sitzhaltung im Vergleich zu Sport-Touring wirkt","Ob der Test die Serienbank oder den Zubehörsitz erwähnt","Wie Sitzhöhe und Touring-Komfort im Fahrbericht eingeordnet werden"]'::jsonb,
    '["Suzuki GSX-S1000GX","Modellprofil","Zubehörsitz-Recherche"]'::jsonb,
    'Noch kein direktes YouTube-ID im Register. Vor direktem Embed YouTube-ID und Einbettbarkeit prüfen.',
    'Als Quellen-/Video-Kandidat gespeichert; direkte Wiedergabe erst nach verifiziertem YouTube-ID.',
    '{"key":"suzuki-gsx-s1000gx-cycle-news-review-video","status":"source_page_video_candidate","topic":"Suzuki GSX-S1000GX Sitzkomfort im Test","providerUrl":"https://www.cyclenews.com/2023/12/article/2024-suzuki-gsx-s1000gx-review/","youtubeVideoId":"","youtubeUrl":"","sourcePageUrl":"https://www.cyclenews.com/2023/12/article/2024-suzuki-gsx-s1000gx-review/","title":"Cycle News: 2024 Suzuki GSX-S1000GX+ Review","channelName":"Cycle News","language":"en","duration":"","thumbnailUrl":"","fetchedDescription":"The review page includes a video section and notes the 33.3 in seat height. The article also comments that the stock seat was less convincing than the accessory seat.","editorSummary":"Modellvideo-Kandidat für die GSX-S1000GX. Besonders relevant sind Sitzhöhe, aufrechte Sitzposition, Serienbank und Zubehörsitz.","whatToLookFor":["Wie aufrecht die Sitzhaltung im Vergleich zu Sport-Touring wirkt","Ob der Test die Serienbank oder den Zubehörsitz erwähnt","Wie Sitzhöhe und Touring-Komfort im Fahrbericht eingeordnet werden"],"fitFor":["Suzuki GSX-S1000GX","Modellprofil","Zubehörsitz-Recherche"],"riskNotes":"Noch kein direktes YouTube-ID im Register. Vor direktem Embed YouTube-ID und Einbettbarkeit prüfen.","embedPolicy":"Als Quellen-/Video-Kandidat gespeichert; direkte Wiedergabe erst nach verifiziertem YouTube-ID.","links":[{"entityType":"motorcycle_profile","entityKey":"suzuki-gsx-s1000gx","usage":"review_context","priority":1}]}'::jsonb,
    now()
  )
  ON CONFLICT (key) DO UPDATE SET
    status = EXCLUDED.status,
    topic = EXCLUDED.topic,
    provider = EXCLUDED.provider,
    provider_video_id = EXCLUDED.provider_video_id,
    provider_url = EXCLUDED.provider_url,
    embed_url = EXCLUDED.embed_url,
    source_page_url = EXCLUDED.source_page_url,
    title = EXCLUDED.title,
    channel_name = EXCLUDED.channel_name,
    language_code = EXCLUDED.language_code,
    duration = EXCLUDED.duration,
    thumbnail_url = EXCLUDED.thumbnail_url,
    fetched_description = EXCLUDED.fetched_description,
    editor_summary = EXCLUDED.editor_summary,
    what_to_look_for = EXCLUDED.what_to_look_for,
    fit_for = EXCLUDED.fit_for,
    risk_notes = EXCLUDED.risk_notes,
    embed_policy = EXCLUDED.embed_policy,
    source_data = EXCLUDED.source_data,
    updated_at = now();
INSERT INTO content_video_links (
      video_key, entity_type, entity_key, usage, priority, notes
    )
    VALUES (
      'suzuki-gsx-s1000gx-cycle-news-review-video',
      'motorcycle_profile',
      'suzuki-gsx-s1000gx',
      'review_context',
      1,
      NULL
    )
    ON CONFLICT (video_key, entity_type, entity_key, usage) DO UPDATE SET
      priority = EXCLUDED.priority,
      notes = EXCLUDED.notes;
INSERT INTO video_resources (
    key, status, topic, provider, provider_video_id, provider_url, embed_url,
    source_page_url, title, channel_name, language_code, duration, thumbnail_url,
    fetched_description, editor_summary, what_to_look_for, fit_for, risk_notes,
    embed_policy, source_data, updated_at
  )
  VALUES (
    'suzuki-gsx-s1000gx-cycle-news-spec-video',
    'source_page_video_candidate',
    'Suzuki GSX-S1000GX Ergonomie und Sitzmaße',
    'youtube',
    NULL,
    'https://www.cyclenews.com/2023/11/article/2024-suzuki-gsx-s1000gx-specs-and-price/',
    NULL,
    'https://www.cyclenews.com/2023/11/article/2024-suzuki-gsx-s1000gx-specs-and-price/',
    'Cycle News: 2024 Suzuki GSX-S1000GX+ Specs and Price',
    'Cycle News',
    'en',
    NULL,
    NULL,
    'The source page includes a video reference and describes the changed rider triangle, 33.3 in seat height, flatter/thicker rider seat and wider passenger seat.',
    'Guter Recherche-Kandidat für Ergonomie: Sitzhöhe, Sitzdicke, Breite des Soziussitzes, Lenkerposition und Fußrastenposition.',
    '["Ob die Sitzbank als flacher, dicker oder breiter beschrieben wird","Wie stark sich die Sitzhaltung gegenüber GSX-S1000GT verändert","Welche Daten für den Vergleich mit Zubehörsitzen übernommen werden können"]'::jsonb,
    '["Suzuki GSX-S1000GX","Ergonomie","Datenpflege"]'::jsonb,
    'Quelle ist eine Modell-/Spec-Seite, kein reines Sitzbankvideo. Nur sitzrelevante Aussagen übernehmen.',
    'Als Quellen-/Video-Kandidat gespeichert; direkte Wiedergabe erst nach verifiziertem YouTube-ID.',
    '{"key":"suzuki-gsx-s1000gx-cycle-news-spec-video","status":"source_page_video_candidate","topic":"Suzuki GSX-S1000GX Ergonomie und Sitzmaße","providerUrl":"https://www.cyclenews.com/2023/11/article/2024-suzuki-gsx-s1000gx-specs-and-price/","youtubeVideoId":"","youtubeUrl":"","sourcePageUrl":"https://www.cyclenews.com/2023/11/article/2024-suzuki-gsx-s1000gx-specs-and-price/","title":"Cycle News: 2024 Suzuki GSX-S1000GX+ Specs and Price","channelName":"Cycle News","language":"en","duration":"","thumbnailUrl":"","fetchedDescription":"The source page includes a video reference and describes the changed rider triangle, 33.3 in seat height, flatter/thicker rider seat and wider passenger seat.","editorSummary":"Guter Recherche-Kandidat für Ergonomie: Sitzhöhe, Sitzdicke, Breite des Soziussitzes, Lenkerposition und Fußrastenposition.","whatToLookFor":["Ob die Sitzbank als flacher, dicker oder breiter beschrieben wird","Wie stark sich die Sitzhaltung gegenüber GSX-S1000GT verändert","Welche Daten für den Vergleich mit Zubehörsitzen übernommen werden können"],"fitFor":["Suzuki GSX-S1000GX","Ergonomie","Datenpflege"],"riskNotes":"Quelle ist eine Modell-/Spec-Seite, kein reines Sitzbankvideo. Nur sitzrelevante Aussagen übernehmen.","embedPolicy":"Als Quellen-/Video-Kandidat gespeichert; direkte Wiedergabe erst nach verifiziertem YouTube-ID.","links":[{"entityType":"motorcycle_profile","entityKey":"suzuki-gsx-s1000gx","usage":"ergonomics_context","priority":2}]}'::jsonb,
    now()
  )
  ON CONFLICT (key) DO UPDATE SET
    status = EXCLUDED.status,
    topic = EXCLUDED.topic,
    provider = EXCLUDED.provider,
    provider_video_id = EXCLUDED.provider_video_id,
    provider_url = EXCLUDED.provider_url,
    embed_url = EXCLUDED.embed_url,
    source_page_url = EXCLUDED.source_page_url,
    title = EXCLUDED.title,
    channel_name = EXCLUDED.channel_name,
    language_code = EXCLUDED.language_code,
    duration = EXCLUDED.duration,
    thumbnail_url = EXCLUDED.thumbnail_url,
    fetched_description = EXCLUDED.fetched_description,
    editor_summary = EXCLUDED.editor_summary,
    what_to_look_for = EXCLUDED.what_to_look_for,
    fit_for = EXCLUDED.fit_for,
    risk_notes = EXCLUDED.risk_notes,
    embed_policy = EXCLUDED.embed_policy,
    source_data = EXCLUDED.source_data,
    updated_at = now();
INSERT INTO content_video_links (
      video_key, entity_type, entity_key, usage, priority, notes
    )
    VALUES (
      'suzuki-gsx-s1000gx-cycle-news-spec-video',
      'motorcycle_profile',
      'suzuki-gsx-s1000gx',
      'ergonomics_context',
      2,
      NULL
    )
    ON CONFLICT (video_key, entity_type, entity_key, usage) DO UPDATE SET
      priority = EXCLUDED.priority,
      notes = EXCLUDED.notes;
INSERT INTO video_resources (
    key, status, topic, provider, provider_video_id, provider_url, embed_url,
    source_page_url, title, channel_name, language_code, duration, thumbnail_url,
    fetched_description, editor_summary, what_to_look_for, fit_for, risk_notes,
    embed_policy, source_data, updated_at
  )
  VALUES (
    'bmw-r1300gs-cycle-news-review-video',
    'source_page_video_candidate',
    'BMW R 1300 GS Fahrbericht und Komfort',
    'youtube',
    NULL,
    'https://www.cyclenews.com/2023/11/article/2024-bmw-r-1300-gs-review/',
    NULL,
    'https://www.cyclenews.com/2023/11/article/2024-bmw-r-1300-gs-review/',
    'Cycle News: 2024 BMW R 1300 GS Review',
    'Cycle News',
    'en',
    NULL,
    NULL,
    'The source page includes a video section for the R 1300 GS review.',
    'Modellvideo-Kandidat für die R 1300 GS. Für Moto Seat Lab sind Sitzhöhe, Bewegungsfreiheit und Komfortoptionen wichtig.',
    '["Wie die neue Sitzposition und Bewegungsfreiheit beschrieben wird","Ob Komfortsitz oder Sitzheizung erwähnt werden","Welche Hinweise für lange Touren und Soziusbetrieb relevant sind"]'::jsonb,
    '["BMW R 1300 GS","Adventure Touring","Komfortsitz-Recherche"]'::jsonb,
    'Nicht als Produktvergleich verwenden, solange konkrete Sitzbankoptionen nicht separat geprüft sind.',
    'Als Quellen-/Video-Kandidat gespeichert; direkte Wiedergabe erst nach verifiziertem YouTube-ID.',
    '{"key":"bmw-r1300gs-cycle-news-review-video","status":"source_page_video_candidate","topic":"BMW R 1300 GS Fahrbericht und Komfort","providerUrl":"https://www.cyclenews.com/2023/11/article/2024-bmw-r-1300-gs-review/","youtubeVideoId":"","youtubeUrl":"","sourcePageUrl":"https://www.cyclenews.com/2023/11/article/2024-bmw-r-1300-gs-review/","title":"Cycle News: 2024 BMW R 1300 GS Review","channelName":"Cycle News","language":"en","duration":"","thumbnailUrl":"","fetchedDescription":"The source page includes a video section for the R 1300 GS review.","editorSummary":"Modellvideo-Kandidat für die R 1300 GS. Für Moto Seat Lab sind Sitzhöhe, Bewegungsfreiheit und Komfortoptionen wichtig.","whatToLookFor":["Wie die neue Sitzposition und Bewegungsfreiheit beschrieben wird","Ob Komfortsitz oder Sitzheizung erwähnt werden","Welche Hinweise für lange Touren und Soziusbetrieb relevant sind"],"fitFor":["BMW R 1300 GS","Adventure Touring","Komfortsitz-Recherche"],"riskNotes":"Nicht als Produktvergleich verwenden, solange konkrete Sitzbankoptionen nicht separat geprüft sind.","embedPolicy":"Als Quellen-/Video-Kandidat gespeichert; direkte Wiedergabe erst nach verifiziertem YouTube-ID.","links":[{"entityType":"motorcycle_profile","entityKey":"bmw-r-1300-gs","usage":"review_context","priority":1}]}'::jsonb,
    now()
  )
  ON CONFLICT (key) DO UPDATE SET
    status = EXCLUDED.status,
    topic = EXCLUDED.topic,
    provider = EXCLUDED.provider,
    provider_video_id = EXCLUDED.provider_video_id,
    provider_url = EXCLUDED.provider_url,
    embed_url = EXCLUDED.embed_url,
    source_page_url = EXCLUDED.source_page_url,
    title = EXCLUDED.title,
    channel_name = EXCLUDED.channel_name,
    language_code = EXCLUDED.language_code,
    duration = EXCLUDED.duration,
    thumbnail_url = EXCLUDED.thumbnail_url,
    fetched_description = EXCLUDED.fetched_description,
    editor_summary = EXCLUDED.editor_summary,
    what_to_look_for = EXCLUDED.what_to_look_for,
    fit_for = EXCLUDED.fit_for,
    risk_notes = EXCLUDED.risk_notes,
    embed_policy = EXCLUDED.embed_policy,
    source_data = EXCLUDED.source_data,
    updated_at = now();
INSERT INTO content_video_links (
      video_key, entity_type, entity_key, usage, priority, notes
    )
    VALUES (
      'bmw-r1300gs-cycle-news-review-video',
      'motorcycle_profile',
      'bmw-r-1300-gs',
      'review_context',
      1,
      NULL
    )
    ON CONFLICT (video_key, entity_type, entity_key, usage) DO UPDATE SET
      priority = EXCLUDED.priority,
      notes = EXCLUDED.notes;
INSERT INTO video_resources (
    key, status, topic, provider, provider_video_id, provider_url, embed_url,
    source_page_url, title, channel_name, language_code, duration, thumbnail_url,
    fetched_description, editor_summary, what_to_look_for, fit_for, risk_notes,
    embed_policy, source_data, updated_at
  )
  VALUES (
    'bmw-r1300gs-official-comfort-video-candidate',
    'source_page_video_candidate',
    'BMW R 1300 GS offizielle Komfortausstattung',
    'youtube',
    NULL,
    'https://www.bmwmotorcycles.com/en/models/adventure/r1300gs.html',
    NULL,
    'https://www.bmwmotorcycles.com/en/models/adventure/r1300gs.html',
    'BMW Motorrad: R 1300 GS official model page',
    'BMW Motorrad',
    'en',
    NULL,
    NULL,
    'The official page includes a YouTube video player and describes seat line, ergonomics, standard seat height range and comfort/accessory context.',
    'Offizieller Video-/Quellenkandidat für Sitzlinie, Sitzhöhe, Ergonomie und Komfortausstattung der R 1300 GS.',
    '["Welche Sitzhöhe und Sitzlinie BMW offiziell nennt","Ob Komfortsitze, Sitzheizung oder Ergonomieoptionen sichtbar werden","Welche Aussagen Marketing sind und welche als technische Daten taugen"]'::jsonb,
    '["BMW R 1300 GS","OEM-Daten","Komfortausstattung"]'::jsonb,
    'Herstellerquelle ist nützlich für Daten, aber nicht neutral für Komfortbewertung.',
    'Als Quellen-/Video-Kandidat gespeichert; direkte Wiedergabe erst nach verifiziertem YouTube-ID.',
    '{"key":"bmw-r1300gs-official-comfort-video-candidate","status":"source_page_video_candidate","topic":"BMW R 1300 GS offizielle Komfortausstattung","providerUrl":"https://www.bmwmotorcycles.com/en/models/adventure/r1300gs.html","youtubeVideoId":"","youtubeUrl":"","sourcePageUrl":"https://www.bmwmotorcycles.com/en/models/adventure/r1300gs.html","title":"BMW Motorrad: R 1300 GS official model page","channelName":"BMW Motorrad","language":"en","duration":"","thumbnailUrl":"","fetchedDescription":"The official page includes a YouTube video player and describes seat line, ergonomics, standard seat height range and comfort/accessory context.","editorSummary":"Offizieller Video-/Quellenkandidat für Sitzlinie, Sitzhöhe, Ergonomie und Komfortausstattung der R 1300 GS.","whatToLookFor":["Welche Sitzhöhe und Sitzlinie BMW offiziell nennt","Ob Komfortsitze, Sitzheizung oder Ergonomieoptionen sichtbar werden","Welche Aussagen Marketing sind und welche als technische Daten taugen"],"fitFor":["BMW R 1300 GS","OEM-Daten","Komfortausstattung"],"riskNotes":"Herstellerquelle ist nützlich für Daten, aber nicht neutral für Komfortbewertung.","embedPolicy":"Als Quellen-/Video-Kandidat gespeichert; direkte Wiedergabe erst nach verifiziertem YouTube-ID.","links":[{"entityType":"motorcycle_profile","entityKey":"bmw-r-1300-gs","usage":"oem_context","priority":2}]}'::jsonb,
    now()
  )
  ON CONFLICT (key) DO UPDATE SET
    status = EXCLUDED.status,
    topic = EXCLUDED.topic,
    provider = EXCLUDED.provider,
    provider_video_id = EXCLUDED.provider_video_id,
    provider_url = EXCLUDED.provider_url,
    embed_url = EXCLUDED.embed_url,
    source_page_url = EXCLUDED.source_page_url,
    title = EXCLUDED.title,
    channel_name = EXCLUDED.channel_name,
    language_code = EXCLUDED.language_code,
    duration = EXCLUDED.duration,
    thumbnail_url = EXCLUDED.thumbnail_url,
    fetched_description = EXCLUDED.fetched_description,
    editor_summary = EXCLUDED.editor_summary,
    what_to_look_for = EXCLUDED.what_to_look_for,
    fit_for = EXCLUDED.fit_for,
    risk_notes = EXCLUDED.risk_notes,
    embed_policy = EXCLUDED.embed_policy,
    source_data = EXCLUDED.source_data,
    updated_at = now();
INSERT INTO content_video_links (
      video_key, entity_type, entity_key, usage, priority, notes
    )
    VALUES (
      'bmw-r1300gs-official-comfort-video-candidate',
      'motorcycle_profile',
      'bmw-r-1300-gs',
      'oem_context',
      2,
      NULL
    )
    ON CONFLICT (video_key, entity_type, entity_key, usage) DO UPDATE SET
      priority = EXCLUDED.priority,
      notes = EXCLUDED.notes;
INSERT INTO video_resources (
    key, status, topic, provider, provider_video_id, provider_url, embed_url,
    source_page_url, title, channel_name, language_code, duration, thumbnail_url,
    fetched_description, editor_summary, what_to_look_for, fit_for, risk_notes,
    embed_policy, source_data, updated_at
  )
  VALUES (
    'yamaha-tracer9-comparison-seat-video-candidate',
    'source_page_video_candidate',
    'Yamaha Tracer 9 GT Sitzvergleich',
    'youtube',
    'KF0T84zcrV4',
    'https://videohighlight.com/v/KF0T84zcrV4?aiFormatted=false&language=en&mediaType=youtube&summaryType=default',
    'https://www.youtube-nocookie.com/embed/KF0T84zcrV4?rel=0&modestbranding=1&playsinline=1',
    'https://videohighlight.com/v/KF0T84zcrV4?aiFormatted=false&language=en&mediaType=youtube&summaryType=default',
    'BMW S1000XR or Yamaha Tracer 9 GT? Honest review',
    'YouTube video summary source',
    'en',
    NULL,
    'https://i.ytimg.com/vi/KF0T84zcrV4/hqdefault.jpg',
    'The summary includes a seat section comparing S1000XR and Tracer 9 GT seat height, accessibility and width.',
    'Nützlich als Vergleichskandidat für die Yamaha Tracer 9 GT: Sitzhöhe, Sitzbreite vorne und Erreichbarkeit mit den Füßen.',
    '["Ob die breite Sitzfront der Tracer für kleinere Fahrer problematisch wirkt","Wie Sitzhöhe und tatsächliche Erreichbarkeit unterschieden werden","Welche Komfortaussagen nur subjektive Fahrermeinung sind"]'::jsonb,
    '["Yamaha Tracer 9 / 9 GT","Sitzhöhe","Vergleichstest"]'::jsonb,
    'Video ist ein Vergleich mit BMW S1000XR, kein Sattler- oder Sitzbankumbau-Video.',
    'YouTube-ID aus VideoHighlight-Quelle übernommen; Einbettung vor finaler Veröffentlichung erneut prüfen.',
    '{"key":"yamaha-tracer9-comparison-seat-video-candidate","status":"source_page_video_candidate","topic":"Yamaha Tracer 9 GT Sitzvergleich","providerUrl":"https://videohighlight.com/v/KF0T84zcrV4?aiFormatted=false&language=en&mediaType=youtube&summaryType=default","youtubeVideoId":"KF0T84zcrV4","youtubeUrl":"https://www.youtube.com/watch?v=KF0T84zcrV4","sourcePageUrl":"https://videohighlight.com/v/KF0T84zcrV4?aiFormatted=false&language=en&mediaType=youtube&summaryType=default","title":"BMW S1000XR or Yamaha Tracer 9 GT? Honest review","channelName":"YouTube video summary source","language":"en","duration":"","thumbnailUrl":"https://i.ytimg.com/vi/KF0T84zcrV4/hqdefault.jpg","fetchedDescription":"The summary includes a seat section comparing S1000XR and Tracer 9 GT seat height, accessibility and width.","editorSummary":"Nützlich als Vergleichskandidat für die Yamaha Tracer 9 GT: Sitzhöhe, Sitzbreite vorne und Erreichbarkeit mit den Füßen.","whatToLookFor":["Ob die breite Sitzfront der Tracer für kleinere Fahrer problematisch wirkt","Wie Sitzhöhe und tatsächliche Erreichbarkeit unterschieden werden","Welche Komfortaussagen nur subjektive Fahrermeinung sind"],"fitFor":["Yamaha Tracer 9 / 9 GT","Sitzhöhe","Vergleichstest"],"riskNotes":"Video ist ein Vergleich mit BMW S1000XR, kein Sattler- oder Sitzbankumbau-Video.","embedPolicy":"YouTube-ID aus VideoHighlight-Quelle übernommen; Einbettung vor finaler Veröffentlichung erneut prüfen.","links":[{"entityType":"motorcycle_profile","entityKey":"yamaha-tracer-9-9-gt","usage":"review_context","priority":1}]}'::jsonb,
    now()
  )
  ON CONFLICT (key) DO UPDATE SET
    status = EXCLUDED.status,
    topic = EXCLUDED.topic,
    provider = EXCLUDED.provider,
    provider_video_id = EXCLUDED.provider_video_id,
    provider_url = EXCLUDED.provider_url,
    embed_url = EXCLUDED.embed_url,
    source_page_url = EXCLUDED.source_page_url,
    title = EXCLUDED.title,
    channel_name = EXCLUDED.channel_name,
    language_code = EXCLUDED.language_code,
    duration = EXCLUDED.duration,
    thumbnail_url = EXCLUDED.thumbnail_url,
    fetched_description = EXCLUDED.fetched_description,
    editor_summary = EXCLUDED.editor_summary,
    what_to_look_for = EXCLUDED.what_to_look_for,
    fit_for = EXCLUDED.fit_for,
    risk_notes = EXCLUDED.risk_notes,
    embed_policy = EXCLUDED.embed_policy,
    source_data = EXCLUDED.source_data,
    updated_at = now();
INSERT INTO content_video_links (
      video_key, entity_type, entity_key, usage, priority, notes
    )
    VALUES (
      'yamaha-tracer9-comparison-seat-video-candidate',
      'motorcycle_profile',
      'yamaha-tracer-9-9-gt',
      'review_context',
      1,
      NULL
    )
    ON CONFLICT (video_key, entity_type, entity_key, usage) DO UPDATE SET
      priority = EXCLUDED.priority,
      notes = EXCLUDED.notes;
INSERT INTO video_resources (
    key, status, topic, provider, provider_video_id, provider_url, embed_url,
    source_page_url, title, channel_name, language_code, duration, thumbnail_url,
    fetched_description, editor_summary, what_to_look_for, fit_for, risk_notes,
    embed_policy, source_data, updated_at
  )
  VALUES (
    'honda-africa-twin-advpulse-review-video',
    'source_page_video_candidate',
    'Honda Africa Twin Sitzzeit und Offroad-Komfort',
    'youtube',
    NULL,
    'https://www.advpulse.com/adv-bikes/watch-2020-honda-africa-twin-crf1100l-tested/',
    NULL,
    'https://www.advpulse.com/adv-bikes/watch-2020-honda-africa-twin-crf1100l-tested/',
    'ADV Pulse: 2020 Honda Africa Twin CRF1100L tested',
    'ADV Pulse',
    'en',
    NULL,
    NULL,
    'The source page introduces an in-depth road and off-road test video and explicitly mentions extended seat time and comfort improvements.',
    'Guter Modellkandidat für die Africa Twin: Sitzzeit, Bewegungsfreiheit, Straße/Offroad-Wechsel und Komfort über längere Teststrecken.',
    '["Wie sich die Sitzposition zwischen Straße und leichtem Gelände verändert","Ob Sitzhöhe und Bewegungsfreiheit als Vorteil oder Problem beschrieben werden","Welche Aussagen auf Langstrecke und welche auf Offroad-Testbedingungen bezogen sind"]'::jsonb,
    '["Honda CRF1100L Africa Twin","Adventure","Sitzzeit"]'::jsonb,
    'Kein reines Sitzbankvideo. Nur sitzrelevante Beobachtungen in das Modellprofil übernehmen.',
    'Als Quellen-/Video-Kandidat gespeichert; direkte Wiedergabe erst nach verifiziertem YouTube-ID.',
    '{"key":"honda-africa-twin-advpulse-review-video","status":"source_page_video_candidate","topic":"Honda Africa Twin Sitzzeit und Offroad-Komfort","providerUrl":"https://www.advpulse.com/adv-bikes/watch-2020-honda-africa-twin-crf1100l-tested/","youtubeVideoId":"","youtubeUrl":"","sourcePageUrl":"https://www.advpulse.com/adv-bikes/watch-2020-honda-africa-twin-crf1100l-tested/","title":"ADV Pulse: 2020 Honda Africa Twin CRF1100L tested","channelName":"ADV Pulse","language":"en","duration":"","thumbnailUrl":"","fetchedDescription":"The source page introduces an in-depth road and off-road test video and explicitly mentions extended seat time and comfort improvements.","editorSummary":"Guter Modellkandidat für die Africa Twin: Sitzzeit, Bewegungsfreiheit, Straße/Offroad-Wechsel und Komfort über längere Teststrecken.","whatToLookFor":["Wie sich die Sitzposition zwischen Straße und leichtem Gelände verändert","Ob Sitzhöhe und Bewegungsfreiheit als Vorteil oder Problem beschrieben werden","Welche Aussagen auf Langstrecke und welche auf Offroad-Testbedingungen bezogen sind"],"fitFor":["Honda CRF1100L Africa Twin","Adventure","Sitzzeit"],"riskNotes":"Kein reines Sitzbankvideo. Nur sitzrelevante Beobachtungen in das Modellprofil übernehmen.","embedPolicy":"Als Quellen-/Video-Kandidat gespeichert; direkte Wiedergabe erst nach verifiziertem YouTube-ID.","links":[{"entityType":"motorcycle_profile","entityKey":"honda-crf1100l-africa-twin","usage":"review_context","priority":1}]}'::jsonb,
    now()
  )
  ON CONFLICT (key) DO UPDATE SET
    status = EXCLUDED.status,
    topic = EXCLUDED.topic,
    provider = EXCLUDED.provider,
    provider_video_id = EXCLUDED.provider_video_id,
    provider_url = EXCLUDED.provider_url,
    embed_url = EXCLUDED.embed_url,
    source_page_url = EXCLUDED.source_page_url,
    title = EXCLUDED.title,
    channel_name = EXCLUDED.channel_name,
    language_code = EXCLUDED.language_code,
    duration = EXCLUDED.duration,
    thumbnail_url = EXCLUDED.thumbnail_url,
    fetched_description = EXCLUDED.fetched_description,
    editor_summary = EXCLUDED.editor_summary,
    what_to_look_for = EXCLUDED.what_to_look_for,
    fit_for = EXCLUDED.fit_for,
    risk_notes = EXCLUDED.risk_notes,
    embed_policy = EXCLUDED.embed_policy,
    source_data = EXCLUDED.source_data,
    updated_at = now();
INSERT INTO content_video_links (
      video_key, entity_type, entity_key, usage, priority, notes
    )
    VALUES (
      'honda-africa-twin-advpulse-review-video',
      'motorcycle_profile',
      'honda-crf1100l-africa-twin',
      'review_context',
      1,
      NULL
    )
    ON CONFLICT (video_key, entity_type, entity_key, usage) DO UPDATE SET
      priority = EXCLUDED.priority,
      notes = EXCLUDED.notes;
INSERT INTO video_resources (
    key, status, topic, provider, provider_video_id, provider_url, embed_url,
    source_page_url, title, channel_name, language_code, duration, thumbnail_url,
    fetched_description, editor_summary, what_to_look_for, fit_for, risk_notes,
    embed_policy, source_data, updated_at
  )
  VALUES (
    'kawasaki-versys-1000-rider-video-review',
    'source_page_video_candidate',
    'Kawasaki Versys 1000 LT Komfort und Legroom',
    'youtube',
    NULL,
    'https://ridermagazine.com/2015/08/20/video-review-kawasaki-versys-1000-lt/',
    NULL,
    'https://ridermagazine.com/2015/08/20/video-review-kawasaki-versys-1000-lt/',
    'Rider Magazine: Kawasaki Versys 1000 LT video review',
    'Rider Magazine',
    'en',
    NULL,
    NULL,
    'The Rider Magazine page includes a video review and describes generous legroom, upright seating and solo/two-up comfort.',
    'Relevanter Kandidat für Versys 1000: aufrechte Sitzposition, Beinwinkel, Langstreckenkomfort und Soziusbetrieb.',
    '["Ob die Sitzbank nach mehreren Stunden noch stützt oder einsinkt","Wie Beinwinkel und aufrechte Haltung beschrieben werden","Ob Solo- und Soziusbetrieb getrennt betrachtet werden"]'::jsonb,
    '["Kawasaki Versys 1000","Crossover Touring","Sozius"]'::jsonb,
    'Älterer LT-Test; Modelljahr und Sitzbankgeneration vor konkreten Empfehlungen prüfen.',
    'Als Quellen-/Video-Kandidat gespeichert; direkte Wiedergabe erst nach verifiziertem YouTube-ID.',
    '{"key":"kawasaki-versys-1000-rider-video-review","status":"source_page_video_candidate","topic":"Kawasaki Versys 1000 LT Komfort und Legroom","providerUrl":"https://ridermagazine.com/2015/08/20/video-review-kawasaki-versys-1000-lt/","youtubeVideoId":"","youtubeUrl":"","sourcePageUrl":"https://ridermagazine.com/2015/08/20/video-review-kawasaki-versys-1000-lt/","title":"Rider Magazine: Kawasaki Versys 1000 LT video review","channelName":"Rider Magazine","language":"en","duration":"","thumbnailUrl":"","fetchedDescription":"The Rider Magazine page includes a video review and describes generous legroom, upright seating and solo/two-up comfort.","editorSummary":"Relevanter Kandidat für Versys 1000: aufrechte Sitzposition, Beinwinkel, Langstreckenkomfort und Soziusbetrieb.","whatToLookFor":["Ob die Sitzbank nach mehreren Stunden noch stützt oder einsinkt","Wie Beinwinkel und aufrechte Haltung beschrieben werden","Ob Solo- und Soziusbetrieb getrennt betrachtet werden"],"fitFor":["Kawasaki Versys 1000","Crossover Touring","Sozius"],"riskNotes":"Älterer LT-Test; Modelljahr und Sitzbankgeneration vor konkreten Empfehlungen prüfen.","embedPolicy":"Als Quellen-/Video-Kandidat gespeichert; direkte Wiedergabe erst nach verifiziertem YouTube-ID.","links":[{"entityType":"motorcycle_profile","entityKey":"kawasaki-versys-1000","usage":"review_context","priority":1}]}'::jsonb,
    now()
  )
  ON CONFLICT (key) DO UPDATE SET
    status = EXCLUDED.status,
    topic = EXCLUDED.topic,
    provider = EXCLUDED.provider,
    provider_video_id = EXCLUDED.provider_video_id,
    provider_url = EXCLUDED.provider_url,
    embed_url = EXCLUDED.embed_url,
    source_page_url = EXCLUDED.source_page_url,
    title = EXCLUDED.title,
    channel_name = EXCLUDED.channel_name,
    language_code = EXCLUDED.language_code,
    duration = EXCLUDED.duration,
    thumbnail_url = EXCLUDED.thumbnail_url,
    fetched_description = EXCLUDED.fetched_description,
    editor_summary = EXCLUDED.editor_summary,
    what_to_look_for = EXCLUDED.what_to_look_for,
    fit_for = EXCLUDED.fit_for,
    risk_notes = EXCLUDED.risk_notes,
    embed_policy = EXCLUDED.embed_policy,
    source_data = EXCLUDED.source_data,
    updated_at = now();
INSERT INTO content_video_links (
      video_key, entity_type, entity_key, usage, priority, notes
    )
    VALUES (
      'kawasaki-versys-1000-rider-video-review',
      'motorcycle_profile',
      'kawasaki-versys-1000',
      'review_context',
      1,
      NULL
    )
    ON CONFLICT (video_key, entity_type, entity_key, usage) DO UPDATE SET
      priority = EXCLUDED.priority,
      notes = EXCLUDED.notes;
INSERT INTO video_resources (
    key, status, topic, provider, provider_video_id, provider_url, embed_url,
    source_page_url, title, channel_name, language_code, duration, thumbnail_url,
    fetched_description, editor_summary, what_to_look_for, fit_for, risk_notes,
    embed_policy, source_data, updated_at
  )
  VALUES (
    'suzuki-vstrom-1050-rideout-video-candidate',
    'source_page_video_candidate',
    'Suzuki V-Strom 1050 Touring-Kontext',
    'youtube',
    NULL,
    'https://www.suzuki.nl/motoren/over-suzuki-motoren/suzuki-ride-out/vstrom1050-la-fuente/',
    NULL,
    'https://www.suzuki.nl/motoren/over-suzuki-motoren/suzuki-ride-out/vstrom1050-la-fuente/',
    'Suzuki Ride Out: V-Strom 1050 La Fuente',
    'Suzuki Netherlands',
    'nl',
    NULL,
    NULL,
    'Suzuki Netherlands publishes a Ride Out video page for the V-Strom 1050.',
    'Modellkontext für V-Strom 1050. Sitzrelevanz muss noch manuell geprüft werden: Haltung, Touring-Einsatz, Sitzhöhe und Winddruck.',
    '["Ob die Fahrhaltung touristisch oder sportlich wirkt","Ob Sitzhöhe, Windschutz oder Langstrecke sichtbar/erwähnt werden","Welche Aussagen reine Herstellerinszenierung sind"]'::jsonb,
    '["Suzuki V-Strom 1050","Touring-Kontext","OEM-Kontext"]'::jsonb,
    'Herstellerinhalt ist nicht neutral. Nur als Modell-/Nutzungskontext verwenden.',
    'Als Quellen-/Video-Kandidat gespeichert; direkte Wiedergabe erst nach verifiziertem YouTube-ID.',
    '{"key":"suzuki-vstrom-1050-rideout-video-candidate","status":"source_page_video_candidate","topic":"Suzuki V-Strom 1050 Touring-Kontext","providerUrl":"https://www.suzuki.nl/motoren/over-suzuki-motoren/suzuki-ride-out/vstrom1050-la-fuente/","youtubeVideoId":"","youtubeUrl":"","sourcePageUrl":"https://www.suzuki.nl/motoren/over-suzuki-motoren/suzuki-ride-out/vstrom1050-la-fuente/","title":"Suzuki Ride Out: V-Strom 1050 La Fuente","channelName":"Suzuki Netherlands","language":"nl","duration":"","thumbnailUrl":"","fetchedDescription":"Suzuki Netherlands publishes a Ride Out video page for the V-Strom 1050.","editorSummary":"Modellkontext für V-Strom 1050. Sitzrelevanz muss noch manuell geprüft werden: Haltung, Touring-Einsatz, Sitzhöhe und Winddruck.","whatToLookFor":["Ob die Fahrhaltung touristisch oder sportlich wirkt","Ob Sitzhöhe, Windschutz oder Langstrecke sichtbar/erwähnt werden","Welche Aussagen reine Herstellerinszenierung sind"],"fitFor":["Suzuki V-Strom 1050","Touring-Kontext","OEM-Kontext"],"riskNotes":"Herstellerinhalt ist nicht neutral. Nur als Modell-/Nutzungskontext verwenden.","embedPolicy":"Als Quellen-/Video-Kandidat gespeichert; direkte Wiedergabe erst nach verifiziertem YouTube-ID.","links":[{"entityType":"motorcycle_profile","entityKey":"suzuki-v-strom-1050","usage":"oem_context","priority":1}]}'::jsonb,
    now()
  )
  ON CONFLICT (key) DO UPDATE SET
    status = EXCLUDED.status,
    topic = EXCLUDED.topic,
    provider = EXCLUDED.provider,
    provider_video_id = EXCLUDED.provider_video_id,
    provider_url = EXCLUDED.provider_url,
    embed_url = EXCLUDED.embed_url,
    source_page_url = EXCLUDED.source_page_url,
    title = EXCLUDED.title,
    channel_name = EXCLUDED.channel_name,
    language_code = EXCLUDED.language_code,
    duration = EXCLUDED.duration,
    thumbnail_url = EXCLUDED.thumbnail_url,
    fetched_description = EXCLUDED.fetched_description,
    editor_summary = EXCLUDED.editor_summary,
    what_to_look_for = EXCLUDED.what_to_look_for,
    fit_for = EXCLUDED.fit_for,
    risk_notes = EXCLUDED.risk_notes,
    embed_policy = EXCLUDED.embed_policy,
    source_data = EXCLUDED.source_data,
    updated_at = now();
INSERT INTO content_video_links (
      video_key, entity_type, entity_key, usage, priority, notes
    )
    VALUES (
      'suzuki-vstrom-1050-rideout-video-candidate',
      'motorcycle_profile',
      'suzuki-v-strom-1050',
      'oem_context',
      1,
      NULL
    )
    ON CONFLICT (video_key, entity_type, entity_key, usage) DO UPDATE SET
      priority = EXCLUDED.priority,
      notes = EXCLUDED.notes;
INSERT INTO video_resources (
    key, status, topic, provider, provider_video_id, provider_url, embed_url,
    source_page_url, title, channel_name, language_code, duration, thumbnail_url,
    fetched_description, editor_summary, what_to_look_for, fit_for, risk_notes,
    embed_policy, source_data, updated_at
  )
  VALUES (
    'yamaha-mt07-motorcyclist-review-video',
    'source_page_video_candidate',
    'Yamaha MT-07 Alltag und Komfort',
    'youtube',
    NULL,
    'https://www.motorcyclistonline.com/story/reviews/2021-yamaha-mt-07/',
    NULL,
    'https://www.motorcyclistonline.com/story/reviews/2021-yamaha-mt-07/',
    'Motorcyclist: 2021 Yamaha MT-07 review',
    'Motorcyclist',
    'en',
    NULL,
    NULL,
    'The Motorcyclist review page references related road-test and MC Commute video content for the MT-07.',
    'Nützlich als Kandidat für MT-07: Alltag, kurze Fahrten, Sitzkomfort und Budget-Naked-Bike-Erwartung.',
    '["Wann der Sitz auf kurzen und mittleren Fahrten unangenehm wird","Ob die Sitzneigung oder dünne Polsterung erwähnt wird","Welche Aussagen für Einsteiger und Stadt/Landstraße relevant sind"]'::jsonb,
    '["Yamaha MT-07","Naked Bike","Budget-Komfort"]'::jsonb,
    'Review ist kein Sitzbank-Spezialvideo. Komfortaussagen nur als Kontext übernehmen.',
    'Als Quellen-/Video-Kandidat gespeichert; direkte Wiedergabe erst nach verifiziertem YouTube-ID.',
    '{"key":"yamaha-mt07-motorcyclist-review-video","status":"source_page_video_candidate","topic":"Yamaha MT-07 Alltag und Komfort","providerUrl":"https://www.motorcyclistonline.com/story/reviews/2021-yamaha-mt-07/","youtubeVideoId":"","youtubeUrl":"","sourcePageUrl":"https://www.motorcyclistonline.com/story/reviews/2021-yamaha-mt-07/","title":"Motorcyclist: 2021 Yamaha MT-07 review","channelName":"Motorcyclist","language":"en","duration":"","thumbnailUrl":"","fetchedDescription":"The Motorcyclist review page references related road-test and MC Commute video content for the MT-07.","editorSummary":"Nützlich als Kandidat für MT-07: Alltag, kurze Fahrten, Sitzkomfort und Budget-Naked-Bike-Erwartung.","whatToLookFor":["Wann der Sitz auf kurzen und mittleren Fahrten unangenehm wird","Ob die Sitzneigung oder dünne Polsterung erwähnt wird","Welche Aussagen für Einsteiger und Stadt/Landstraße relevant sind"],"fitFor":["Yamaha MT-07","Naked Bike","Budget-Komfort"],"riskNotes":"Review ist kein Sitzbank-Spezialvideo. Komfortaussagen nur als Kontext übernehmen.","embedPolicy":"Als Quellen-/Video-Kandidat gespeichert; direkte Wiedergabe erst nach verifiziertem YouTube-ID.","links":[{"entityType":"motorcycle_profile","entityKey":"yamaha-mt-07","usage":"review_context","priority":1}]}'::jsonb,
    now()
  )
  ON CONFLICT (key) DO UPDATE SET
    status = EXCLUDED.status,
    topic = EXCLUDED.topic,
    provider = EXCLUDED.provider,
    provider_video_id = EXCLUDED.provider_video_id,
    provider_url = EXCLUDED.provider_url,
    embed_url = EXCLUDED.embed_url,
    source_page_url = EXCLUDED.source_page_url,
    title = EXCLUDED.title,
    channel_name = EXCLUDED.channel_name,
    language_code = EXCLUDED.language_code,
    duration = EXCLUDED.duration,
    thumbnail_url = EXCLUDED.thumbnail_url,
    fetched_description = EXCLUDED.fetched_description,
    editor_summary = EXCLUDED.editor_summary,
    what_to_look_for = EXCLUDED.what_to_look_for,
    fit_for = EXCLUDED.fit_for,
    risk_notes = EXCLUDED.risk_notes,
    embed_policy = EXCLUDED.embed_policy,
    source_data = EXCLUDED.source_data,
    updated_at = now();
INSERT INTO content_video_links (
      video_key, entity_type, entity_key, usage, priority, notes
    )
    VALUES (
      'yamaha-mt07-motorcyclist-review-video',
      'motorcycle_profile',
      'yamaha-mt-07',
      'review_context',
      1,
      NULL
    )
    ON CONFLICT (video_key, entity_type, entity_key, usage) DO UPDATE SET
      priority = EXCLUDED.priority,
      notes = EXCLUDED.notes;
INSERT INTO video_resources (
    key, status, topic, provider, provider_video_id, provider_url, embed_url,
    source_page_url, title, channel_name, language_code, duration, thumbnail_url,
    fetched_description, editor_summary, what_to_look_for, fit_for, risk_notes,
    embed_policy, source_data, updated_at
  )
  VALUES (
    'bmw-r1300gs-option719-comfort-candidate',
    'source_page_video_candidate',
    'BMW R 1300 GS Option 719 Komfortsitze',
    'youtube',
    NULL,
    'https://www.bmwmotorcycles.com/en/models/adventure/r1300gs/option719-biscaya.html',
    NULL,
    'https://www.bmwmotorcycles.com/en/models/adventure/r1300gs/option719-biscaya.html',
    'BMW Motorrad: R 1300 GS Option 719 comfort equipment',
    'BMW Motorrad',
    'en',
    NULL,
    NULL,
    'The page includes a Play Video area and describes comfort seats, comfort passenger footrests and seat heating.',
    'Guter OEM-Kandidat für Premium-Konfigurationen: Komfortsitze, Soziuskomfort und Sitzheizung als Ausstattungslogik.',
    '["Wie BMW Komfortsitze in Paketen positioniert","Welche Rolle Soziusfußrasten und Sitzheizung spielen","Welche Angaben später in OEM-Sitzoptionen übernommen werden können"]'::jsonb,
    '["BMW R 1300 GS","OEM-Komfortpaket","Sitzheizung"]'::jsonb,
    'Herstellerseite ist keine unabhängige Komfortbewertung; als Datenquelle markieren.',
    'Als Quellen-/Video-Kandidat gespeichert; direkte Wiedergabe erst nach verifiziertem YouTube-ID.',
    '{"key":"bmw-r1300gs-option719-comfort-candidate","status":"source_page_video_candidate","topic":"BMW R 1300 GS Option 719 Komfortsitze","providerUrl":"https://www.bmwmotorcycles.com/en/models/adventure/r1300gs/option719-biscaya.html","youtubeVideoId":"","youtubeUrl":"","sourcePageUrl":"https://www.bmwmotorcycles.com/en/models/adventure/r1300gs/option719-biscaya.html","title":"BMW Motorrad: R 1300 GS Option 719 comfort equipment","channelName":"BMW Motorrad","language":"en","duration":"","thumbnailUrl":"","fetchedDescription":"The page includes a Play Video area and describes comfort seats, comfort passenger footrests and seat heating.","editorSummary":"Guter OEM-Kandidat für Premium-Konfigurationen: Komfortsitze, Soziuskomfort und Sitzheizung als Ausstattungslogik.","whatToLookFor":["Wie BMW Komfortsitze in Paketen positioniert","Welche Rolle Soziusfußrasten und Sitzheizung spielen","Welche Angaben später in OEM-Sitzoptionen übernommen werden können"],"fitFor":["BMW R 1300 GS","OEM-Komfortpaket","Sitzheizung"],"riskNotes":"Herstellerseite ist keine unabhängige Komfortbewertung; als Datenquelle markieren.","embedPolicy":"Als Quellen-/Video-Kandidat gespeichert; direkte Wiedergabe erst nach verifiziertem YouTube-ID.","links":[{"entityType":"motorcycle_profile","entityKey":"bmw-r-1300-gs","usage":"oem_context","priority":3}]}'::jsonb,
    now()
  )
  ON CONFLICT (key) DO UPDATE SET
    status = EXCLUDED.status,
    topic = EXCLUDED.topic,
    provider = EXCLUDED.provider,
    provider_video_id = EXCLUDED.provider_video_id,
    provider_url = EXCLUDED.provider_url,
    embed_url = EXCLUDED.embed_url,
    source_page_url = EXCLUDED.source_page_url,
    title = EXCLUDED.title,
    channel_name = EXCLUDED.channel_name,
    language_code = EXCLUDED.language_code,
    duration = EXCLUDED.duration,
    thumbnail_url = EXCLUDED.thumbnail_url,
    fetched_description = EXCLUDED.fetched_description,
    editor_summary = EXCLUDED.editor_summary,
    what_to_look_for = EXCLUDED.what_to_look_for,
    fit_for = EXCLUDED.fit_for,
    risk_notes = EXCLUDED.risk_notes,
    embed_policy = EXCLUDED.embed_policy,
    source_data = EXCLUDED.source_data,
    updated_at = now();
INSERT INTO content_video_links (
      video_key, entity_type, entity_key, usage, priority, notes
    )
    VALUES (
      'bmw-r1300gs-option719-comfort-candidate',
      'motorcycle_profile',
      'bmw-r-1300-gs',
      'oem_context',
      3,
      NULL
    )
    ON CONFLICT (video_key, entity_type, entity_key, usage) DO UPDATE SET
      priority = EXCLUDED.priority,
      notes = EXCLUDED.notes;
INSERT INTO import_runs (label, row_counts)
VALUES ('json seed import', '{"languages":12,"countries":13,"country_languages":16,"ui_translations":51,"motorcycles":19,"solution_paths":5,"product_categories":6,"seat_options":10,"seat_manufacturers":14,"seat_products":16,"seat_product_fitments":18,"research_sources":3,"technical_profiles":19,"seat_materials":13,"workshop_tools":13,"workshop_supplies":13,"buying_channels":5,"media_assets":39,"content_media_links":127,"video_resources":13,"content_video_links":22}'::jsonb);
COMMIT;
